horizon,round,train_rmse,validation_rmse
1,1,19.470315784765553,24.868283740313867
1,2,18.760086114915897,23.986069340395737
1,3,18.080862936508225,23.143231587482557
1,4,17.42933611842602,22.335521738879926
1,5,16.804635005407007,21.565594550388077
1,6,16.206270189761607,20.82015923067195
1,7,15.630794083502762,20.102411099476804
1,8,15.081087493782032,19.417055426719912
1,9,14.553191991166846,18.765951181516595
1,10,14.047217172497918,18.1357069369167
1,11,13.593003265897977,17.692486415439753
1,12,13.130978670325574,17.116769506826948
1,13,12.687276897360316,16.567257506010026
1,14,12.289313737442574,16.21167491883907
1,15,11.883791692419566,15.70603981368951
1,16,11.494671638798781,15.220272004621954
1,17,11.123217568263147,14.756686670748886
1,18,10.768059611647752,14.31994008570962
1,19,10.432042466675009,13.905762853013586
1,20,10.109180319777618,13.502814696900794
1,21,9.800008841380304,13.11928318822114
1,22,9.505905259906228,12.754949475650903
1,23,9.226694738249464,12.40670245761796
1,24,8.960754373929348,12.07564680597462
1,25,8.705763088427094,11.76083207686763
1,26,8.46395349405058,11.458740239767968
1,27,8.248104162987046,11.257413312053279
1,28,8.024450211175516,10.976830087332868
1,29,7.82851875060041,10.79166328099936
1,30,7.626513967786938,10.540536918465266
1,31,7.434308360649522,10.297320313202407
1,32,7.251221268559194,10.064016710344896
1,33,7.079789861163417,9.847269756659369
1,34,6.913826953495706,9.639773159233068
1,35,6.75409351375186,9.44222999867298
1,36,6.617253646396857,9.268571903283874
1,37,6.473277066696467,9.09311568906528
1,38,6.336451254273488,8.914660911626246
1,39,6.206534216284915,8.749314841338098
1,40,6.083286840559491,8.598665391245786
1,41,5.965114028083855,8.452044317859416
1,42,5.865615076801193,8.34550368453379
1,43,5.7585729078045444,8.2131405074234
1,44,5.6578811804900155,8.087692991048774
1,45,5.570166981718204,8.001356901418166
1,46,5.479823648089054,7.886024834314542
1,47,5.394873117672733,7.777668548450463
1,48,5.310160852861191,7.659950835441708
1,49,5.22997294272689,7.54572642482449
1,50,5.156894925457657,7.45301255016121
1,51,5.087369805682701,7.354990625552422
1,52,5.019526612152078,7.2664902438410435
1,53,4.9574369988357825,7.189076031188983
1,54,4.898197211674833,7.106041122813132
1,55,4.843054518285674,7.033187206756918
1,56,4.78592028466246,6.948388266466463
1,57,4.733714408002145,6.879084274719542
1,58,4.683699874001258,6.80563710400196
1,59,4.6373159808898325,6.735733038850657
1,60,4.593321344767602,6.673129090944924
1,61,4.551396809830457,6.610920283290447
1,62,4.512402825017865,6.559227720236371
1,63,4.474421931472874,6.509741595311929
1,64,4.438893487593581,6.454916545810753
1,65,4.403084391568116,6.404103644583476
1,66,4.370374249031096,6.355684682044792
1,67,4.338121709235871,6.312931885621603
1,68,4.308171433828559,6.271682440751564
1,69,4.279169960669007,6.23201012464336
1,70,4.252468608290716,6.197632935758233
1,71,4.225287803452262,6.152159784536302
1,72,4.2007161326158515,6.118237614419403
1,73,4.177038340492689,6.086531088928967
1,74,4.155372603537183,6.0572324020240655
1,75,4.133022351080286,6.015506044888453
1,76,4.112737156694574,5.9865076144103435
1,77,4.0931426603704315,5.962803400250107
1,78,4.074012024707804,5.9336946646839825
1,79,4.054361812800609,5.909615605999478
1,80,4.036548964388794,5.883085685302001
1,81,4.020140259279706,5.848762640054478
1,82,4.003837902698598,5.827536787388637
1,83,3.9865466407521617,5.801770778780559
1,84,3.970273411652851,5.776500528212837
1,85,3.9536484401109084,5.752636185547401
1,86,3.9390181580630466,5.731898816109654
1,87,3.9238682319744123,5.710244597114211
1,88,3.910568938031804,5.682505919402246
1,89,3.8979476536852458,5.664871063090282
1,90,3.8853374340656486,5.6463598873855885
1,91,3.8724166035276473,5.628486570729841
1,92,3.859747717976972,5.60389965969467
1,93,3.8478336654137246,5.587305971676646
1,94,3.83696766972617,5.568546457120838
1,95,3.8267183341381,5.555141628252088
1,96,3.816108069468385,5.544874200182898
1,97,3.8053780475506573,5.532604132121547
1,98,3.794523579770078,5.511201674737842
1,99,3.785267958563572,5.497580892752603
1,100,3.7765853836604606,5.479326640829536
1,101,3.768302846883813,5.46124393720805
1,102,3.7593402969125354,5.44828533084045
1,103,3.750586885167288,5.436432643119189
1,104,3.7430718730261465,5.413252094521683
1,105,3.734841426471738,5.406972737457457
1,106,3.727330685220036,5.395561252672685
1,107,3.7208788590475406,5.3730802024034885
1,108,3.7141706386658533,5.360035246607745
1,109,3.707026893549627,5.349769932940324
1,110,3.7004943409332998,5.339908027081358
1,111,3.6947058996674604,5.32218951078214
1,112,3.688962859054511,5.304725765200061
1,113,3.681210138870486,5.288900987722164
1,114,3.674869572648501,5.280333566131557
1,115,3.6691410075527466,5.272451302112134
1,116,3.6630211843538976,5.267652299167825
1,117,3.657863608705153,5.260302205318513
1,118,3.6533265296090307,5.246997643219009
1,119,3.648374409253348,5.2392264538663325
1,120,3.641078741312656,5.2328917292013255
1,121,3.634501266580463,5.222104309406424
1,122,3.6299080600977685,5.21808934670923
1,123,3.62288378321489,5.207951460115233
1,124,3.6188799868038592,5.198826975298384
1,125,3.6128507704490205,5.191120528859519
1,126,3.608685662990319,5.188133611107381
1,127,3.602354473279239,5.181698441907808
1,128,3.5989673783505536,5.170660286669929
1,129,3.5939031359913307,5.162495314226344
1,130,3.5878652598168497,5.15422935178263
1,131,3.5843724233138516,5.149099212580196
1,132,3.5805522778992103,5.1439180499205674
1,133,3.5761770721023205,5.1371707332944085
1,134,3.5712151796587706,5.13228910994968
1,135,3.566262038892938,5.12534726278647
1,136,3.563177053354283,5.120272892130503
1,137,3.5602677035479067,5.11608713285009
1,138,3.5568105563306855,5.1119335949162
1,139,3.553423142766459,5.105480616014931
1,140,3.5504968297553794,5.105129998692232
1,141,3.5477655385873885,5.103061913781599
1,142,3.5441705780330266,5.097572913180022
1,143,3.540640818005658,5.095119787862752
1,144,3.5371182499674583,5.091299126735425
1,145,3.5336976633083785,5.081700013160597
1,146,3.5302415661337423,5.0786773829990555
1,147,3.5270616234224366,5.07122038756556
1,148,3.5242627798933532,5.066557698520766
1,149,3.5200299406673863,5.0596367238978575
1,150,3.5158446409191275,5.056009426870828
1,151,3.512371704989805,5.054432650171624
1,152,3.5090577298264223,5.048404764380595
1,153,3.5069020044488326,5.044423668357754
1,154,3.5044896373507024,5.042735040168733
1,155,3.5012326976992787,5.0395104202021095
1,156,3.499238179530634,5.03559691624227
1,157,3.4961329124236022,5.030266375395781
1,158,3.492050718792939,5.026519168809595
1,159,3.4899004203553257,5.026232531355111
1,160,3.487092745313941,5.019689474899897
1,161,3.4842935938010275,5.01702833243093
1,162,3.4811836752410947,5.013508804203942
1,163,3.478255529809781,5.008226348185794
1,164,3.4753923950590875,5.00549874869034
1,165,3.473078997877018,5.000665188407318
1,166,3.470433345462696,4.998042716233146
1,167,3.4682791931469494,4.996185731544868
1,168,3.4660947509576223,4.994325541793936
1,169,3.4637940659914372,4.992651105878425
1,170,3.461454281662331,4.991040090264056
1,171,3.4590547116574877,4.988204070711694
1,172,3.456503865080521,4.9831280557837045
1,173,3.454793511083101,4.9791231949047825
1,174,3.452453840145503,4.977692021850011
1,175,3.4508078418486035,4.975591636481028
1,176,3.449023306389687,4.973047898979583
1,177,3.4469935789226627,4.974044168891403
1,178,3.4446708197632243,4.972751037996604
1,179,3.442246567969107,4.969897671211843
1,180,3.439767102642201,4.969184177032556
1,181,3.437582596367647,4.971137553685275
1,182,3.4358641768173213,4.969667155071621
1,183,3.4342329446441915,4.968248284919834
1,184,3.432228083907557,4.96626994332925
1,185,3.430363446396036,4.965122171350434
1,186,3.4285665834053836,4.964719867879817
1,187,3.426450653752681,4.962719635131681
1,188,3.424858921672861,4.961009299229732
1,189,3.4214112419502176,4.9556886100621576
1,190,3.4203916910680907,4.955103402760427
1,191,3.418208103570181,4.954955855417748
1,192,3.416531156097987,4.9519683211457455
1,193,3.415341068030797,4.950832606936987
1,194,3.4139019393677295,4.948113551024218
1,195,3.412086844175803,4.9480020443025525
1,196,3.410659145971164,4.947216298859712
1,197,3.4084688440827886,4.945613889181896
1,198,3.4071085393565026,4.943603991448195
1,199,3.4055130077937403,4.943291566951772
1,200,3.403984802014731,4.9408635825597855
1,201,3.4028151468947145,4.939450454847051
1,202,3.401695963509389,4.938257820376277
1,203,3.399856587323836,4.937243921617158
1,204,3.3983058166415234,4.935951403489033
1,205,3.3972157330878905,4.9432997864359765
1,206,3.3953028119532167,4.9432866593740785
1,207,3.3934677683891508,4.941520504881091
1,208,3.3916835283033064,4.93885541135447
1,209,3.3903761141091717,4.937314367707031
1,210,3.389308302870643,4.937713106331254
1,211,3.3879258771649043,4.936539457778283
1,212,3.386316703685162,4.9342534663517155
1,213,3.384789498836996,4.932957937024055
1,214,3.3827050246518016,4.929853494627971
1,215,3.3807420692773213,4.929006082308021
1,216,3.379305572996463,4.928642697497002
1,217,3.377616240394961,4.9290831365698695
1,218,3.37604643113159,4.927856526361922
1,219,3.3750006852118455,4.936656613505424
1,220,3.3738229417241863,4.941713648184533
1,221,3.3719313502346204,4.938043661678988
1,222,3.370543438599968,4.93750009079176
1,223,3.3695000823893966,4.93654662299335
1,224,3.368065503151827,4.934115619580285
1,225,3.36517185272796,4.932931846933074
1,226,3.363521598697944,4.933186168126932
1,227,3.3623105756873928,4.932119021349512
1,228,3.3607037473388797,4.931682183938264
1,229,3.3598190596163002,4.931010321975693
1,230,3.3586465774319536,4.930238259313794
1,231,3.357500336781277,4.928617608196422
1,232,3.355678910088345,4.926088116707725
1,233,3.354454394296922,4.923891913853392
1,234,3.3527564141005497,4.923634034905356
1,235,3.3510761292145115,4.922500503520591
1,236,3.3500712071244227,4.92210462025468
1,237,3.349091232625916,4.921177302899624
1,238,3.348218061059227,4.920001818006629
1,239,3.3471125667420725,4.919035306876734
1,240,3.3458368159655976,4.917219237305165
1,241,3.3448548118830193,4.917072042832756
1,242,3.3438083886883216,4.915936505371784
1,243,3.343020004979473,4.915119406363246
1,244,3.3411003405969057,4.912599703254573
1,245,3.3398161430846875,4.912678044738779
1,246,3.338958976663403,4.910880302200133
1,247,3.338192197668959,4.9104043901793375
1,248,3.336961360723732,4.909657870758174
1,249,3.33578198925941,4.906371989090602
1,250,3.3347190631655477,4.905780312060126
1,251,3.3340258347852827,4.905896997211122
1,252,3.3328887573427064,4.90553996062192
1,253,3.331567304090402,4.906248100097361
1,254,3.330649413415646,4.905795975945365
1,255,3.3293121627457976,4.904460131586698
1,256,3.32830772866333,4.9034691498406975
1,257,3.3266214938307783,4.9166932685606595
1,258,3.3256723628477713,4.915980291700596
1,259,3.323574264194274,4.913637760643011
1,260,3.3227575251572143,4.912770604712893
1,261,3.321098702222715,4.910869961646861
1,262,3.3201577480896347,4.911050072046032
1,263,3.319267679718732,4.910333959690074
1,264,3.3172237075469693,4.907683648802701
1,265,3.3158109373159377,4.90668606266267
1,266,3.3148704747925737,4.908217543874974
1,267,3.3142834668941608,4.907953888384762
1,268,3.3131196676048384,4.90845387698883
1,269,3.311866181208907,4.906065000033691
1,270,3.3111739671653155,4.90600150275228
1,271,3.3098867796257276,4.906317558634126
1,272,3.308779666657926,4.9059344554198265
1,273,3.307685824499187,4.904969359597186
1,274,3.3068889862242834,4.904612276875756
1,275,3.306143887555467,4.904525570552889
1,276,3.3047773510320275,4.90378850556831
1,277,3.3039213214587475,4.903202718882301
1,278,3.302895623401963,4.902230317437694
1,279,3.3018621768168863,4.901415256820849
1,280,3.3009597414131546,4.9009862983305315
1,281,3.299550731901505,4.899381463301868
1,282,3.297987999641496,4.896671872856063
1,283,3.297365561087187,4.8958653084273465
1,284,3.2968173589705967,4.895469509805513
1,285,3.295112025253156,4.893013184981779
1,286,3.29396108155262,4.89124859110761
1,287,3.2930789226086365,4.890257016169338
1,288,3.29116662064008,4.888334409623583
1,289,3.2907305473900577,4.888299034861576
1,290,3.2900566092625856,4.887530852340852
1,291,3.2887165708389188,4.885097845007068
1,292,3.287952698984116,4.883492202214202
1,293,3.286840458605398,4.883059735323242
1,294,3.2859166813753613,4.8828662599083215
1,295,3.285053708035217,4.882779475904068
1,296,3.284331409961748,4.881736640799819
1,297,3.2839505740699515,4.8812639361704075
1,298,3.283318266529276,4.88222603063101
1,299,3.282233046243657,4.88152286952718
1,300,3.281263233581747,4.877983558083711
1,301,3.279928912940508,4.876987730335103
1,302,3.279154588489182,4.8859752451256915
1,303,3.2780960267149166,4.8830159819744985
1,304,3.2773385385454055,4.890687023026149
1,305,3.276345186603026,4.8876725175221605
1,306,3.275487829169423,4.887710352297888
1,307,3.2748238865669084,4.886123773135904
1,308,3.2739017940419384,4.8855039825957025
1,309,3.272740599280825,4.885152172352204
1,310,3.2720451363578134,4.885370332909003
1,311,3.2708195197202476,4.884887813282328
1,312,3.2694451890444216,4.881817833360252
1,313,3.2671936145218203,4.879355780040514
1,314,3.26642805070402,4.8796629505652795
1,315,3.265614530018496,4.879607256828266
1,316,3.2648860324956663,4.879311462388586
1,317,3.264131514753428,4.878250056581151
1,318,3.263266108079897,4.877498524801682
1,319,3.26290081582346,4.877354467002968
1,320,3.2619923074222124,4.876648630405373
1,321,3.261199319324119,4.875380744201662
1,322,3.260288297464413,4.876446761818257
1,323,3.259418017272694,4.874433226698725
1,324,3.2587877051641128,4.874432778061044
1,325,3.2580298125453826,4.874407057985917
1,326,3.2574663911120854,4.874333546971825
1,327,3.256577285883685,4.872814612535237
1,328,3.2558508696390183,4.872805134725312
1,329,3.25552247621513,4.872659722048082
1,330,3.2546769097689854,4.871822590963287
1,331,3.253774802772947,4.871334949541557
1,332,3.2528351808466267,4.870413918313815
1,333,3.2519806456025124,4.869074698445163
1,334,3.2513467847911954,4.868659502096018
1,335,3.2508695920497015,4.868405530345557
1,336,3.250086957684562,4.867696135408853
1,337,3.249472588648051,4.867238830106929
1,338,3.2488160948876397,4.867321075451884
1,339,3.2481724062229596,4.867588478639997
1,340,3.247484974015316,4.867167032622583
1,341,3.2467474670014433,4.866580025241429
1,342,3.245695129662175,4.86503201363715
1,343,3.244986499351312,4.863937949097895
1,344,3.2440628317266564,4.864031358097959
1,345,3.243169689628032,4.863837358501713
1,346,3.2412465303275817,4.861696324515914
1,347,3.2400960677396613,4.861219246383096
1,348,3.2395062841353552,4.859945851590399
1,349,3.2389791597907425,4.859461455288893
1,350,3.238338850462618,4.859052187275675
1,351,3.236487290224449,4.857052828967441
1,352,3.236234243570725,4.856685732488947
1,353,3.234624383707717,4.8572794311937635
1,354,3.2338488481762524,4.857324296690195
1,355,3.232926267739078,4.855901902941654
1,356,3.2324227207404563,4.855606877165362
1,357,3.2319356931582335,4.855264199823129
1,358,3.23120910329497,4.854377769920949
1,359,3.230613152795191,4.853123282953038
1,360,3.228436928054832,4.8507023109412195
1,361,3.227582565623311,4.848971257424593
1,362,3.226659884297425,4.8488250344690496
1,363,3.2261756906454857,4.84815523477069
1,364,3.2251314392487087,4.847843742900763
1,365,3.224524549102695,4.84715402722668
1,366,3.223951533017921,4.846644602403632
1,367,3.2230775416123767,4.846800874928415
1,368,3.222795851032257,4.845929041716369
1,369,3.2222264208440365,4.845843464465963
1,370,3.221650717165227,4.845230402327939
1,371,3.2210407974675097,4.845219931521087
1,372,3.220390331012463,4.845241059973728
1,373,3.219710017709478,4.84438628464674
1,374,3.2191414554494915,4.844155746091826
1,375,3.2180374326657954,4.845417797886487
1,376,3.2175419804869247,4.844972767049076
1,377,3.216822592708464,4.844588433044101
1,378,3.21607091710144,4.844296778203163
1,379,3.2153029242287654,4.844102343965107
1,380,3.2147052570610333,4.843357573791568
1,381,3.2141695626035807,4.842876997322472
1,382,3.213219046397532,4.841475202708533
1,383,3.212454995783583,4.839575912281625
1,384,3.211901491304791,4.838052230525503
1,385,3.211456108968671,4.83795468952401
1,386,3.2108915509815685,4.83755122589814
1,387,3.210266632660535,4.83694482803717
1,388,3.209695290923454,4.836136799274914
1,389,3.209070893099083,4.836552163942393
1,390,3.2083507483102625,4.8362225077996595
1,391,3.2078313048273785,4.836158497361625
1,392,3.207217420750181,4.836312903317037
1,393,3.2066343909607564,4.836366014597985
1,394,3.2060368572089253,4.836805500869279
1,395,3.205136019761615,4.835327074144956
1,396,3.2045864073630437,4.834624189413517
1,397,3.2039138332044006,4.833950117432709
1,398,3.2028134895661933,4.833126719484498
1,399,3.2026250202280804,4.833309228847952
1,400,3.202111036067145,4.832103849745148
1,401,3.2015613355995427,4.83226319070206
1,402,3.200987318885636,4.832623546478701
1,403,3.200196617837834,4.832505153573773
1,404,3.1996212392402184,4.833628901851921
1,405,3.199021307441743,4.833397795044425
1,406,3.1980106097293346,4.832367013874721
1,407,3.1973153264285745,4.8319697101998855
1,408,3.196422098137341,4.831296987364493
1,409,3.195087474387251,4.8316012607458605
1,410,3.1946270606835423,4.83147073720909
1,411,3.1937205399328423,4.8313697479664235
1,412,3.192360656097612,4.828283773163765
1,413,3.1916640892233175,4.828808717561801
1,414,3.191282779132943,4.828389783288999
1,415,3.1907563741744136,4.828506462029669
1,416,3.189567744108816,4.827254844704501
1,417,3.1890115594720965,4.827228852752393
1,418,3.1884936167865896,4.827720026582405
1,419,3.1881078393805033,4.82791643307737
1,420,3.187139758025583,4.827058815236512
1,421,3.1856539434993922,4.825611533929838
1,422,3.184667039782947,4.824506254104191
1,423,3.183824775862376,4.82384597984779
1,424,3.182865398231667,4.823110474688973
1,425,3.1823044278050885,4.8229216674064475
1,426,3.1816494682961154,4.82224540568859
1,427,3.180912892889984,4.822799155005827
1,428,3.1802924525661687,4.821917771051878
1,429,3.1789805467980528,4.819755355598795
1,430,3.1781833603356557,4.819810480105401
1,431,3.1776066240080216,4.8183205301611025
1,432,3.1772752201343244,4.817183869248007
1,433,3.1758077128643696,4.816975812111141
1,434,3.1749182850529656,4.817186177701803
1,435,3.1744090439219264,4.818302567130476
1,436,3.1735372045266894,4.817515321711237
1,437,3.17298479065704,4.8169326008484115
1,438,3.1727112214330107,4.816663548197077
1,439,3.172272397559519,4.816430023728122
1,440,3.171621616445305,4.816801365055126
1,441,3.1706899104123756,4.816678376854842
1,442,3.1702462145108106,4.815429503912922
1,443,3.1696716032001646,4.815728377519227
1,444,3.168992800113159,4.814689738922585
1,445,3.167911576768911,4.814039912354568
1,446,3.1670921686606786,4.81316113462609
1,447,3.166598059747551,4.81241527508402
1,448,3.1662583441825762,4.812260573079541
1,449,3.16584597809984,4.812180894872007
1,450,3.1651558670381004,4.812196621216438
1,451,3.1639074180080438,4.810347764081675
1,452,3.163566547,4.810206869964033
1,453,3.163048345936928,4.8100146970796835
1,454,3.1628749786143073,4.809567708015251
1,455,3.162477345889315,4.8096486302854595
1,456,3.1621133109596307,4.809796229499816
1,457,3.161819176745449,4.80971266031207
1,458,3.1613230839626483,4.809181656689498
1,459,3.1609762299370914,4.80880210792484
1,460,3.1596801243577852,4.807402631322464
1,461,3.1589059198482197,4.807025716653541
1,462,3.157724061507641,4.805946689416897
1,463,3.157322551412529,4.805313313602708
1,464,3.1568762533503194,4.805203113792918
1,465,3.1564184517281113,4.804342683075715
1,466,3.155795761952523,4.803699336813764
1,467,3.1553542600227784,4.802963306637779
1,468,3.154504932710993,4.801908325857214
1,469,3.153324198944159,4.80144082153625
1,470,3.151887693593367,4.800296839838814
1,471,3.150984831803272,4.800198436027063
1,472,3.150648674548354,4.799392416264454
1,473,3.149412460359995,4.7970398441790225
1,474,3.1485861976640033,4.796525279712292
1,475,3.1480773820476067,4.795632633041687
1,476,3.1475783886568776,4.794889513277474
1,477,3.146937257884409,4.794736769445344
1,478,3.146077114539244,4.793317950290638
1,479,3.1448452544288648,4.79265339831978
1,480,3.1438186381576427,4.792083262978047
1,481,3.1434031467509493,4.791722037967859
1,482,3.143004897861692,4.791227036807575
1,483,3.142481890438722,4.789588349143317
1,484,3.141985033796517,4.789255565867729
1,485,3.141432269462746,4.789065258454703
1,486,3.140799190451535,4.789944427274116
1,487,3.14032695200827,4.789497645996206
1,488,3.1398033790480353,4.789071367166792
1,489,3.139482698282948,4.789340923785779
1,490,3.1391600140670213,4.788925961034821
1,491,3.1385631822967577,4.788824560178517
1,492,3.1381814813294198,4.788763793553008
1,493,3.137385513104485,4.788553904445574
1,494,3.136282905967414,4.787494151996884
1,495,3.1354604718854913,4.78755512624982
1,496,3.1348007655632126,4.784125897841958
1,497,3.134361322722265,4.784362145935816
1,498,3.1336292448393865,4.78345957485628
1,499,3.1328936830350917,4.783696344016031
1,500,3.132571436809909,4.7835354325161745
1,501,3.131811515899732,4.782980315531871
1,502,3.130902474964121,4.782847290492849
1,503,3.1302715201956492,4.782440836745119
1,504,3.1294453401050197,4.782440451768493
1,505,3.129033590287324,4.782690808170602
1,506,3.1284285597221713,4.782223470102742
1,507,3.1278601680020683,4.781130307205972
1,508,3.127060072820659,4.780900392484416
1,509,3.126312185489441,4.781038837331106
1,510,3.1258652595333793,4.780570917629804
1,511,3.1251001564346312,4.780243638848356
1,512,3.124775198745616,4.780376677147179
1,513,3.124303951433912,4.780601455747514
1,514,3.1238074531578346,4.780482181769117
1,515,3.123443095751316,4.780548507451173
1,516,3.1228655846406665,4.780526908618742
1,517,3.1220397063698937,4.780234064313864
1,518,3.1213316477224495,4.78001617819386
1,519,3.12063624367482,4.779006610418982
1,520,3.120234026960074,4.7788622986504805
1,521,3.1193295895824127,4.778008944651441
1,522,3.118727659449205,4.778424123104212
1,523,3.1184018461288794,4.7781147508381725
1,524,3.117897585497657,4.779401714765903
1,525,3.117402881975555,4.7786884692576495
1,526,3.117006584277312,4.778605811075272
1,527,3.11668497429456,4.778212700464217
1,528,3.1160999845565085,4.777902999163264
1,529,3.1153793697345216,4.77749697291774
1,530,3.114450050302715,4.776304275159761
1,531,3.1139481380715117,4.776019231442208
1,532,3.1136171822422525,4.775830374277246
1,533,3.113313145778067,4.777059473909125
1,534,3.112307461545913,4.776274769556178
1,535,3.1119199084606404,4.775627377921071
1,536,3.111539610778835,4.775630953482708
1,537,3.1112688427276374,4.775753490257491
1,538,3.1108308137207703,4.775765257393438
1,539,3.1104532237845754,4.7760998452670895
1,540,3.110014451632719,4.776051159827447
1,541,3.1095185873716327,4.776370734791563
1,542,3.108639570361071,4.775706278348481
1,543,3.1082704285949463,4.775604047011437
1,544,3.1076647890567077,4.774476624553191
1,545,3.107366857443958,4.774068402450937
1,546,3.1069720534420586,4.774368765565537
1,547,3.106716233393934,4.7737151701536655
1,548,3.1060199491980733,4.773137747748402
1,549,3.1053728363883724,4.772894527031427
1,550,3.1050715022562065,4.771989849916133
1,551,3.1049632808945837,4.771995113645869
1,552,3.104611065974839,4.772454928753161
1,553,3.1042520632829085,4.772590757560627
1,554,3.103794468131958,4.772574214749934
1,555,3.1032013169948627,4.771674057475959
1,556,3.102667954721725,4.770820295895397
1,557,3.102237677984162,4.770754428510774
1,558,3.1018538408755725,4.770606185153461
1,559,3.1008211777460817,4.769770296785937
1,560,3.1000624675027844,4.768933755071729
1,561,3.0995077091524585,4.7674334029885905
1,562,3.098919934929935,4.767220512167907
1,563,3.098554143752859,4.766843796325779
1,564,3.098179111457795,4.766999861523928
1,565,3.0972048541086554,4.7676046418318245
1,566,3.0966314186957287,4.766969368504595
1,567,3.095993989522234,4.766381171074836
1,568,3.095439138159072,4.76595698125079
1,569,3.0948929310220716,4.765619759971356
1,570,3.0939101814295844,4.7653477452257516
1,571,3.0934004753049025,4.764842329262655
1,572,3.0929530975763155,4.7638435651055495
1,573,3.0925213893875627,4.763777722482595
1,574,3.0921281125308213,4.763635586668411
1,575,3.0912834053876046,4.76348919311549
1,576,3.0907459921254516,4.763227956723955
1,577,3.0904371378196505,4.763223112358331
1,578,3.089486343906946,4.762951163468657
1,579,3.0888054476138804,4.762110434085741
1,580,3.088414331761082,4.761467929584582
1,581,3.088030891597176,4.761165399073111
1,582,3.0869446572507857,4.7601942684974
1,583,3.0861438253901854,4.75994815923521
1,584,3.0856600056502397,4.759843875890749
1,585,3.084898600496231,4.75994499812086
1,586,3.084541322961696,4.758918127941369
1,587,3.0841156158907506,4.758548587693834
1,588,3.083700380356715,4.75858650963176
1,589,3.0835152031962547,4.7589299831408605
1,590,3.083111009638333,4.758865611486893
1,591,3.0826419249280175,4.758557837852053
1,592,3.082224442595952,4.758170397451943
1,593,3.081593605143451,4.7575288199551995
1,594,3.081219287312411,4.757294464877402
1,595,3.080687660581469,4.757119625223496
1,596,3.080503571387754,4.756967434323368
1,597,3.0800608809879435,4.756559152257039
1,598,3.07971390876413,4.75679793336529
1,599,3.0793092395552213,4.756277606049932
1,600,3.078888692992943,4.756215206006973
1,601,3.0784518645610657,4.754452319580607
1,602,3.0777320234540833,4.754071159732017
1,603,3.077447007864446,4.753078759779149
1,604,3.0770846184151606,4.753100258568359
1,605,3.0766894186419593,4.752871292772686
1,606,3.076499194812611,4.752337350338128
1,607,3.0757784808002215,4.751465057298146
1,608,3.075254854211591,4.751646015205406
1,609,3.074463028423708,4.751129685238624
1,610,3.07381528076798,4.750655057611457
1,611,3.0735179765069893,4.75015147677742
1,612,3.0730758631358652,4.7495881065244125
1,613,3.0726571659095345,4.749345828348416
1,614,3.072272512814559,4.749909822914023
1,615,3.0719980583905735,4.749678699844527
1,616,3.071565956311844,4.749479627572625
1,617,3.071033762233387,4.748719548953751
1,618,3.070314576650762,4.749184844644529
1,619,3.0698279221773186,4.748676965889823
1,620,3.0695929580208743,4.748564968924082
1,621,3.0691546311888596,4.748194304474963
1,622,3.0683933565597115,4.748445348444465
1,623,3.0673431872598647,4.747928515981147
1,624,3.0667731597383945,4.748887661090693
1,625,3.066317056977991,4.74839798810323
1,626,3.0657748319145077,4.75639801554338
1,627,3.0649739523647543,4.755684127144459
1,628,3.0644808196119784,4.755987557827359
1,629,3.0641034939107077,4.755947151140532
1,630,3.063788156657694,4.755580698303524
1,631,3.0632323473190937,4.7556124069881465
1,632,3.0626248489292247,4.754433752424939
1,633,3.0621837624332238,4.754012824861978
1,634,3.06187332003602,4.753913563288099
1,635,3.061386520463095,4.7532610265780315
1,636,3.0608306482624785,4.752538467536852
1,637,3.060394672436892,4.752565737256527
1,638,3.060074070978896,4.752787543955794
1,639,3.0596742812421818,4.753411163938595
1,640,3.05918239930518,4.753412920092605
1,641,3.058779936161958,4.7533397741248775
1,642,3.0584371428381,4.75345751508207
1,643,3.058134384979479,4.753259325506159
1,644,3.0574469796239447,4.752866627139752
1,645,3.057174604086928,4.752729920811973
1,646,3.0566012189367044,4.7527032115289485
1,647,3.0561486891009424,4.752563707828793
1,648,3.0557920357873476,4.751817444839107
1,649,3.055376533647737,4.752028158415413
1,650,3.0550051872029957,4.75179518025139
1,651,3.054476123573894,4.75124151313823
1,652,3.054066480753555,4.75086857897441
1,653,3.0536562402166743,4.751494710574159
1,654,3.053337821350359,4.751168274595278
1,655,3.052690925037103,4.750733757396974
1,656,3.052111117312507,4.749675901798655
1,657,3.0516117705422765,4.748552902590556
1,658,3.0511984550407716,4.748928229729438
1,659,3.0508216056312794,4.748635453223039
1,660,3.050495971649867,4.7486306426895615
1,661,3.0496650808518257,4.746762088346051
1,662,3.0493868885501096,4.7465786374785255
1,663,3.049023515222783,4.74650649891833
1,664,3.0482680540891454,4.746829104463434
1,665,3.047851016143649,4.74658486614953
1,666,3.047597451321394,4.746693610665479
1,667,3.047217960237008,4.74639916428206
1,668,3.046776690547198,4.74518682998305
1,669,3.04597860981322,4.745593645297243
1,670,3.0453955317075896,4.745278211817869
1,671,3.045083857287464,4.745421959908745
1,672,3.044764500827317,4.7454591814393075
1,673,3.0443380454214344,4.746082213743703
1,674,3.0434498856208734,4.745416319672121
1,675,3.042727182598209,4.745626071580294
1,676,3.0423231877479444,4.745271116790499
1,677,3.041875696249479,4.745607818366815
1,678,3.0414158463381415,4.744792210370362
1,679,3.0409878481917274,4.744849318618272
1,680,3.0405070263836107,4.744926115448056
1,681,3.0401939196165504,4.744644725594883
1,682,3.0398801451105726,4.7441509948399645
1,683,3.039569098531668,4.744220887647522
1,684,3.03915177096242,4.744124687139685
1,685,3.038653959761334,4.743748268241578
1,686,3.0382427542146893,4.743813587632877
1,687,3.038029093431525,4.743666634931486
1,688,3.037423471167001,4.743419905832199
1,689,3.037080988009207,4.743246849220471
1,690,3.036603009771418,4.7439417125027425
1,691,3.0363225836520153,4.74300374145821
1,692,3.0359608420255597,4.743265816495164
1,693,3.0355686166646745,4.743143411460177
1,694,3.0352291259771405,4.742941437047403
1,695,3.0351245179310964,4.742900625011016
1,696,3.034761421923391,4.74231789255163
1,697,3.034647320054346,4.742226844566526
1,698,3.034377984228918,4.7419990660067555
1,699,3.0341281974912278,4.741992515592853
1,700,3.033511257962171,4.741799135748669
1,701,3.032903989989563,4.7415999918601575
1,702,3.032455892818288,4.741015013928837
1,703,3.0322017310905367,4.74043107692456
1,704,3.0320835316843637,4.7403771260189735
1,705,3.0318447160796134,4.740457209065612
1,706,3.0313100966240905,4.7404900328227875
1,707,3.0309136084812005,4.740174562649578
1,708,3.030591916075017,4.740088294886258
1,709,3.0299407974884103,4.7400528842931
1,710,3.029251828038873,4.740241262118404
1,711,3.0289339445039882,4.739805763252153
1,712,3.0285620663326056,4.74011765386201
1,713,3.027987591423678,4.739780861830491
1,714,3.0277253915473032,4.739767973985124
1,715,3.0274389032619955,4.739654419854649
1,716,3.027066393682777,4.739756822359886
1,717,3.0260402624152314,4.739600960770402
1,718,3.0255275212891064,4.739465527641987
1,719,3.025004679885972,4.740110552065949
1,720,3.0247920726673105,4.739954285658318
1,721,3.0247509632813094,4.739957793619606
1,722,3.024334176951991,4.739817400082341
1,723,3.02380441275198,4.738907527113154
1,724,3.0234178340227427,4.73867906308241
1,725,3.02261090700464,4.73835425271335
1,726,3.022308733614665,4.737981650898498
1,727,3.022008137346267,4.738033365134108
1,728,3.0215798663055495,4.7378547954166
1,729,3.0213733523608286,4.737451622246373
1,730,3.020946660033523,4.7375626158185105
1,731,3.020462485650003,4.7370183401170225
1,732,3.0202987472972063,4.7374251357379205
1,733,3.0200851655299674,4.736975885640628
1,734,3.0195547663056455,4.737069639489634
1,735,3.0193601107320087,4.737022780842268
1,736,3.0189948747269795,4.736958196936665
1,737,3.01848544299971,4.735960207900738
1,738,3.0180289735634065,4.735396914435586
1,739,3.017834238749438,4.735497280958811
1,740,3.0175330294289386,4.735407471502542
1,741,3.017192241799458,4.735287784796665
1,742,3.0169248023954536,4.735366812440495
1,743,3.016422318910734,4.73574741134477
1,744,3.01604492735316,4.73526307328865
1,745,3.015628608183715,4.73524301171114
1,746,3.0152006693545124,4.735193384363741
1,747,3.0149882745975574,4.7344915118156425
1,748,3.014732377638549,4.7347760986547724
1,749,3.0146225169190637,4.735252625790156
1,750,3.014296816858209,4.734860471814401
1,751,3.013899151568326,4.734876798634264
1,752,3.01355715426338,4.734218461213198
1,753,3.013126328789052,4.734119708325707
1,754,3.012831655479786,4.733718746825418
1,755,3.0123615778823822,4.732956774936527
1,756,3.011833822410159,4.73266240971585
1,757,3.011632649785969,4.732662897681583
1,758,3.0111313743505934,4.732435027011781
1,759,3.0106450809578944,4.732293608602412
1,760,3.0102309776783045,4.732065252334886
1,761,3.0098397339355527,4.732783866414595
1,762,3.0095518500633673,4.7324285689659655
1,763,3.0093209938522363,4.7329134783746385
1,764,3.008968718523186,4.732774989820793
1,765,3.008391034645265,4.731604207116428
1,766,3.0080979583967546,4.731717782597074
1,767,3.007746222687247,4.731730728160188
1,768,3.007409061670961,4.731585848067858
1,769,3.007141583880761,4.7318593003291225
1,770,3.006636753662602,4.731096619267829
1,771,3.006369301991452,4.730874643637037
1,772,3.0058517836536294,4.731334682359558
1,773,3.005605174425664,4.730740993056799
1,774,3.0051766604901244,4.730292524829356
1,775,3.004608365377894,4.72973465815987
1,776,3.0043072446829244,4.729527494850578
1,777,3.0039630482586697,4.729472600653589
1,778,3.0036542468683445,4.729449012420296
1,779,3.0032121487648316,4.729330234237784
1,780,3.002731858865883,4.729204700636818
1,781,3.0022564088932198,4.729003565031229
1,782,3.002090884395553,4.728894585923704
1,783,3.001878526947142,4.7287028003703515
1,784,3.0013342316910645,4.729052415781588
1,785,3.001093226050669,4.728913027405357
1,786,3.0001660166006534,4.727847997109016
1,787,2.999712511046037,4.727545730380528
1,788,2.9994180372090247,4.7272751358754075
1,789,2.999192860838064,4.727115588158382
1,790,2.998670533289618,4.726969909404186
1,791,2.9980742427568337,4.727274434981685
1,792,2.9976643054289345,4.727464264774657
1,793,2.997106590440661,4.727089840889341
1,794,2.996873602126264,4.7268504595059415
1,795,2.9966110748984014,4.726901679079082
1,796,2.996254745450629,4.727035019915883
1,797,2.9958441553277573,4.726824543036335
1,798,2.9953540357099686,4.726262777378733
1,799,2.9950543984142537,4.7254759328349305
1,800,2.994808505992848,4.725602700841969
2,1,19.541280566121547,24.96091072725389
2,2,18.90123955614593,24.17126165261859
2,3,18.291871370117413,23.42401961240368
2,4,17.710087114501693,22.705385167933624
2,5,17.154031832930176,22.02433995602713
2,6,16.623960883203324,21.374849375649845
2,7,16.11647974349314,20.74748066945605
2,8,15.634915037874379,20.152823736023624
2,9,15.175703185457001,19.588148628702374
2,10,14.739176464756413,19.051654264606967
2,11,14.350842465367059,18.699252712230088
2,12,13.952087970770807,18.212265966990824
2,13,13.574087681898362,17.745325956344765
2,14,13.239330261288154,17.44363815702677
2,15,12.894598625355453,17.015152158926252
2,16,12.567074024054538,16.60968569898731
2,17,12.254543565455089,16.226414926576933
2,18,11.960119582071346,15.867322335210893
2,19,11.682181643847143,15.52545675152965
2,20,11.412348219353602,15.195367183967548
2,21,11.156769108256915,14.875481811954588
2,22,10.912112647165745,14.57155241475005
2,23,10.685322368697019,14.28835665903659
2,24,10.467250739702255,14.01639976776947
2,25,10.260540521376724,13.756904259241198
2,26,10.06569440583305,13.519055288448735
2,27,9.88813493984113,13.35448660322336
2,28,9.707363483781961,13.131899566545023
2,29,9.55109993286613,12.984178895444288
2,30,9.388849901292154,12.782440936416846
2,31,9.236139426440424,12.588716924355912
2,32,9.091700123944689,12.408393413644173
2,33,8.959252321275693,12.236880298916345
2,34,8.829417165463513,12.076204870652305
2,35,8.705058055765427,11.91433418412339
2,36,8.589931513967038,11.761455646932975
2,37,8.481007813365188,11.623847231771117
2,38,8.377080646496259,11.494926483832671
2,39,8.275080682761287,11.360890408893885
2,40,8.180171924601472,11.23908833505435
2,41,8.088921524388459,11.119828715867278
2,42,8.008600123066001,11.006359803342539
2,43,7.928715664376016,10.902034182044172
2,44,7.852482793362969,10.805393840389529
2,45,7.778296164399446,10.708850509128547
2,46,7.707595093190993,10.61888869977501
2,47,7.643971675478631,10.532431017659423
2,48,7.578566916500353,10.438160755728282
2,49,7.514794066593478,10.356048669947189
2,50,7.458093576718385,10.279309642201246
2,51,7.404596017447653,10.20050110262063
2,52,7.348323113141975,10.123166488473029
2,53,7.30135963301652,10.062549997024462
2,54,7.251169377495844,9.994762463661242
2,55,7.207310481395309,9.931722503792068
2,56,7.164808934887898,9.866506725379278
2,57,7.122457269889666,9.809849608054918
2,58,7.080397224069389,9.757937364825121
2,59,7.04080727515878,9.70253594133079
2,60,7.0030161758466205,9.648079704556492
2,61,6.967874268265914,9.593615782515254
2,62,6.934572504831347,9.554647806543576
2,63,6.901283857078198,9.51143421075919
2,64,6.872222462064602,9.471321936267467
2,65,6.842991941162125,9.425207079875868
2,66,6.815151334593587,9.393150810351116
2,67,6.788308401751869,9.346342514532413
2,68,6.7614019443502,9.309276246390802
2,69,6.73689316606039,9.282385312760582
2,70,6.713993726786407,9.25622396155272
2,71,6.691631692240128,9.224832837664376
2,72,6.66561650462702,9.193109220319993
2,73,6.643041380562114,9.162497827529755
2,74,6.6214649803187635,9.134051958305696
2,75,6.5997283444955,9.109938835664606
2,76,6.5785861017604805,9.0807544393934
2,77,6.561089517067812,9.05873392755811
2,78,6.540850398061946,9.035315861707874
2,79,6.520312158454281,9.005433694124031
2,80,6.502079240233215,8.97989782242412
2,81,6.484314803477046,8.955661577747634
2,82,6.464420564672968,8.925823394732713
2,83,6.446181915060149,8.903204922432263
2,84,6.431328669983143,8.881037357532563
2,85,6.413708642644528,8.85875910902344
2,86,6.3999174818040325,8.843840099703472
2,87,6.383958833694711,8.824198632654769
2,88,6.368990821066129,8.801614587956271
2,89,6.354807557402683,8.784129188313957
2,90,6.340859848588739,8.766439105858181
2,91,6.3281425724534035,8.757201915268547
2,92,6.314113623658221,8.732296524045152
2,93,6.297791340768676,8.712350055010342
2,94,6.2836015071001015,8.699782878613567
2,95,6.2729905471373195,8.688218677284382
2,96,6.259900062822163,8.679664099071537
2,97,6.248491650090039,8.668073936476684
2,98,6.2326429416347064,8.648964985417763
2,99,6.222936666208172,8.637514251670433
2,100,6.212224385048204,8.62374712368018
2,101,6.20211915202827,8.612635223673111
2,102,6.192467015415025,8.602348532006669
2,103,6.182951488218829,8.585616013894223
2,104,6.169454102070088,8.57068518505796
2,105,6.156549843544367,8.561122861528018
2,106,6.148042756463756,8.55060840776768
2,107,6.137684004354835,8.53957399312722
2,108,6.128944669630293,8.53096672026496
2,109,6.119621541893063,8.513856091173016
2,110,6.108278050122907,8.50220886250836
2,111,6.10043046469099,8.48649411322003
2,112,6.091361131985374,8.479182174304247
2,113,6.085481281804937,8.472910077683649
2,114,6.078922204676467,8.46304515513963
2,115,6.0729132147796,8.457259996395935
2,116,6.064856841587857,8.448897223326416
2,117,6.056052948041062,8.435426939510126
2,118,6.048957826671354,8.427454428615308
2,119,6.040851666223654,8.415337618009566
2,120,6.034922946802112,8.408273546776076
2,121,6.027138063807144,8.393643105859644
2,122,6.018888057887383,8.3908762546976
2,123,6.012415866078372,8.382267271056396
2,124,6.006838330120314,8.366193174282332
2,125,5.9979566503483674,8.355313369279548
2,126,5.991700576047742,8.3436756569485
2,127,5.984691446650998,8.333816337355486
2,128,5.9784744167939365,8.310808433070589
2,129,5.971450762496945,8.300986419249961
2,130,5.966894134003032,8.295482276815468
2,131,5.959221950990393,8.28594043483417
2,132,5.9538389285455935,8.276348161804504
2,133,5.946599171834413,8.268107773386907
2,134,5.940005226784308,8.258827704751477
2,135,5.934139894162067,8.255650323473645
2,136,5.929239445751051,8.249474503199703
2,137,5.9249492120827565,8.244039514246035
2,138,5.920973125666738,8.240668038159338
2,139,5.915832769435304,8.235306023865668
2,140,5.910100171073698,8.222882553244554
2,141,5.906303327809278,8.221133203280779
2,142,5.8993906805463086,8.213328904125943
2,143,5.894212691884151,8.212629875681207
2,144,5.888792433835239,8.210504119686002
2,145,5.885093724335659,8.207737302370305
2,146,5.881005459601502,8.201910406239348
2,147,5.876585563808797,8.198967207578946
2,148,5.871603953811089,8.191683440072858
2,149,5.867569146802448,8.188528765195997
2,150,5.863532312804382,8.182786699183564
2,151,5.858636940800903,8.181500197505576
2,152,5.85028642279582,8.170508426115061
2,153,5.842672827803525,8.16082239682134
2,154,5.839236740112902,8.159510205151793
2,155,5.834084943231695,8.152983169867298
2,156,5.831128334568588,8.14472581974025
2,157,5.8277066968716955,8.14145421131843
2,158,5.821362931339709,8.134041425963568
2,159,5.818176171038262,8.13263405105967
2,160,5.8133692737293785,8.129617075319498
2,161,5.808275935276125,8.127029574019872
2,162,5.802972752916719,8.1219439819006
2,163,5.799735991661229,8.11532130827859
2,164,5.7956921785426045,8.11312649876452
2,165,5.792571110869554,8.109739894580352
2,166,5.7898612376098075,8.106377623541741
2,167,5.786407932126609,8.106521789209593
2,168,5.783586962757115,8.10447522941746
2,169,5.781003167941477,8.102411520119198
2,170,5.778521552306312,8.098115436734348
2,171,5.77411270986345,8.092762733493041
2,172,5.77064878510996,8.076158901976033
2,173,5.767330046714504,8.068589107160907
2,174,5.763141657267156,8.067110402737761
2,175,5.759272185720275,8.060189972913571
2,176,5.756801049998354,8.05437286682854
2,177,5.753630725747137,8.050311350118461
2,178,5.751297288142368,8.047058505732018
2,179,5.747668528678905,8.045651660085113
2,180,5.741923573849457,8.038085770807292
2,181,5.739531710723928,8.035854506248144
2,182,5.737086795553675,8.032811899839327
2,183,5.734632422305629,8.029205199007931
2,184,5.732169437255957,8.026664069841805
2,185,5.727948584135244,8.01990394486739
2,186,5.725883263236618,8.018502023963663
2,187,5.721498725530819,8.013739547516236
2,188,5.716575331259479,8.007611821169707
2,189,5.713468452736941,8.005720545272137
2,190,5.710670729236503,8.002492144496772
2,191,5.7070055495854355,7.997636369800271
2,192,5.704676614084901,7.995706376639379
2,193,5.702585824146096,7.994275668613246
2,194,5.700588374228882,7.992397652963068
2,195,5.696695061003691,7.989599578857819
2,196,5.6931957333424394,7.985615819091296
2,197,5.689468816890679,7.984864663196469
2,198,5.687277160519921,7.982109039258278
2,199,5.6847589695914245,7.979083779629245
2,200,5.682925836348136,7.978098897433415
2,201,5.678592125222925,7.967411926371294
2,202,5.676341087255657,7.967758406215541
2,203,5.672616708241085,7.9575192952914096
2,204,5.670349498433536,7.956134588689461
2,205,5.668027545462609,7.955746730967236
2,206,5.665183523092777,7.954740784360868
2,207,5.66288922365682,7.950400642818425
2,208,5.660316019068217,7.9457062911461795
2,209,5.656898711684967,7.941454570948475
2,210,5.654879543914399,7.939855919619672
2,211,5.651555846191876,7.9350370621431745
2,212,5.649184144597826,7.933047793634062
2,213,5.647399586549884,7.929854320318966
2,214,5.645575529015131,7.929588163696061
2,215,5.643378402733275,7.92736020503184
2,216,5.639809836022268,7.917948507507156
2,217,5.637831806910375,7.917159308337848
2,218,5.635853922691403,7.916734032166006
2,219,5.631737048194582,7.911688961962247
2,220,5.628659899741754,7.90908002054725
2,221,5.626624107944349,7.907298411564952
2,222,5.624496952980283,7.906311599281199
2,223,5.6221126164951185,7.901388332773992
2,224,5.619047970837882,7.898421927909295
2,225,5.617115564447506,7.895219901116969
2,226,5.61461357204726,7.896656548117694
2,227,5.612538209025851,7.895727075844255
2,228,5.6107436047001045,7.894414507643961
2,229,5.608597673839015,7.895578110056926
2,230,5.605141752725919,7.893563909030582
2,231,5.603214185844946,7.89088422882484
2,232,5.598090045377808,7.887797279636001
2,233,5.595939301737957,7.886178717605928
2,234,5.593728563455458,7.885184632770393
2,235,5.59219646358888,7.883757962510848
2,236,5.589862797247282,7.883210314688712
2,237,5.588203266399958,7.881469034679616
2,238,5.5860083121044,7.880770493523979
2,239,5.583647789349555,7.8775716019932185
2,240,5.581852049848596,7.875764321924389
2,241,5.579772640709864,7.874955526063722
2,242,5.578540827928932,7.874065164739572
2,243,5.576962227003643,7.872505274843265
2,244,5.574620603790193,7.868821221006875
2,245,5.572989048616863,7.866460575063139
2,246,5.571095910806383,7.864534974810799
2,247,5.569573071787904,7.863652587459031
2,248,5.568082911097515,7.861833095000847
2,249,5.566021386708748,7.862654317329302
2,250,5.564798012512855,7.861707802999718
2,251,5.562943620497962,7.859936506305844
2,252,5.561576453913764,7.860433662845356
2,253,5.559785931824786,7.859211052460829
2,254,5.558300691625093,7.857069286072183
2,255,5.5571671095236645,7.855731103918221
2,256,5.555319884970432,7.8549164255736255
2,257,5.5536832257172115,7.8520707336814475
2,258,5.551981115083633,7.852910300182215
2,259,5.549239187157436,7.847226003943926
2,260,5.547966584896465,7.846326571368034
2,261,5.5465397439786015,7.844331660401869
2,262,5.545170747270031,7.844168386810751
2,263,5.542916701471673,7.841403668535742
2,264,5.540470972545016,7.842804987593711
2,265,5.53582962121951,7.83972128548085
2,266,5.534398036539856,7.841433015995768
2,267,5.533024833608237,7.840713546060348
2,268,5.53132218407856,7.839979467313416
2,269,5.529133249694233,7.838168161319534
2,270,5.527723010769791,7.83733295618965
2,271,5.525819152959005,7.836704434153699
2,272,5.523397227623321,7.831133051335819
2,273,5.521870612659376,7.831005568680925
2,274,5.520980491293101,7.830605030657897
2,275,5.519351458608861,7.828899343164557
2,276,5.517070562697974,7.8279877684162695
2,277,5.515351372234619,7.8267521674975695
2,278,5.511677364665654,7.822974190788135
2,279,5.510037578971718,7.820186357024587
2,280,5.5081546619035056,7.819584987217422
2,281,5.505547032660795,7.8151999819779
2,282,5.503894469515041,7.814344952659821
2,283,5.5021624644349725,7.811273226277155
2,284,5.501069270460137,7.81065963109836
2,285,5.4996991578721985,7.808950861989084
2,286,5.497162667135824,7.806971649417149
2,287,5.495865473929975,7.806957386558242
2,288,5.494314888517246,7.8062198668294895
2,289,5.492725918505205,7.803370124671558
2,290,5.490426757098647,7.797840326933747
2,291,5.48879408578829,7.795845247111897
2,292,5.487367554257358,7.79493854405545
2,293,5.485925544423582,7.794207774691631
2,294,5.484608211482313,7.794149640850631
2,295,5.483123275834989,7.792796941234665
2,296,5.481914009610115,7.791655283531836
2,297,5.480025473610854,7.787528994657592
2,298,5.478313056022456,7.783277491447158
2,299,5.477215734145926,7.782519913214443
2,300,5.4760469782577985,7.779093528503014
2,301,5.474180352996886,7.777746062795722
2,302,5.472863864595677,7.776835661577945
2,303,5.471682572323689,7.776488654147033
2,304,5.468285788543931,7.771614980249314
2,305,5.466949173871544,7.771122473364753
2,306,5.465169739474139,7.769742023762329
2,307,5.464018712062862,7.768663525615982
2,308,5.461931846894453,7.763607571182565
2,309,5.460581250822021,7.762508875439253
2,310,5.459341908411847,7.763047614862951
2,311,5.457775917229667,7.761926732214537
2,312,5.454414003497456,7.757563526800867
2,313,5.452716853260384,7.757004008438084
2,314,5.4508423529421846,7.757437695717766
2,315,5.449174272405304,7.7570165201689765
2,316,5.447878306279329,7.757712353748106
2,317,5.446416654526405,7.755621227643373
2,318,5.444849363012671,7.754293358391622
2,319,5.443516964720039,7.753874435674599
2,320,5.442304876131656,7.753332303774186
2,321,5.441273131347076,7.7528281643406025
2,322,5.4398833581950266,7.750994010249987
2,323,5.438512841958515,7.7488726174459215
2,324,5.437650098070207,7.748353650893961
2,325,5.436405520242834,7.7475422478004194
2,326,5.433101131513384,7.744521565962449
2,327,5.4321839019845966,7.743946979189589
2,328,5.430920011577518,7.744282818098591
2,329,5.429592322562398,7.743351839400186
2,330,5.42813404530479,7.744208620876242
2,331,5.426315479968659,7.7430798450235345
2,332,5.42491144088386,7.741082384694695
2,333,5.423354187518131,7.737172663979325
2,334,5.422314711435765,7.736047519368339
2,335,5.421359749194737,7.735910311935861
2,336,5.420338050805267,7.735904070916555
2,337,5.418378045368964,7.7357899454353305
2,338,5.417519680493562,7.735227259208137
2,339,5.416286740343766,7.734627246811732
2,340,5.415160548871886,7.733609515149809
2,341,5.414021791688095,7.7323675120310025
2,342,5.412867305966815,7.732497641596365
2,343,5.411509960125399,7.732013584393502
2,344,5.410396986292307,7.732904727121348
2,345,5.409094694851809,7.73053950713874
2,346,5.407251662934569,7.729951564257315
2,347,5.406051447960247,7.730120170970451
2,348,5.404659491507574,7.728081886321893
2,349,5.40270249955565,7.7262418562740685
2,350,5.400909705277607,7.72460085440078
2,351,5.399675455875418,7.723522863622863
2,352,5.398488185764981,7.723616510964551
2,353,5.397510567795169,7.7221810978046905
2,354,5.395633197500732,7.717321780859428
2,355,5.3939249499459,7.715565886437642
2,356,5.392968985270094,7.715241100438525
2,357,5.391986788686069,7.714690250250154
2,358,5.390029363206715,7.7147403515979915
2,359,5.38876408831697,7.7134381418491476
2,360,5.386066441819915,7.709168345030454
2,361,5.3843380061612365,7.70647645719193
2,362,5.382537795414952,7.705893380961065
2,363,5.381178994923006,7.704271351021218
2,364,5.380386489016678,7.704746328596314
2,365,5.379393796841531,7.703739056109043
2,366,5.378526440312796,7.703137908831745
2,367,5.377823283001466,7.702073442721044
2,368,5.375055080013609,7.694507018931411
2,369,5.374304274180159,7.694642796201699
2,370,5.37275547148414,7.6920677843770005
2,371,5.3711231874354235,7.691728625788019
2,372,5.369860207115903,7.691922014419857
2,373,5.3687463068921675,7.692348202900922
2,374,5.367345983713316,7.6916276623500215
2,375,5.366177378004997,7.690947074916371
2,376,5.365165399506733,7.690536257282188
2,377,5.3640176427026125,7.689661717598667
2,378,5.363059516334158,7.690450842835871
2,379,5.362132840784627,7.6911005319989885
2,380,5.36069659580863,7.690241620400221
2,381,5.359567946015958,7.689299260475421
2,382,5.358389252856138,7.688913815326273
2,383,5.357182313485815,7.6890693614283565
2,384,5.355817137677841,7.6870081650186615
2,385,5.3549951451964635,7.68736300142805
2,386,5.353249873494872,7.685000272041207
2,387,5.35173390622072,7.682172642939911
2,388,5.3507438898321205,7.68190225498289
2,389,5.348906767181279,7.6788492181057615
2,390,5.347287405166195,7.676583531763128
2,391,5.346143657318765,7.675544284438621
2,392,5.344880672038352,7.674691982121952
2,393,5.343575087883996,7.674086658383061
2,394,5.3427190227350785,7.674015677077072
2,395,5.341617517491109,7.6734718385708645
2,396,5.338964893453394,7.67139344792607
2,397,5.337782672466834,7.671941380335004
2,398,5.335873534051988,7.668150936146407
2,399,5.335136187059418,7.668111054827078
2,400,5.33418030079097,7.667748880699734
2,401,5.3330099055445634,7.667875935178578
2,402,5.331232179551367,7.6662914568653235
2,403,5.330335834201769,7.666174898972545
2,404,5.329165230443164,7.664086014252873
2,405,5.327860212020024,7.663864002497157
2,406,5.3263170228719146,7.662977650581591
2,407,5.324092142147382,7.66104401681978
2,408,5.322735188452867,7.6586911633192045
2,409,5.3214766316193005,7.6587808379322375
2,410,5.319919822091219,7.657542726950397
2,411,5.318645563189602,7.657210561839527
2,412,5.31759396148925,7.655560768919196
2,413,5.316460410550765,7.654135599522701
2,414,5.3140295035678395,7.650773436823965
2,415,5.312333140167351,7.6490767214741675
2,416,5.31026284894272,7.645716248698942
2,417,5.309379231372293,7.646265794120816
2,418,5.308491231022689,7.645040415655736
2,419,5.3076474288096875,7.644837474634018
2,420,5.306866473757788,7.644442170747877
2,421,5.304566537854721,7.642243137266502
2,422,5.303705552400871,7.641939214903346
2,423,5.302275337543854,7.641577304572074
2,424,5.301099252216046,7.64236850999249
2,425,5.29994688097214,7.642002373131555
2,426,5.299225722353465,7.640832019878166
2,427,5.298205402901504,7.640014872097857
2,428,5.297081471110505,7.638494836052365
2,429,5.295952670214359,7.638642672704553
2,430,5.294738053490135,7.638566678223478
2,431,5.2932562093233,7.636807373492725
2,432,5.292602242173655,7.636641843712948
2,433,5.291145611211378,7.635765332871369
2,434,5.289981916178074,7.634146276622085
2,435,5.288925426548198,7.634980419962047
2,436,5.288318670359257,7.634513965331501
2,437,5.2876124950536605,7.63372119411445
2,438,5.286953504010006,7.633400549481045
2,439,5.286006232902331,7.633101199681974
2,440,5.28456669483369,7.6322304785838435
2,441,5.283471247818161,7.6313853539382475
2,442,5.2823188580598375,7.630872676230009
2,443,5.281414676227469,7.630558148851185
2,444,5.28070564961784,7.629950552503125
2,445,5.278790261805965,7.628411346816798
2,446,5.277678944696188,7.627603930009053
2,447,5.276765886034791,7.627193685414782
2,448,5.275401875216691,7.626050205435656
2,449,5.2745158556576595,7.627013365936964
2,450,5.273433514377902,7.626967917882615
2,451,5.273012032625332,7.627041513676764
2,452,5.272008200263535,7.627147939217117
2,453,5.271196246314697,7.626388661516494
2,454,5.2702233153935545,7.625268994175772
2,455,5.2694894518488455,7.62627554053622
2,456,5.268016348745099,7.6247785403213415
2,457,5.267017096312628,7.6250427573737225
2,458,5.265955541364015,7.625503813829493
2,459,5.264609408478914,7.62568584811177
2,460,5.2628855557618435,7.62427247041362
2,461,5.261327574883701,7.622974932270653
2,462,5.260397534396673,7.622654720191337
2,463,5.259185231532181,7.622435693229428
2,464,5.25811196788649,7.6216089049887
2,465,5.257143586813892,7.621500345003948
2,466,5.2559232627975945,7.620801392629015
2,467,5.254386792845856,7.618531895614184
2,468,5.252814296022266,7.61685268922862
2,469,5.250892558030733,7.616640312070475
2,470,5.249880926258708,7.61791344499428
2,471,5.247815528089459,7.613572366560933
2,472,5.246301905105486,7.613294517739641
2,473,5.244374971909609,7.612246248578785
2,474,5.243790531278892,7.612289667245739
2,475,5.2428162225490205,7.611404618216612
2,476,5.2422595252051485,7.610662299319996
2,477,5.241107698303746,7.610158522547345
2,478,5.239002371958534,7.609509304680294
2,479,5.237880815841903,7.6102218786423
2,480,5.236878467441433,7.609218135098026
2,481,5.23610994330295,7.608917193155851
2,482,5.235323868158144,7.609187121083857
2,483,5.234407312251004,7.608070036298559
2,484,5.23338789504958,7.60788436564227
2,485,5.232451559306076,7.608641140220075
2,486,5.231847414447824,7.608655349480773
2,487,5.230306427847322,7.608389373254334
2,488,5.229483733033471,7.608366579947341
2,489,5.228543403286537,7.610167829945481
2,490,5.227597834250608,7.610194947784885
2,491,5.226681940077514,7.611285194902323
2,492,5.22516446114957,7.609966484941638
2,493,5.223102453524799,7.6083646880379785
2,494,5.222033350100476,7.6076149132215525
2,495,5.221319273981923,7.606132697742467
2,496,5.2206120380360765,7.605549690738238
2,497,5.219797385735627,7.605382071803649
2,498,5.218911136181346,7.605537672036771
2,499,5.217336128719363,7.603506921935083
2,500,5.2161932618881135,7.601976733445561
2,501,5.215517757044603,7.602985744558991
2,502,5.214479483707162,7.60211842329571
2,503,5.213402542030555,7.601764514008544
2,504,5.212564048525765,7.601637157651055
2,505,5.212025534797219,7.601194964515768
2,506,5.2111290129004715,7.601713408960029
2,507,5.210060992566613,7.601671966691787
2,508,5.208496750720914,7.600692800528774
2,509,5.207752024131911,7.600721018658067
2,510,5.206981327716086,7.6003552006806805
2,511,5.206154343761378,7.602439265080058
2,512,5.204749133547567,7.602618623167909
2,513,5.203913106499579,7.604358428136732
2,514,5.203015044981188,7.604181917505381
2,515,5.201856069887845,7.60474490985543
2,516,5.201160363307331,7.604351942238995
2,517,5.199917752234088,7.60328315749713
2,518,5.1989309883026396,7.602863285532618
2,519,5.198090922746971,7.6014475852423296
2,520,5.197213738944263,7.60076118733444
2,521,5.195179014863519,7.599717862117707
2,522,5.193798929363894,7.596568749143926
2,523,5.193166490560025,7.596228356575312
2,524,5.192264918183551,7.596614863207736
2,525,5.191162042048863,7.597701872471503
2,526,5.190037005939373,7.59532251126644
2,527,5.189082303486986,7.59545401845399
2,528,5.188117735701243,7.595332997869193
2,529,5.187246279874718,7.594609885994662
2,530,5.186440335245309,7.595029476564391
2,531,5.185786768879194,7.595879207583284
2,532,5.185036553461162,7.5952461332869605
2,533,5.184050217270362,7.59512566039013
2,534,5.182124156261742,7.59509159822986
2,535,5.180880527342487,7.594530512514325
2,536,5.180068646905366,7.59514677913857
2,537,5.179540306074207,7.594679400234487
2,538,5.1790326017401105,7.595136808436478
2,539,5.178251411562479,7.595235238870207
2,540,5.177460271556409,7.594814140957215
2,541,5.176392729500974,7.59378163631023
2,542,5.175836426430054,7.593313540187528
2,543,5.175238465475143,7.593360071119351
2,544,5.174377572348342,7.592358173032936
2,545,5.1738050260928325,7.591879246114288
2,546,5.173072798006581,7.591872319194475
2,547,5.172244716610776,7.591088460546374
2,548,5.171475839238796,7.591878084429764
2,549,5.170854871587615,7.590309483368421
2,550,5.170180308446417,7.589206514804909
2,551,5.169593498267349,7.58911365521155
2,552,5.168615275855564,7.591109214164911
2,553,5.167983555520388,7.591124693420277
2,554,5.1671084522492725,7.590557340745347
2,555,5.166476318045867,7.5905239024813405
2,556,5.165746628679573,7.58999455648982
2,557,5.165124271863766,7.5900050251432205
2,558,5.163672562666967,7.588902301486465
2,559,5.162845063519702,7.589084465902328
2,560,5.161967854494178,7.5888727675598595
2,561,5.160823355149313,7.588254658798343
2,562,5.159768644222425,7.589779180630293
2,563,5.15880878545709,7.588847705060189
2,564,5.157828197513688,7.589400684540346
2,565,5.1565543482343585,7.587456593079805
2,566,5.154435248488286,7.5858981596123565
2,567,5.153348316369178,7.584479240459437
2,568,5.152592908007586,7.584406643144263
2,569,5.151691135144391,7.584492225102222
2,570,5.150837000483738,7.584001525386333
2,571,5.149740475012174,7.583632916326944
2,572,5.148969760761521,7.583784955846871
2,573,5.1479394855626195,7.583387654380142
2,574,5.14714928367058,7.583464817211581
2,575,5.146073362118903,7.582005635260322
2,576,5.144600629519116,7.579008266941203
2,577,5.143292433022532,7.578526945948438
2,578,5.142642461347944,7.578163253859557
2,579,5.142020059265237,7.5779024972697275
2,580,5.141576926236756,7.577102617212259
2,581,5.140829938868067,7.576599810617945
2,582,5.13977502210969,7.5764497056500355
2,583,5.138266807549295,7.577309090465738
2,584,5.137526972316963,7.577743487046966
2,585,5.136695003311259,7.5787274032836605
2,586,5.135957268329901,7.57691643350775
2,587,5.134957010363388,7.580769534306735
2,588,5.13406943409958,7.580190946477742
2,589,5.133755474785218,7.580976420191108
2,590,5.132914163838208,7.57956059464578
2,591,5.132110732064657,7.581255372469032
2,592,5.131626940018,7.581429004156801
2,593,5.13090107111083,7.581931899990189
2,594,5.130049330617985,7.581544744112605
2,595,5.129051825849242,7.581351475324667
2,596,5.128420488150861,7.581236045519277
2,597,5.127048792762455,7.580374377804907
2,598,5.1253887335807695,7.58088952092685
2,599,5.124732941969763,7.581207371395566
2,600,5.124026365972847,7.581053103746169
2,601,5.12351924613392,7.581391138837968
2,602,5.123103927780733,7.581294735426389
2,603,5.122148216821701,7.580177698752906
2,604,5.1214544708545695,7.581549060802028
2,605,5.1206730056522165,7.581519629104938
2,606,5.119855052845135,7.5799066534584805
2,607,5.118779038321133,7.578713327275572
2,608,5.117890483305359,7.577746167480145
2,609,5.117071574866879,7.577812163148707
2,610,5.11554729331053,7.576326814754967
2,611,5.114832591198674,7.5761527130037445
2,612,5.114259599663887,7.575948259117667
2,613,5.11331045124685,7.576445384916254
2,614,5.1126500787542986,7.577734497164382
2,615,5.111522232791573,7.577704200348392
2,616,5.110582561396949,7.5775590960052615
2,617,5.10983108491692,7.576997387973866
2,618,5.109230791953504,7.576263710200169
2,619,5.108452989871875,7.575741801058779
2,620,5.107744906325506,7.57599968463359
2,621,5.106974104401123,7.575032937596549
2,622,5.106278321481933,7.575428385434723
2,623,5.10560483747067,7.575646192075908
2,624,5.1046305031859305,7.575609853914992
2,625,5.104021131015047,7.573912065047488
2,626,5.103058574052134,7.573128196260868
2,627,5.101571488500336,7.574136989500005
2,628,5.100233745891586,7.572257934283675
2,629,5.099728578060633,7.572849432635527
2,630,5.098834186624034,7.572337374569804
2,631,5.098104897931535,7.57183324477432
2,632,5.097643494722552,7.571427625462236
2,633,5.096818048723239,7.570458946476876
2,634,5.095417793829694,7.568809448878432
2,635,5.094559679676566,7.567573868270669
2,636,5.093753691074877,7.567180030863946
2,637,5.093055650754814,7.566559539891912
2,638,5.091940691330404,7.5661983056685225
2,639,5.090608603991612,7.565525621866909
2,640,5.0896293969465365,7.565843392134316
2,641,5.088759520409947,7.568316330991523
2,642,5.087925539747576,7.568056387244188
2,643,5.087408718949636,7.568008790032453
2,644,5.086672472585707,7.568136534227409
2,645,5.085901458343856,7.56814039358839
2,646,5.0851306083812196,7.56870798867425
2,647,5.084502054760204,7.568017612973169
2,648,5.083893788599499,7.567675474354159
2,649,5.083198048377615,7.56739933872647
2,650,5.08139156668629,7.5649607451047345
2,651,5.080315422505227,7.56454575728507
2,652,5.079571803753808,7.563068068683232
2,653,5.078818236423523,7.563005502107847
2,654,5.078170448803235,7.562527652576228
2,655,5.076981193520568,7.561677408816517
2,656,5.0766757237189255,7.561743287583443
2,657,5.075901402735566,7.561744014646132
2,658,5.0749555098788575,7.5618071729179785
2,659,5.07428672213411,7.561390098198501
2,660,5.073235487219311,7.562952998163057
2,661,5.072152299668825,7.563089416939807
2,662,5.071473503289775,7.563213595553326
2,663,5.07091543802776,7.5637249987082384
2,664,5.069967797173508,7.563667133596202
2,665,5.069414320283179,7.563477891688989
2,666,5.068605454669212,7.56259731872115
2,667,5.068043492748755,7.560976775934754
2,668,5.06715420371467,7.5583188689099075
2,669,5.066099544608679,7.557465689802998
2,670,5.06543478687497,7.556296703021392
2,671,5.06482106254533,7.55605160380112
2,672,5.063981324993412,7.55583892964118
2,673,5.062829500403495,7.554499417405329
2,674,5.062113712163109,7.553906726672978
2,675,5.060895933377101,7.5535871305458855
2,676,5.0604036658859535,7.553396415172651
2,677,5.059496241249403,7.554091661945869
2,678,5.058696833880954,7.551505643446888
2,679,5.057885563626442,7.551221558204296
2,680,5.056974579914834,7.550862895644385
2,681,5.056424400949577,7.552668126307195
2,682,5.055553809480873,7.5510135838229555
2,683,5.054870190991506,7.553046226579278
2,684,5.054283305731754,7.552575507468177
2,685,5.053450585365617,7.5519037096108965
2,686,5.052966357780226,7.551353418361004
2,687,5.052475150634306,7.551287945994951
2,688,5.051676653067275,7.551324922290954
2,689,5.050205229102483,7.5518413065288525
2,690,5.049700710994067,7.551224935563142
2,691,5.049121285148582,7.551667031655578
2,692,5.048571056421536,7.551614827763807
2,693,5.048168037038995,7.551506824963085
2,694,5.047219828768939,7.550783397585959
2,695,5.046860542829777,7.550695196344479
2,696,5.046425942259962,7.550196281774087
2,697,5.0456749016012745,7.550292658726345
2,698,5.045240765407776,7.549840266390376
2,699,5.044669548919698,7.550363226164915
2,700,5.04318165079081,7.549204748870852
2,701,5.042518889952416,7.54940260502404
2,702,5.042168729231779,7.549923713499233
2,703,5.041002586246295,7.549501038187511
2,704,5.040840950170643,7.549206080761694
2,705,5.040618304109001,7.549892595036725
2,706,5.039861123056884,7.549990279488019
2,707,5.039140100209316,7.550744355229864
2,708,5.037889838803176,7.55035203234388
2,709,5.03657140652439,7.550059439890174
2,710,5.035255915912168,7.550340312645963
2,711,5.0343941326144135,7.549491246585298
2,712,5.033496571585811,7.550499274348836
2,713,5.032467111231012,7.551334735975825
2,714,5.031392222244569,7.55186747709118
2,715,5.030568656493301,7.553159808398862
2,716,5.0301139737148794,7.552342805351161
2,717,5.0292821599357564,7.552280149587856
2,718,5.028726332653134,7.552588669151937
2,719,5.027931367237516,7.552738008198373
2,720,5.026221965704668,7.549113616440137
2,721,5.02587353620907,7.5481328140895805
2,722,5.025129638674666,7.546074389485635
2,723,5.024548529594672,7.545470248223531
2,724,5.023595945431306,7.5458376748551625
2,725,5.021847798757229,7.543977659773586
2,726,5.02131831892071,7.543393504940799
2,727,5.020565535825677,7.543305849106037
2,728,5.019884404196366,7.543871991671481
2,729,5.019462165694433,7.54376547324878
2,730,5.018918138508266,7.543519939134618
2,731,5.017858720695633,7.54269274165638
2,732,5.016182776161644,7.541416583171628
2,733,5.015724375445245,7.541098517989719
2,734,5.014663844048435,7.541527190039174
2,735,5.0138158845515,7.540864957113749
2,736,5.012732947594353,7.540021677515459
2,737,5.011907679256915,7.540499530329851
2,738,5.011178753933171,7.540087659876736
2,739,5.01052802601783,7.539823650785313
2,740,5.008891940447768,7.538072280919878
2,741,5.008529987163488,7.537892791110194
2,742,5.007740993402695,7.538656604972575
2,743,5.007015442217594,7.538161588717324
2,744,5.006360684017974,7.538209388032289
2,745,5.005793092391996,7.5369251727946445
2,746,5.004820620224445,7.537157057698332
2,747,5.003781472056535,7.537186039894231
2,748,5.002832991677213,7.537304510095378
2,749,5.002224076243832,7.53829563120451
2,750,5.001231279117846,7.537663113054263
2,751,5.000639603161444,7.537912878963413
2,752,5.000083090405223,7.538812255718337
2,753,4.999506523107158,7.539075966638416
2,754,4.998847255002299,7.539414988814864
2,755,4.998515314014183,7.539698973598722
2,756,4.997880071128105,7.538865658426558
2,757,4.997607463941631,7.538775466173354
2,758,4.997014061598672,7.538308600860853
2,759,4.9960976783731015,7.537989072210099
2,760,4.995391744990407,7.539339030861445
2,761,4.993906625137797,7.535717352347784
2,762,4.993309184527914,7.53456587725108
2,763,4.992164327409853,7.536018910836338
2,764,4.991437302117296,7.53578227845636
2,765,4.990658486756099,7.535276539124899
2,766,4.989842560107917,7.534981389254091
2,767,4.989300960171915,7.534749798021384
2,768,4.9884030846988425,7.533563994109525
2,769,4.987796638057737,7.535143019246776
2,770,4.987223818497031,7.534705969314755
2,771,4.986587324149527,7.533056716297144
2,772,4.985825352791617,7.533137126795612
2,773,4.9851249946395475,7.533135205455941
2,774,4.984126103645009,7.532372405791545
2,775,4.983638249863424,7.53215546198937
2,776,4.983140255856729,7.532759999187072
2,777,4.982012722377829,7.53215580702274
2,778,4.981189187154357,7.531529987350483
2,779,4.980548095531171,7.530918829863524
2,780,4.979704769157747,7.530872687481685
2,781,4.978861668242902,7.530206244578637
2,782,4.977889444803621,7.5295081167380005
2,783,4.977322263747142,7.530481852754908
2,784,4.976720651681811,7.530343082706045
2,785,4.9758817495986065,7.530038915683269
2,786,4.974935218163618,7.529518531006879
2,787,4.9741416513773755,7.529484329073251
2,788,4.973650778559763,7.529358298475392
2,789,4.972874051305657,7.529889463256629
2,790,4.97162871346499,7.528487812273038
2,791,4.970855088065868,7.528506589019098
2,792,4.970125869185875,7.528694182809556
2,793,4.969106127515068,7.528345937712135
2,794,4.968466075968377,7.528388694331812
2,795,4.9675070139504705,7.52883772518708
2,796,4.966857456288053,7.52859364090889
2,797,4.966175375171237,7.527492577784517
2,798,4.965333551510057,7.52725800096968
2,799,4.9647242161673155,7.527038057463301
2,800,4.96425180536372,7.5274661047129285
3,1,19.62215136920624,25.067406041277756
3,2,19.059725082979863,24.385445459794482
3,3,18.52780098442861,23.7399719958572
3,4,18.020942085259893,23.12286111326082
3,5,17.540363430201825,22.53998729196705
3,6,17.084508391305064,21.987474777161495
3,7,16.647691811453786,21.46094009890374
3,8,16.237261841057375,20.961540244642134
3,9,15.84632323369858,20.482248282297085
3,10,15.473518384876847,20.03354059756807
3,11,15.14524023809645,19.72869382524035
3,12,14.809037600356449,19.31954722175731
3,13,14.490298944108622,18.931894950296194
3,14,14.205105259142705,18.68128857511096
3,15,13.91854127744544,18.328961082110357
3,16,13.64130212313644,17.987732885597488
3,17,13.383239845834362,17.66802060847996
3,18,13.13826023275974,17.369071185569226
3,19,12.904862179678087,17.085346695361284
3,20,12.682135400194708,16.814312292326303
3,21,12.471211512531834,16.552614542784404
3,22,12.272977862061092,16.31111476951327
3,23,12.0874239934166,16.073674768424
3,24,11.912075326652388,15.850754496462194
3,25,11.740878881244942,15.643559442156963
3,26,11.584232814787674,15.440553120284596
3,27,11.428967789180478,15.2688475173653
3,28,11.282514379202327,15.089763154429864
3,29,11.141411597851542,14.908176092216719
3,30,11.007918332979722,14.74275881686327
3,31,10.886120770589264,14.589312302035452
3,32,10.7677355657511,14.433917516812743
3,33,10.660958905861882,14.318844566905117
3,34,10.556878762768068,14.186787947398706
3,35,10.453322453451603,14.057671222062028
3,36,10.352788142335394,13.92780648752556
3,37,10.26520995230989,13.815782521457606
3,38,10.17600413840348,13.694540180299459
3,39,10.096381688473237,13.58856465157483
3,40,10.015259591665265,13.490559952725715
3,41,9.939864527849235,13.392863052550629
3,42,9.869801354212273,13.298459461717245
3,43,9.800020046320077,13.207146496812452
3,44,9.731970652707167,13.12008637389914
3,45,9.668910981157062,13.035323378133313
3,46,9.610557048781331,12.962777866102783
3,47,9.551016506333221,12.890933117420374
3,48,9.495327080265419,12.823267353748745
3,49,9.440840986052567,12.740599275969224
3,50,9.39191137842776,12.669084461466005
3,51,9.341164125953014,12.602263272510264
3,52,9.294281861620297,12.546917618596666
3,53,9.253025736993045,12.492392098937247
3,54,9.211894305527963,12.434768341721824
3,55,9.171500753311106,12.3768286537217
3,56,9.130832913760974,12.317583192632508
3,57,9.089839059637855,12.26708324668112
3,58,9.05379799636407,12.234785942935343
3,59,9.0188377316106,12.18348151584623
3,60,8.98520166627076,12.149575007097855
3,61,8.954955202266804,12.096063285960131
3,62,8.922973178319426,12.064675169180855
3,63,8.89396544642416,12.035096648007793
3,64,8.863582047344247,11.994502416398504
3,65,8.828482656902754,11.957784817961889
3,66,8.800936291666158,11.925815292795875
3,67,8.772742117682789,11.879941090289288
3,68,8.74835904042342,11.853761800432325
3,69,8.72594904897307,11.824974559166465
3,70,8.703367025006475,11.798535909221036
3,71,8.676012814109944,11.777248382895166
3,72,8.651026861174053,11.744460129374096
3,73,8.62563155059859,11.70983890406247
3,74,8.601444354790392,11.673798961006506
3,75,8.579039274515422,11.655527545490505
3,76,8.55766278076656,11.628736465846595
3,77,8.53559206854831,11.615287431443479
3,78,8.514771268508271,11.581806619759664
3,79,8.495091834943775,11.544592371107958
3,80,8.477774143980824,11.526486182464748
3,81,8.457182978692067,11.496269575895264
3,82,8.441756608625692,11.4682879466146
3,83,8.42046353660582,11.441884176674861
3,84,8.403606381493125,11.427984820836098
3,85,8.385479260377917,11.40572652914715
3,86,8.369241658487546,11.391847396442428
3,87,8.356212691032615,11.371833792323388
3,88,8.335145862829094,11.348685581120009
3,89,8.3199376041996,11.333923752906452
3,90,8.301907016044352,11.312391391188743
3,91,8.28818281663969,11.293799708082924
3,92,8.27175241016438,11.263893481043462
3,93,8.2576172648235,11.247613410432114
3,94,8.247518005821727,11.239975788307252
3,95,8.234107480118622,11.227125390555281
3,96,8.223461410567857,11.21262819495072
3,97,8.212264068145602,11.19665396577156
3,98,8.19440309380676,11.176849020095593
3,99,8.183018668136302,11.168612640266844
3,100,8.168259933870871,11.146465424847335
3,101,8.157974826821016,11.133372081191652
3,102,8.146294349399248,11.12582953550509
3,103,8.13614505217521,11.119859852810162
3,104,8.122886907145341,11.099060759214145
3,105,8.108815333430524,11.090763947911581
3,106,8.099253012918718,11.07866536135661
3,107,8.08550378008381,11.059988416614855
3,108,8.077796564749278,11.054502936046434
3,109,8.067505169423814,11.033431933423634
3,110,8.0597678844779,11.02560715299207
3,111,8.047648391277106,11.010982311111718
3,112,8.036010441078332,11.004305302153522
3,113,8.028722401315433,10.995492640099656
3,114,8.019842284977196,10.985211002679367
3,115,8.012908267330513,10.97776854137639
3,116,8.001796206287063,10.97099925143373
3,117,7.991454126648601,10.951528813442968
3,118,7.98402629091921,10.939865921879502
3,119,7.977276246209445,10.928138107080025
3,120,7.964955923737786,10.91602658745541
3,121,7.954944521489533,10.90056498895595
3,122,7.9486180310122645,10.89431181823464
3,123,7.942058868448251,10.889614229602675
3,124,7.934111469433927,10.874705575071054
3,125,7.9273633500654,10.86432307571836
3,126,7.91830755465041,10.850766379933335
3,127,7.907864280858808,10.84820349943354
3,128,7.901157332360526,10.837474574605439
3,129,7.892976391096234,10.834414086261736
3,130,7.882955994376325,10.813231488412764
3,131,7.87674052736557,10.808920456019953
3,132,7.869107638336205,10.800566948888516
3,133,7.8635184762295545,10.797829669966196
3,134,7.852875885418963,10.782897560963006
3,135,7.845384811288085,10.774710074001115
3,136,7.840189421959176,10.77095306515518
3,137,7.830992527709852,10.762190790006548
3,138,7.82526610224333,10.759022932257468
3,139,7.819590505693465,10.749389135225348
3,140,7.813874706652696,10.746469588268013
3,141,7.8089635648639755,10.742857068689174
3,142,7.80307938796091,10.734109469156582
3,143,7.795012982757836,10.732434808131515
3,144,7.7905333698253685,10.729329101607355
3,145,7.785627675289667,10.720307141415768
3,146,7.7769061515462035,10.710808689074739
3,147,7.769135156520839,10.700127997689096
3,148,7.764276937914855,10.699119137129072
3,149,7.757374696156316,10.685583488028957
3,150,7.75014219669616,10.677234248766979
3,151,7.745416375550788,10.669638932322277
3,152,7.740019302944328,10.662572830924201
3,153,7.732612185697439,10.66084376941899
3,154,7.728034023107918,10.661169329039641
3,155,7.721236847725855,10.647651948872118
3,156,7.717474598453832,10.640144284125942
3,157,7.7127280621732455,10.637680910348323
3,158,7.707071644534438,10.627339464040244
3,159,7.702159388821553,10.616955083661054
3,160,7.697844816130791,10.614844689410386
3,161,7.69246338717874,10.614990849888661
3,162,7.68515980470159,10.607646246290168
3,163,7.681126981426082,10.604300918290798
3,164,7.675723544725265,10.5968106231222
3,165,7.671837831753811,10.594146731389243
3,166,7.667971546792187,10.590398051889094
3,167,7.661452181806335,10.588447274376747
3,168,7.657245001805752,10.586470862073417
3,169,7.653570396361891,10.579735019869837
3,170,7.65001674695751,10.578802029847745
3,171,7.643558893281644,10.572706973659932
3,172,7.63844141760201,10.561887763608974
3,173,7.633339303242377,10.553409939777861
3,174,7.626381064919544,10.551496776468644
3,175,7.621397486479799,10.542052301112303
3,176,7.618219811230757,10.534939346330438
3,177,7.613680352889056,10.534452378216816
3,178,7.61002912982608,10.52655624430688
3,179,7.606700811230223,10.522735248308448
3,180,7.601276839518486,10.516064913370762
3,181,7.597962591590664,10.51108440489683
3,182,7.593118315447288,10.502062089345426
3,183,7.589706131111196,10.500326788777135
3,184,7.585953253740927,10.492493009683693
3,185,7.579997680583106,10.469615498434573
3,186,7.575971271787826,10.465851147625024
3,187,7.569537532144971,10.456971009737916
3,188,7.5630650063759814,10.450416862281672
3,189,7.560954012054929,10.448185919795183
3,190,7.557472871255858,10.446255724827322
3,191,7.553268040322969,10.439860328923169
3,192,7.5498836468075545,10.438047023298067
3,193,7.546878575319697,10.433739813976734
3,194,7.543230658085854,10.433297646852711
3,195,7.537479646703132,10.410563528920136
3,196,7.534376351343191,10.405974375356726
3,197,7.530165435171966,10.408185423512402
3,198,7.5278754910596595,10.406201212803321
3,199,7.5254244707013145,10.404097439343726
3,200,7.522693152176352,10.39898617820158
3,201,7.519386504414057,10.397123482750894
3,202,7.516401409049771,10.396677852037428
3,203,7.512022699703713,10.384763231641788
3,204,7.508933994960032,10.383403890404768
3,205,7.505181830970987,10.376623630064458
3,206,7.502387852168244,10.372588049912622
3,207,7.498880877901486,10.366275186532874
3,208,7.495504707045074,10.35847845741705
3,209,7.493236949575864,10.354499487765871
3,210,7.4905187801681015,10.352195472402707
3,211,7.486646788910913,10.350796480416248
3,212,7.483109812303247,10.351737281583071
3,213,7.480055958299214,10.347607868956116
3,214,7.476945310478489,10.347553720488902
3,215,7.474276759518903,10.347044159982483
3,216,7.4694306206373815,10.334948891326716
3,217,7.466240119504688,10.325529885729717
3,218,7.463170427942369,10.325092548512709
3,219,7.459720726996574,10.320023362268099
3,220,7.4568271242528095,10.317904717122016
3,221,7.454120179178949,10.315318596420271
3,222,7.4501854948551225,10.313121225349432
3,223,7.4464666271915965,10.309561413033318
3,224,7.443409968117682,10.307986797780112
3,225,7.43996671041282,10.306539441368637
3,226,7.437732550464223,10.303644020223691
3,227,7.435474253483317,10.302266258416878
3,228,7.432936686178754,10.30120412023777
3,229,7.429689734943044,10.298696064416868
3,230,7.42336820980562,10.290017781056115
3,231,7.42047649290754,10.28952155342821
3,232,7.415259355424046,10.282568582166983
3,233,7.412480476731844,10.283360543894132
3,234,7.409234426093349,10.280186145459425
3,235,7.406145699927222,10.277868337831805
3,236,7.403837806212702,10.274434112912678
3,237,7.401509818312076,10.269521947222653
3,238,7.398545742145596,10.269482816952564
3,239,7.395689534674798,10.260841264094461
3,240,7.392673552180372,10.260312019690282
3,241,7.389402291217614,10.260349840487844
3,242,7.387224328184154,10.259610199564618
3,243,7.384249688165606,10.259798534695697
3,244,7.380466703646751,10.254992214892434
3,245,7.3776788026455264,10.250876783492876
3,246,7.374807851353353,10.249258773710563
3,247,7.373270763240986,10.249635393642098
3,248,7.368792629147207,10.245251280592283
3,249,7.365876983102271,10.244570784100782
3,250,7.364216155345294,10.243321085314214
3,251,7.361840177649817,10.242031249152618
3,252,7.359984905064014,10.240635089105844
3,253,7.357388144561294,10.24268569795995
3,254,7.35564995515037,10.24255775709729
3,255,7.3528635526046315,10.236768706142678
3,256,7.3511740250830755,10.236516633821232
3,257,7.348537285398915,10.234103982917075
3,258,7.346391325917628,10.233478874743987
3,259,7.34354327452024,10.225191032053434
3,260,7.341501047676267,10.223715869344543
3,261,7.338708178218441,10.223154170850046
3,262,7.336416374304359,10.221920514009497
3,263,7.3336826614963915,10.220756222015918
3,264,7.330415284006923,10.214311879311815
3,265,7.327587675437993,10.20976768203951
3,266,7.325246552068587,10.20879293086275
3,267,7.323353148789288,10.207591931503543
3,268,7.321117170694244,10.206418987940555
3,269,7.318145852071517,10.202767275712771
3,270,7.315768082059535,10.201762514689701
3,271,7.313300360839608,10.200344026393237
3,272,7.31082277599519,10.194562614923804
3,273,7.308697009994208,10.19452271117975
3,274,7.307486023197253,10.194672942742654
3,275,7.305476135456663,10.192411855121007
3,276,7.301862272614017,10.19143066174497
3,277,7.2994076705584625,10.189353731808838
3,278,7.296283184096527,10.185804367169535
3,279,7.293794710853234,10.185999759651066
3,280,7.29096803196765,10.184725650347996
3,281,7.289457621201253,10.182759333726151
3,282,7.286210536403612,10.180414649848082
3,283,7.28385582433832,10.179239089797933
3,284,7.281404155500088,10.177535426062532
3,285,7.278598931080192,10.179123861408193
3,286,7.275339996302076,10.175744237705146
3,287,7.271288892012897,10.171697390236618
3,288,7.269617535455965,10.169949863550748
3,289,7.267004708012311,10.16165362770619
3,290,7.264368377685077,10.160635922612103
3,291,7.262560420329266,10.158361198986888
3,292,7.259973905957032,10.1552021263401
3,293,7.257734221487258,10.15440508655523
3,294,7.2533696721004794,10.1493193985042
3,295,7.251640560578405,10.149690788566918
3,296,7.249908389651457,10.147728205257783
3,297,7.2477202664787965,10.144154456736342
3,298,7.245484000684567,10.144806843256502
3,299,7.244215914866928,10.143968048024979
3,300,7.242147802848874,10.14345032020718
3,301,7.239368503858063,10.138857192147231
3,302,7.237760475501761,10.139080662065862
3,303,7.235345889322074,10.138176335795567
3,304,7.231672048374525,10.132757565166807
3,305,7.229672692424032,10.131378261467203
3,306,7.227893453188054,10.130773360901475
3,307,7.226215737915027,10.129872927952446
3,308,7.22320363521585,10.128633824331496
3,309,7.22132003061697,10.12775219449446
3,310,7.219489239529172,10.124014033068615
3,311,7.217756632042323,10.123259260228517
3,312,7.21436812821271,10.120372691307534
3,313,7.212148840177322,10.118620180070549
3,314,7.210215988388504,10.11609088114053
3,315,7.208187206012015,10.114753728492014
3,316,7.205375037955049,10.114245830185762
3,317,7.203735233893888,10.111481680963008
3,318,7.201986849460556,10.110561710298374
3,319,7.200410244045342,10.110990598101614
3,320,7.198515135421196,10.112292926975318
3,321,7.194373460580475,10.106932222731414
3,322,7.1924965907972,10.1024942055725
3,323,7.190393895869038,10.10244869409666
3,324,7.188957322763628,10.099921306296833
3,325,7.186630515030671,10.098949974389116
3,326,7.1838716292435265,10.096735851690555
3,327,7.181875608031299,10.093680598728668
3,328,7.178614658779551,10.08936305678094
3,329,7.177233391516379,10.08798781124811
3,330,7.175759567922831,10.088158108503116
3,331,7.174005428097422,10.087211860884539
3,332,7.172215306484273,10.086740518641772
3,333,7.171027334817267,10.086797321693105
3,334,7.1684554721719085,10.086572957854244
3,335,7.1672978845798925,10.086033938612772
3,336,7.165018682558742,10.081524643396346
3,337,7.162829063093556,10.078962786463906
3,338,7.16137955214639,10.078992704661351
3,339,7.158647140430777,10.0757024267245
3,340,7.156413383154353,10.073259780224582
3,341,7.154699680223209,10.072662627466018
3,342,7.152848494792623,10.068061561367413
3,343,7.151030347925098,10.067315539215034
3,344,7.148458220375354,10.063925218131379
3,345,7.14697731562287,10.063938188657081
3,346,7.144548934378481,10.06330414095174
3,347,7.142952857867703,10.063092088422534
3,348,7.141223777076133,10.06166583002305
3,349,7.13984068794818,10.058436360685695
3,350,7.137830577228973,10.052627623586451
3,351,7.135866543723526,10.0511438318168
3,352,7.133691571881902,10.05079930095833
3,353,7.132441964987033,10.051615660916086
3,354,7.130113331613094,10.050376339767002
3,355,7.128426212342219,10.049965594517705
3,356,7.126858695313822,10.050344743315977
3,357,7.124490567830684,10.050236954530956
3,358,7.122938204601675,10.049583019534671
3,359,7.119773342117605,10.048460878897583
3,360,7.117981360520687,10.04742645559999
3,361,7.116613904375995,10.045086219625812
3,362,7.11459021470414,10.043006652179107
3,363,7.112576066123148,10.041585965099872
3,364,7.111460016337562,10.042772136355875
3,365,7.109972229243042,10.041261231324693
3,366,7.108456186379521,10.03882438944759
3,367,7.107033440940029,10.03842089160511
3,368,7.104320761338992,10.030769541561614
3,369,7.102555446183597,10.03041894567224
3,370,7.10040431088661,10.030868199370241
3,371,7.098542238404044,10.03034355049676
3,372,7.096303531263274,10.028402634625248
3,373,7.094536212248501,10.029534858877977
3,374,7.0929970580406385,10.029088874690467
3,375,7.091443635354279,10.030128068552605
3,376,7.089980553107087,10.029062471236715
3,377,7.088246921407471,10.026401778771204
3,378,7.086202099845032,10.025306191810628
3,379,7.084160020621922,10.024702809248437
3,380,7.082987587931598,10.02401451589721
3,381,7.08133369973808,10.021165751137495
3,382,7.078966867711383,10.018946007035549
3,383,7.077152969480432,10.019151504345388
3,384,7.07486672273281,10.019486163884382
3,385,7.073273828265044,10.019463013297937
3,386,7.0715813805948216,10.01697445030088
3,387,7.070068824350857,10.015015899914019
3,388,7.068148642886875,10.015519600433008
3,389,7.067131290267806,10.014580124393092
3,390,7.064918904636985,10.012725596902783
3,391,7.063204105779149,10.009942737755704
3,392,7.061884499611532,10.010542993386203
3,393,7.060416847773546,10.006684897935006
3,394,7.058682437425362,10.00805909062704
3,395,7.0569752710553955,10.007175527574063
3,396,7.053998342526016,9.999464569234416
3,397,7.052202750499371,10.001747430551047
3,398,7.049379229584452,9.997964569643171
3,399,7.047614044316811,9.996522817317553
3,400,7.04533237774429,9.99223197557996
3,401,7.0435072429013115,9.991547297729788
3,402,7.041722438729907,9.989980034258501
3,403,7.039626231064646,9.988083390664098
3,404,7.0381852650640075,9.98831953899654
3,405,7.035949417379002,9.988586232914582
3,406,7.034497341731397,9.987361131097233
3,407,7.032554554158394,9.984674224549883
3,408,7.031293718739896,9.984591984816603
3,409,7.030005418865201,9.986200520849282
3,410,7.028262936659985,9.98306432831029
3,411,7.0266781658105915,9.984208168338265
3,412,7.024887776732764,9.982905929614779
3,413,7.023431799525359,9.982084527641671
3,414,7.022400620472261,9.98149473890356
3,415,7.02074240521235,9.983224465944685
3,416,7.019047116654551,9.983220409761088
3,417,7.017741669319099,9.982740545690282
3,418,7.016417336383109,9.983864852270342
3,419,7.015083050571408,9.983807664774659
3,420,7.013498275733479,9.982919392800687
3,421,7.0113166267713956,9.979927556026103
3,422,7.009441292370529,9.972325150616253
3,423,7.007688560164511,9.969817654850154
3,424,7.005677169535614,9.96628384252088
3,425,7.0041184072562155,9.967943194517467
3,426,7.002699909723158,9.967966335170098
3,427,7.001745356941625,9.967514321837333
3,428,7.0000945172909494,9.968200456810731
3,429,6.998369137736004,9.966406856818843
3,430,6.996890932644275,9.965558049529617
3,431,6.995492491606561,9.965813839312943
3,432,6.994542694665186,9.965946059093984
3,433,6.9926957661214795,9.963307005100024
3,434,6.991641216118841,9.962109420011373
3,435,6.990142896521944,9.961557610730605
3,436,6.989025165933432,9.960490350870494
3,437,6.987726708814397,9.959900226279709
3,438,6.986311760367457,9.95980329135752
3,439,6.985022706777504,9.95873735203138
3,440,6.983435002186635,9.9585327060444
3,441,6.982076555596372,9.958467759605677
3,442,6.980467775297278,9.956620256245552
3,443,6.979088995731213,9.955948207749103
3,444,6.977586071915104,9.955063461972548
3,445,6.9760647149820985,9.953446660136542
3,446,6.974726622236185,9.95329458932671
3,447,6.9731637285159875,9.954100818416824
3,448,6.971447719170004,9.953919093333127
3,449,6.969910725368963,9.955165962996237
3,450,6.968488773050006,9.955517227598056
3,451,6.966426596988871,9.947221320977391
3,452,6.965517549544757,9.946341354508212
3,453,6.964397692309712,9.945652929566448
3,454,6.962803670440614,9.947461240537704
3,455,6.960897466771794,9.947958021226807
3,456,6.95836919815815,9.947688904545773
3,457,6.957196912003783,9.949225430311992
3,458,6.956110921699127,9.948347371653389
3,459,6.954606876964554,9.948210395675384
3,460,6.95349648322174,9.947841612677943
3,461,6.9516082923256235,9.945845863274712
3,462,6.950363485181951,9.947392849892557
3,463,6.949114942643219,9.944723340078989
3,464,6.948137010057491,9.94469817707468
3,465,6.946559305935039,9.947681939436706
3,466,6.944903393988105,9.946072662041804
3,467,6.943371944339095,9.944784521897699
3,468,6.942342270795827,9.945049470129705
3,469,6.940277530783366,9.944185440683178
3,470,6.939318020880516,9.945068943356178
3,471,6.9377770207501195,9.945334420341366
3,472,6.936703073651783,9.944468563722749
3,473,6.933801373755913,9.940631043307928
3,474,6.932904358028187,9.94063478979445
3,475,6.931740073415556,9.940646329230185
3,476,6.9305808847586485,9.940399773396793
3,477,6.929309342506438,9.939557163853756
3,478,6.928191651785444,9.93813733329128
3,479,6.926251944076123,9.93607845831683
3,480,6.9252799304998405,9.935435370688666
3,481,6.924399532613762,9.93464125189372
3,482,6.9232743996389114,9.933860156155491
3,483,6.922440376610138,9.935004013172788
3,484,6.921136930059343,9.933521727572922
3,485,6.9195898388135815,9.931752403252712
3,486,6.918730032103779,9.931900604936795
3,487,6.9170037800217,9.9308225895156
3,488,6.916038027464968,9.931024423294206
3,489,6.914513384937802,9.929125072815955
3,490,6.912878240306436,9.92951645506551
3,491,6.9119587684005195,9.928259856790488
3,492,6.910075392658295,9.927494043562552
3,493,6.907274845796118,9.927117533155833
3,494,6.906052129434007,9.928729633694546
3,495,6.904140021576055,9.927565534516642
3,496,6.902559201754239,9.92475779402808
3,497,6.901100282002539,9.923762794009999
3,498,6.899229752006107,9.921865916439632
3,499,6.897661091514159,9.92067837071144
3,500,6.896429885147706,9.918936261095565
3,501,6.8952339696747815,9.918737708217547
3,502,6.893234544305887,9.917566737462474
3,503,6.8919957236064935,9.91555187800727
3,504,6.89076233692019,9.915245639102414
3,505,6.889442436359093,9.914210726219533
3,506,6.888165599724347,9.915380341740423
3,507,6.88709188298609,9.915201028594383
3,508,6.884593325129331,9.913519542650457
3,509,6.883272003780463,9.912697152033022
3,510,6.881836980236438,9.91316704952523
3,511,6.880576577293859,9.909945294510896
3,512,6.87929268768965,9.908833412536357
3,513,6.878524417435652,9.907886293863175
3,514,6.87714283873851,9.908435175399726
3,515,6.875171467575753,9.907442616966637
3,516,6.873684347822119,9.910287920419528
3,517,6.872793565191817,9.911014314493576
3,518,6.871517139429324,9.909432563539921
3,519,6.870359786303735,9.910643210568736
3,520,6.86844781591164,9.908868418333807
3,521,6.867061731278249,9.909264372686891
3,522,6.86546446319443,9.907473841116
3,523,6.86422015121129,9.907411543644784
3,524,6.8634749582453205,9.908591413297145
3,525,6.862252896233792,9.908400590353699
3,526,6.861067548072527,9.910343581425783
3,527,6.86019414912788,9.91031171799948
3,528,6.858724829900888,9.90912998271698
3,529,6.857700123027784,9.910047792664448
3,530,6.856659528882028,9.909312729949853
3,531,6.8552205898005445,9.908631385896951
3,532,6.853795893164487,9.908039281846502
3,533,6.852458966208167,9.907175640350786
3,534,6.850469716072545,9.906640412870093
3,535,6.84862171573961,9.90539886854279
3,536,6.846897327751136,9.913682327424336
3,537,6.844468708333248,9.91465308884607
3,538,6.843757091323536,9.91509732685534
3,539,6.842725127281004,9.916653501539438
3,540,6.842076083303088,9.91570999482581
3,541,6.84079124790134,9.914384327955345
3,542,6.839862566492729,9.913874676126166
3,543,6.838187791222281,9.913475345460514
3,544,6.836669842872378,9.912006211774502
3,545,6.835456787076721,9.911487697426146
3,546,6.833898631828885,9.911495610334578
3,547,6.832874798646976,9.910294044694506
3,548,6.831712288382333,9.909794599792631
3,549,6.829771698350583,9.908937691511667
3,550,6.8284010699755635,9.90848378540349
3,551,6.827159236711812,9.9078203663199
3,552,6.826405559709126,9.908140514342655
3,553,6.825494129113867,9.910894997184121
3,554,6.824328593007189,9.911342548694341
3,555,6.823349754872703,9.910848306442183
3,556,6.822551100985792,9.90948666184973
3,557,6.8212383328521815,9.908731120891677
3,558,6.820445341921976,9.9089656719209
3,559,6.818696232991199,9.90784018124904
3,560,6.817465860357955,9.90802828059835
3,561,6.816359700067632,9.90759959890192
3,562,6.815232329669932,9.906583463598633
3,563,6.813648509387067,9.90614749299871
3,564,6.812571248520079,9.90606673848898
3,565,6.811384835788393,9.906251747895487
3,566,6.810223696082931,9.90778518457788
3,567,6.808826211570366,9.908873522975219
3,568,6.808079925039572,9.908891008883312
3,569,6.806829559184627,9.908847376757729
3,570,6.804959357109922,9.909039284769364
3,571,6.80391961657923,9.909076386797656
3,572,6.802871268314449,9.909751742567886
3,573,6.801782013112387,9.90992579079215
3,574,6.800688922870909,9.911007248288144
3,575,6.799759705947914,9.911262749493355
3,576,6.798286604624734,9.911078604211646
3,577,6.7973507844375485,9.911209673962544
3,578,6.79510488514305,9.910258458284696
3,579,6.793331848847256,9.911510447089254
3,580,6.792441994765771,9.912546450544946
4,1,19.69795392550616,25.17337528128531
4,2,19.20921532633755,24.58789757223199
4,3,18.75007817995018,24.040876367960255
4,4,18.314296030117866,23.518364213731523
4,5,17.9016951565996,23.02240945292235
4,6,17.509923335816012,22.54212349783977
4,7,17.13500991295495,22.081994987115216
4,8,16.78120862685498,21.65982628451435
4,9,16.44981755678397,21.257356607512786
4,10,16.126470594648797,20.86331979761206
4,11,15.838521242044584,20.60679115523361
4,12,15.554277011066894,20.262903100608224
4,13,15.282808231185724,19.93620162487317
4,14,15.039239249360607,19.713782967695195
4,15,14.796808945516055,19.419679245838676
4,16,14.560102053475614,19.129025912610476
4,17,14.338639391249789,18.85520974519883
4,18,14.131817885985686,18.6082952578699
4,19,13.93786983814808,18.373565129841467
4,20,13.747832407158393,18.14633187078183
4,21,13.571168070262965,17.926882599446923
4,22,13.407373428171626,17.727786367262578
4,23,13.249649265022207,17.52754434488007
4,24,13.097180334717367,17.334365034900646
4,25,12.944545961602351,17.147172740741148
4,26,12.80690570740079,16.978523962160757
4,27,12.672358868429086,16.808027031740323
4,28,12.545512076021268,16.65011193438088
4,29,12.424697046803699,16.49989804532109
4,30,12.312194191442265,16.363275190061906
4,31,12.210442722149594,16.241621474750026
4,32,12.113570796681303,16.12416674538844
4,33,12.019552771645548,16.018481283318067
4,34,11.922913746976093,15.896296974585999
4,35,11.83373071094729,15.778976258952822
4,36,11.747432683854415,15.676385565535117
4,37,11.670618475751446,15.590040002238954
4,38,11.591674605948084,15.485710188023129
4,39,11.515667512832177,15.40473114858211
4,40,11.446062104668899,15.306163708289242
4,41,11.375895106108985,15.23475449989553
4,42,11.312933287412502,15.168651044874885
4,43,11.254317396479284,15.088955817210376
4,44,11.198207457133163,15.007600906173181
4,45,11.14213857534364,14.952601380698102
4,46,11.087024871605692,14.888166347393252
4,47,11.035627925600203,14.816067515934211
4,48,10.985988514538358,14.7617858273937
4,49,10.938380934689071,14.685561530565746
4,50,10.89415468507286,14.62830965380295
4,51,10.84253735409341,14.570393947862941
4,52,10.798235984318977,14.518004310747338
4,53,10.757843289227484,14.469902495789725
4,54,10.71391642060791,14.410014679043279
4,55,10.677473569199242,14.366464780084065
4,56,10.64074022952993,14.334599787155186
4,57,10.59735384395292,14.286330104464197
4,58,10.557980626464964,14.2184616268342
4,59,10.52664584904506,14.193859944045109
4,60,10.496621290675137,14.165911488938727
4,61,10.462231683919736,14.114865381366977
4,62,10.43504252604082,14.084390560844602
4,63,10.403927705109398,14.056695231250515
4,64,10.37913852816326,14.025479729142798
4,65,10.34514936619243,13.9867771361314
4,66,10.317951671774761,13.953809681931196
4,67,10.287344121373616,13.92434907890972
4,68,10.2636967417775,13.895539814568101
4,69,10.240143595605852,13.872885112453911
4,70,10.216122605597585,13.856237138694366
4,71,10.195346746788186,13.826706873725307
4,72,10.16602749764398,13.782781881510981
4,73,10.143171700437055,13.745328816764518
4,74,10.124197708260102,13.728747216099716
4,75,10.10086420480696,13.705901067084483
4,76,10.082991118892952,13.68316314456875
4,77,10.065309407774208,13.667378717168694
4,78,10.045969789023015,13.654755470617303
4,79,10.028202190527114,13.627953949616627
4,80,10.000335933365747,13.597906869143744
4,81,9.978091902417711,13.564292503067021
4,82,9.955358023266951,13.547671377491
4,83,9.932804981129467,13.519594424138305
4,84,9.918409512361388,13.506689500874751
4,85,9.895153398833848,13.49060358619981
4,86,9.875683342198682,13.477852981577032
4,87,9.858838806718659,13.45917019674858
4,88,9.84679707850309,13.446827777584772
4,89,9.825082936378179,13.422598220429713
4,90,9.81007519854242,13.398350171023745
4,91,9.79575856838659,13.38240722894482
4,92,9.78004057407043,13.365802991818102
4,93,9.76673943357642,13.340950925005101
4,94,9.753830749742775,13.328789680171127
4,95,9.736087698687045,13.304286301937431
4,96,9.71933092304442,13.292021708606434
4,97,9.706519720604414,13.275017093650447
4,98,9.69519664849209,13.262228968120496
4,99,9.683150689462689,13.24108327937985
4,100,9.671716733941633,13.230102580942656
4,101,9.660885468225295,13.225710079414617
4,102,9.64884625291541,13.199803329560645
4,103,9.631778408594387,13.182591169153564
4,104,9.61687996176654,13.17132401938897
4,105,9.602913811549437,13.162048230624578
4,106,9.592169937925204,13.15537649097148
4,107,9.58258422069969,13.147135606803111
4,108,9.57418110732513,13.14008256268717
4,109,9.560763086500332,13.129893439089697
4,110,9.545612194169674,13.112952216427038
4,111,9.531994121230037,13.094937947378796
4,112,9.521559197223844,13.086793297891854
4,113,9.508236365985663,13.059153705415655
4,114,9.49836477397337,13.038162717666609
4,115,9.490404537392687,13.028746288423797
4,116,9.479016399659729,13.020934248622334
4,117,9.468169748559234,13.009030516710549
4,118,9.458555072168297,13.004632777874681
4,119,9.449860255257555,12.992305661877598
4,120,9.439429529549624,12.976767185103483
4,121,9.428552536737229,12.958559000230904
4,122,9.421557114954066,12.950778017729121
4,123,9.412688987500056,12.940687100112289
4,124,9.404281581408561,12.926985897058731
4,125,9.39697516292578,12.916891390880878
4,126,9.385714846792274,12.895871846130223
4,127,9.377990374420573,12.881217944695235
4,128,9.370031269361274,12.868093045306171
4,129,9.35909689022365,12.860622059509822
4,130,9.34857091643129,12.837030347275125
4,131,9.34257934113229,12.830199500510055
4,132,9.335826229922969,12.825633329862576
4,133,9.329337712467458,12.822660504899392
4,134,9.315915422065357,12.804696406546443
4,135,9.306683270758187,12.799993088002955
4,136,9.297910464567227,12.793024112949254
4,137,9.289155054102602,12.786731570276087
4,138,9.28294061876957,12.776071292190874
4,139,9.27492781441893,12.775046462651135
4,140,9.26882182109873,12.766202988162572
4,141,9.262749449054398,12.764431359445581
4,142,9.256792196486378,12.7557918520219
4,143,9.251116890784767,12.749308132942613
4,144,9.244856429694586,12.738146428895467
4,145,9.239190876388474,12.737156142985866
4,146,9.233886416391895,12.730609785194734
4,147,9.227404857535502,12.728127893291374
4,148,9.221885153323742,12.724071619433316
4,149,9.212323683846526,12.713334832778363
4,150,9.202324043983966,12.701490070615453
4,151,9.197805917366942,12.698636664359476
4,152,9.192599614441985,12.688653345554828
4,153,9.185240441073283,12.69074376399158
4,154,9.179029167710604,12.682932871771246
4,155,9.170842697191144,12.674905359194812
4,156,9.164021458796634,12.674151785729668
4,157,9.157524347939813,12.664539647706857
4,158,9.152162912996857,12.660452371315218
4,159,9.1466862645378,12.654628548174733
4,160,9.14202936658848,12.65217261054894
4,161,9.136250222230487,12.651764990216584
4,162,9.131271400573233,12.647348772855507
4,163,9.123492137826362,12.638483615692373
4,164,9.116839381750095,12.623957551338389
4,165,9.1114764277334,12.618979547509865
4,166,9.10658505556165,12.613698130210436
4,167,9.102640034000636,12.605359593726886
4,168,9.096901363864841,12.604452038939868
4,169,9.092950258347056,12.5957862978015
4,170,9.088779647461433,12.592263901908263
4,171,9.081741178949683,12.584255280575205
4,172,9.075324621320926,12.574581558853213
4,173,9.06950201495206,12.571208493448703
4,174,9.065591739114756,12.567639502925562
4,175,9.06128281735219,12.562787198509003
4,176,9.0557977906672,12.55029774778228
4,177,9.051565835042167,12.548825911699
4,178,9.047266450367006,12.546811517174934
4,179,9.0405401522552,12.532937190455035
4,180,9.03305813149865,12.524417941371448
4,181,9.02876009626544,12.520523287792349
4,182,9.023728547928581,12.521267971594174
4,183,9.021031458087718,12.519114377944272
4,184,9.015012097562858,12.50689896901037
4,185,9.010995466456444,12.503598776923909
4,186,9.006455693501083,12.499071158795203
4,187,9.001199666107285,12.486114883743284
4,188,8.994530858198349,12.47919665407662
4,189,8.991097148965522,12.47246410641757
4,190,8.987119609905248,12.46898523412404
4,191,8.98365752544287,12.46686116074247
4,192,8.979662682377437,12.463143313726048
4,193,8.976297013640295,12.461790642228431
4,194,8.970138914330127,12.453427314478875
4,195,8.96665199453426,12.44606360739345
4,196,8.963297432938552,12.445590336488872
4,197,8.958591003836121,12.44857864975787
4,198,8.955431867423023,12.446635438024261
4,199,8.95054177747113,12.447989308296103
4,200,8.944874904635851,12.44149050180355
4,201,8.93948287231685,12.435076734119535
4,202,8.934627884273395,12.4353009150787
4,203,8.930596593094236,12.424867391830887
4,204,8.925161109813022,12.419308311094584
4,205,8.922398601979843,12.416100417386971
4,206,8.919198359053567,12.412424022196799
4,207,8.915328932122526,12.409590192352875
4,208,8.911429779196224,12.400686491955092
4,209,8.908643819923027,12.397262008065653
4,210,8.90487796626556,12.39332396490095
4,211,8.901902763835542,12.391099982887136
4,212,8.897076051616107,12.386339284447667
4,213,8.893046193965699,12.384583010017968
4,214,8.890339658451234,12.381475170969905
4,215,8.886592399514795,12.380842669880826
4,216,8.881078442716573,12.36944785019405
4,217,8.878726451260498,12.36821891661473
4,218,8.8758256281246,12.366344966252711
4,219,8.873412227270965,12.364574278708046
4,220,8.869765079343928,12.362954712796403
4,221,8.866923145946453,12.360044129698647
4,222,8.861431731279561,12.348888182573088
4,223,8.858907940032198,12.348812100454609
4,224,8.855085063164626,12.347240479806286
4,225,8.850568899716656,12.341395102432026
4,226,8.846588950035919,12.33645139008088
4,227,8.844166704630666,12.335107343939189
4,228,8.841649193112222,12.331532619821775
4,229,8.837754439908384,12.32876724515704
4,230,8.833547564844206,12.32293761595006
4,231,8.829893380113033,12.320773396271754
4,232,8.825679018762822,12.313787680811362
4,233,8.822806678377422,12.313543116407704
4,234,8.820347102521094,12.313119394347304
4,235,8.817960917609982,12.31077356843556
4,236,8.813355447704796,12.305641649387395
4,237,8.80864363231244,12.30130766627662
4,238,8.804621030756165,12.30128745544165
4,239,8.801136502230186,12.297862644467697
4,240,8.799387581999945,12.294372744164416
4,241,8.797034390163846,12.294752044973022
4,242,8.792990537835397,12.283048258459702
4,243,8.790388971139622,12.281286734548614
4,244,8.786069102708392,12.275695650550857
4,245,8.78192566622854,12.270139710323566
4,246,8.779771332269355,12.269020716004336
4,247,8.777723527603241,12.266586118025376
4,248,8.774182369673369,12.262030148107891
4,249,8.772324542874504,12.2603671025064
4,250,8.769659648446197,12.260711453952856
4,251,8.765948599588624,12.258654386352124
4,252,8.763861997137804,12.25728951709487
4,253,8.760160262386314,12.252294627737895
4,254,8.755402228014631,12.252338617024195
4,255,8.751886240257218,12.246979230750826
4,256,8.748075043179208,12.238774939563731
4,257,8.744963950281434,12.235565103035535
4,258,8.741621646814368,12.237957008377812
4,259,8.738296618755378,12.23043885099267
4,260,8.735435684151915,12.230138219660779
4,261,8.731609773691291,12.222824078204233
4,262,8.728033295724265,12.222900399378737
4,263,8.724663558762536,12.222016455535677
4,264,8.721390239246523,12.221670839696323
4,265,8.718662023858178,12.219936219654535
4,266,8.717217595360932,12.217727013662454
4,267,8.714860428137403,12.218476354755376
4,268,8.712242428417028,12.2171039823933
4,269,8.709082290327714,12.214218036003963
4,270,8.705584711038405,12.213697859471965
4,271,8.702760876307712,12.212173967690388
4,272,8.700055630152828,12.20505730462767
4,273,8.697231935072496,12.20423861361039
4,274,8.695249946596935,12.203272591702136
4,275,8.692971169688525,12.202684897371864
4,276,8.689744402321265,12.20318761990031
4,277,8.688333447153221,12.201856385276097
4,278,8.686174241369793,12.201716204719304
4,279,8.683337232113185,12.198524279359317
4,280,8.680619293478209,12.197097752066634
4,281,8.677418710279216,12.19408511528484
4,282,8.674408205610417,12.192441675014985
4,283,8.671730144922511,12.191200630817928
4,284,8.670246106305282,12.188934204912622
4,285,8.667468151140028,12.188932229817688
4,286,8.664231438216472,12.186883628772696
4,287,8.662073449858521,12.184901053009353
4,288,8.660170721671088,12.182002755576242
4,289,8.656954701163707,12.178476380650904
4,290,8.654468394237433,12.178261939896512
4,291,8.652306779675978,12.175308574599436
4,292,8.64922881435209,12.170680062359985
4,293,8.646871426922404,12.165188117070187
4,294,8.644228718858578,12.158107142066497
4,295,8.642248548825796,12.157675110304217
4,296,8.640132727173633,12.156742418477078
4,297,8.636938102728106,12.150108477308244
4,298,8.633719773547757,12.147513729136037
4,299,8.631605028903481,12.146354720729468
4,300,8.628469565414902,12.14229160751539
4,301,8.625798569664713,12.140215411017186
4,302,8.62332753014481,12.138980491041604
4,303,8.620762445790408,12.141050797769653
4,304,8.616881992288713,12.133405148134392
4,305,8.61475254700934,12.13313653877885
4,306,8.612674621190257,12.13196168656778
4,307,8.611280662248308,12.132048609153918
4,308,8.608300616496615,12.129116866362082
4,309,8.6054336386158,12.13025928612762
4,310,8.602515822187911,12.128212518569544
4,311,8.600195089802558,12.12805677006936
4,312,8.597647004879358,12.125201565256342
4,313,8.595462424320024,12.123489076968449
4,314,8.59266517563574,12.122175991809781
4,315,8.590411501195046,12.118699357808211
4,316,8.58754602053655,12.116541327855517
4,317,8.585832238843894,12.116554531601706
4,318,8.584251494447633,12.115339342066722
4,319,8.582165248428682,12.113222548963856
4,320,8.57992477900088,12.113596642284328
4,321,8.578211432946576,12.112772996403733
4,322,8.576680392355396,12.112710716832508
4,323,8.57417146527759,12.109810296471567
4,324,8.572033483783889,12.104713637554688
4,325,8.569117425428605,12.103909972235778
4,326,8.566453600845225,12.102226855657497
4,327,8.564203619387495,12.099356780713675
4,328,8.56277855178949,12.097808524951404
4,329,8.560905913781529,12.095436071765011
4,330,8.55886615368585,12.095888236156497
4,331,8.556242958873506,12.090119029106232
4,332,8.553969629201813,12.085829238542276
4,333,8.552125850874646,12.087852500562747
4,334,8.549359828543837,12.08819478874513
4,335,8.547642851006454,12.088562267309019
4,336,8.544799074133454,12.08527795657641
4,337,8.542944417553807,12.081707750036774
4,338,8.540711042365615,12.083630296548126
4,339,8.538056409006895,12.078259269013124
4,340,8.535571203942025,12.078053902534972
4,341,8.53347786966177,12.076797602069448
4,342,8.531593650736365,12.0767842727293
4,343,8.529562891374423,12.077463954285772
4,344,8.527098506990658,12.076392660716415
4,345,8.52472168145831,12.074274660730724
4,346,8.522226799404299,12.07079904252057
4,347,8.519830356645071,12.068341557020943
4,348,8.517669996090326,12.066549778586442
4,349,8.515213488780326,12.063442139036686
4,350,8.51355058623765,12.06192365986381
4,351,8.510813751343434,12.060939054984226
4,352,8.509828572583015,12.060371816151907
4,353,8.508270824460705,12.058710501939713
4,354,8.5068580259746,12.057297898130729
4,355,8.505537173231602,12.057396000942699
4,356,8.50317234046595,12.054287787752545
4,357,8.500492196091608,12.052221326681856
4,358,8.4981952867819,12.05024160703021
4,359,8.495692304650936,12.05025050833367
4,360,8.49363969120781,12.048309818163366
4,361,8.491340533401493,12.046485178573201
4,362,8.490099377737574,12.045173688793698
4,363,8.486109618374876,12.026578782066679
4,364,8.484534069511113,12.026122232810199
4,365,8.483235238247765,12.027259003681722
4,366,8.480523332552302,12.025195940244233
4,367,8.478515720927266,12.024807796282438
4,368,8.477454719443232,12.0208219551638
4,369,8.475011472237739,12.019440893374266
4,370,8.472855159294026,12.019396196199601
4,371,8.471462300472133,12.017563159530827
4,372,8.469192783423303,12.018715004904996
4,373,8.467134307527184,12.017733850877956
4,374,8.464810748137777,12.016370077505153
4,375,8.463209518317395,12.017738631891119
4,376,8.460368928055757,12.014268188478397
4,377,8.458356072487549,12.01267007698177
4,378,8.455324279381664,12.009518199727006
4,379,8.452467859375066,12.008461574780599
4,380,8.450347737253862,12.006594815535896
4,381,8.447907987798281,12.00225512981444
4,382,8.44505194284134,12.001874944066875
4,383,8.44289214641537,12.002427868286892
4,384,8.44100306721589,12.00496942680151
4,385,8.438637908186925,12.005648175095555
4,386,8.435579598889893,12.002018908294248
4,387,8.433501507739201,12.00264843859238
4,388,8.430989737658871,12.002546340616712
4,389,8.429089955463363,12.001007650287216
4,390,8.427801988503404,12.000069644262222
4,391,8.425843963950404,11.997417618028708
4,392,8.424101556005699,11.996020227297342
4,393,8.422782057563406,11.997125526617943
4,394,8.422132935151668,11.997504019225826
4,395,8.419831212297257,11.997502332607093
4,396,8.417098381817553,11.991864770538346
4,397,8.415041459022737,11.991531186103789
4,398,8.412807109703335,11.992989522573044
4,399,8.410796255776429,11.991244322357286
4,400,8.40868401698222,11.987688483798882
4,401,8.406667447528834,11.986571883645096
4,402,8.40454434075331,11.984555198073416
4,403,8.40286823800446,11.98279378532945
4,404,8.400886540230749,11.981272350878296
4,405,8.398613770579386,11.980110802228099
4,406,8.39637222574048,11.978207978790179
4,407,8.394152008658526,11.976366384494636
4,408,8.392341863084042,11.976681086306293
4,409,8.39053175914504,11.979956231414839
4,410,8.387978034051349,11.976553414340517
4,411,8.38558973011201,11.973860346849063
4,412,8.38322690276854,11.972676111248383
4,413,8.380759103561891,11.968879504266935
4,414,8.378880088082218,11.968348545705878
4,415,8.376758062095012,11.971760214270574
4,416,8.374693559663692,11.971223386379542
4,417,8.372346035859447,11.971829946370892
4,418,8.370786122784727,11.971200035791322
4,419,8.368580965540763,11.970066654934683
4,420,8.367694298713086,11.969560808283315
4,421,8.365221404245746,11.96622185216505
4,422,8.363120750892486,11.962048979526537
4,423,8.361312998902585,11.958788198900962
4,424,8.358785226072186,11.956871010359231
4,425,8.357318303352674,11.957370950877728
4,426,8.35515696471238,11.955887294352749
4,427,8.353026469843488,11.955851439572427
4,428,8.351114008620335,11.953105033204874
4,429,8.348775850856338,11.952708450510052
4,430,8.346792522532615,11.949636435394352
4,431,8.344881592418712,11.950494701942455
4,432,8.343427079869596,11.947878468639129
4,433,8.341462610820276,11.947745949387988
4,434,8.340212800336966,11.946790592885664
4,435,8.338282591609666,11.946175627474492
4,436,8.335452368419809,11.94531386089784
4,437,8.334149941821519,11.943942887371476
4,438,8.33208654024157,11.942329853158073
4,439,8.330783905474128,11.941911118422729
4,440,8.328621943892685,11.940189680259591
4,441,8.326053180331463,11.940073527237614
4,442,8.325053571832992,11.940832885644703
4,443,8.32391590636363,11.941247375686558
4,444,8.322352393283213,11.939750035988949
4,445,8.320470675527536,11.937783050127189
4,446,8.318620207705644,11.937307243537132
4,447,8.316695652674534,11.937476869997973
4,448,8.314779055441239,11.936258472764209
4,449,8.31290528629882,11.93585298376968
4,450,8.311218353134747,11.936883143775185
4,451,8.308334960680465,11.93202494462656
4,452,8.306846836632632,11.931126238357358
4,453,8.305947737029049,11.93023742966199
4,454,8.304479441450447,11.930776385952273
4,455,8.30240039056824,11.93102247289278
4,456,8.29886667018171,11.932877263048015
4,457,8.297122148213587,11.93466449346719
4,458,8.295230760601513,11.935050052893635
4,459,8.293487494493936,11.934998147551145
4,460,8.29182310614696,11.933833702776388
4,461,8.290800439128036,11.931625676628832
4,462,8.289033777400684,11.933677364492432
4,463,8.288045093916988,11.933017730004048
4,464,8.286872473093345,11.932965720285146
4,465,8.285228189765272,11.935052063856329
4,466,8.283339451647949,11.933074640418498
4,467,8.282563373636613,11.932581801989398
4,468,8.281152423682013,11.932721651216367
4,469,8.280410702929288,11.93374679406291
4,470,8.279167233641314,11.935176487838595
4,471,8.27776256027613,11.934812735302605
4,472,8.276011286956862,11.933219981348522
4,473,8.274776727690497,11.931751862979098
4,474,8.273616332551855,11.932019861574783
4,475,8.27260607184489,11.931812404869078
4,476,8.271404941320815,11.930947053046655
4,477,8.26915263382355,11.93025399665955
4,478,8.267704606886843,11.929341517252608
4,479,8.26697657616496,11.929160226398704
4,480,8.266042332012931,11.928303995935329
4,481,8.264253068177325,11.927828042278323
4,482,8.262614985922925,11.928057654620515
4,483,8.261693939675691,11.929575393522143
4,484,8.259807527241179,11.928472105816047
4,485,8.257855961025161,11.925499126931646
4,486,8.256351970173608,11.925476894180047
4,487,8.254637869702606,11.924798824382343
4,488,8.253339523971473,11.925729106081414
4,489,8.251065096186178,11.922641833304915
4,490,8.248863407980293,11.919590493871466
4,491,8.247755857080941,11.919961454493766
4,492,8.24640131943707,11.920301424441694
4,493,8.245512697911986,11.920009177315052
4,494,8.243636668683907,11.920432582370093
4,495,8.242371038669669,11.918872081874458
4,496,8.241351721034071,11.917359621177908
4,497,8.239492500158121,11.919783917413236
4,498,8.23820515713577,11.919630401210389
4,499,8.237462150199027,11.918729553784727
4,500,8.235719845543018,11.919409916671611
4,501,8.23370219813663,11.917318137353508
4,502,8.231139743734635,11.915241717062413
4,503,8.22971252951587,11.914549604428428
4,504,8.227189740342858,11.91458314188744
4,505,8.225037703425732,11.91230430644613
4,506,8.2236287032252,11.913240445087787
4,507,8.221395821409565,11.90985874330365
4,508,8.21959759005068,11.910719094181573
4,509,8.217667013992909,11.909827096447806
4,510,8.216161746187806,11.908865223501754
4,511,8.214472571988528,11.904962146182786
4,512,8.212615680404587,11.900477870871354
4,513,8.210804086378213,11.90107666960406
4,514,8.20888241541114,11.89935798612194
4,515,8.207465129952663,11.897412304913548
4,516,8.206138286537895,11.897918693200804
4,517,8.204579199138333,11.897458515240809
4,518,8.203209971751097,11.89688846835752
4,519,8.201370752364467,11.897156231580862
4,520,8.199192510289944,11.89560017235791
4,521,8.197578325493923,11.896379505155682
4,522,8.195922665992,11.896443338503987
4,523,8.194138310830327,11.894481030321266
4,524,8.193075513334067,11.894560373330659
4,525,8.191208687011619,11.89473428218142
4,526,8.189242066810264,11.892285399563004
4,527,8.18762036569959,11.891981748753304
4,528,8.186205728963891,11.893550030776698
4,529,8.184727562636631,11.890826193752252
4,530,8.183320977538827,11.890492508584005
4,531,8.18163957712266,11.890503381261496
4,532,8.180445818414068,11.890459934126714
4,533,8.179564548617487,11.890525403864297
4,534,8.17740346995158,11.887833464071242
4,535,8.175974101035303,11.887198953212254
4,536,8.173116541617954,11.885744966151252
4,537,8.172443202906381,11.886755796288892
4,538,8.170509548128253,11.888109887061098
4,539,8.168923694887713,11.8911126353391
4,540,8.167241669480818,11.889443153089791
4,541,8.16531379144062,11.88716106571972
4,542,8.164105840029737,11.887838841202655
4,543,8.162747180361656,11.888252464062798
4,544,8.160766030848436,11.887212170042528
4,545,8.159767455639233,11.889259709774501
4,546,8.158153946097837,11.8879960162463
4,547,8.156939801529532,11.886507237922842
4,548,8.155945991129995,11.885414114595838
4,549,8.15388123785089,11.883856843840968
4,550,8.151664263492002,11.879679382118342
4,551,8.150497781025265,11.879655910928557
4,552,8.147895287207799,11.873383834838728
4,553,8.14685836734821,11.872832312481991
4,554,8.14528934197785,11.873819317699033
4,555,8.143771226146349,11.872858844199552
4,556,8.141943136915632,11.872280329148948
4,557,8.140067013818218,11.871269250198123
4,558,8.136760664849543,11.87252618837164
4,559,8.135376212345484,11.872183529855345
4,560,8.134008516775976,11.87289937252544
4,561,8.132158445057112,11.87403165505612
4,562,8.130285928706158,11.874467520998811
4,563,8.128072254300497,11.866742158092872
4,564,8.12716670984589,11.866606259086918
4,565,8.125714765671306,11.866459486872595
4,566,8.124204903123134,11.865830963377931
4,567,8.122296789279092,11.864587821575856
4,568,8.121213781057122,11.865394947077522
4,569,8.118831698991686,11.864518723046576
4,570,8.117216834072712,11.863311804705257
4,571,8.115851132808789,11.860832917126464
4,572,8.114723543873577,11.860596589309814
4,573,8.11289327168731,11.857503393925148
4,574,8.110723550856601,11.856703942023739
4,575,8.108954078557343,11.856703155246139
4,576,8.10739311858327,11.856932491559144
4,577,8.105976359457884,11.856442678791357
4,578,8.105301693259351,11.856875753068941
4,579,8.102784725276388,11.854761505849043
4,580,8.101643306951377,11.853580407676192
4,581,8.099708103148416,11.851686515773048
4,582,8.096996851137865,11.850919362577852
4,583,8.095987931555657,11.852202856150306
4,584,8.094731665818072,11.852955727356827
4,585,8.09359998650798,11.852855598651821
4,586,8.091992810770645,11.852495691594445
4,587,8.0908845552921,11.853485084877645
4,588,8.08928249588732,11.85273033833438
4,589,8.087751214211597,11.85297019778977
4,590,8.085832917517333,11.852512116311553
4,591,8.08436029810533,11.850071445250112
4,592,8.08256173241336,11.851735878135548
4,593,8.080754391330643,11.852315974809269
4,594,8.080137764569827,11.852356119652393
4,595,8.078866020236845,11.852173823113935
4,596,8.077382425123453,11.853580115365371
4,597,8.075765921679688,11.850905955981364
4,598,8.074485821408175,11.851685449899653
4,599,8.07267578078973,11.851721125565954
4,600,8.07135854454038,11.851770478573542
4,601,8.070816325384815,11.85200826047199
4,602,8.068567495476,11.846943680627286
4,603,8.066654425109423,11.846021447209818
4,604,8.065963994907262,11.845458913889342
4,605,8.06470780209082,11.844432684040902
4,606,8.062998614572333,11.843145526539782
4,607,8.061730672736708,11.841406367380435
4,608,8.060472359921588,11.841684971645435
4,609,8.059461896909054,11.841715745497863
4,610,8.058104103281376,11.840594820508212
4,611,8.056887827904873,11.839719897267521
4,612,8.054572690432941,11.83845234954234
4,613,8.053416660978046,11.838165616203364
4,614,8.051878599319178,11.837897220401848
4,615,8.050589353032153,11.837843577369021
4,616,8.049113255255214,11.838387759678467
4,617,8.047857954778333,11.837781807361234
4,618,8.046424289860239,11.835470214447051
4,619,8.045266012897084,11.835064889358133
4,620,8.043437375818348,11.833812576877385
4,621,8.04138455105285,11.834740849165245
4,622,8.040071192712494,11.834254238449027
4,623,8.03828079824854,11.831400572916433
4,624,8.037059425260978,11.830380630020585
4,625,8.035589999443449,11.829877282100911
4,626,8.033823609079812,11.828749334316313
4,627,8.032521808403143,11.829857681988582
4,628,8.030835439989557,11.831169582908148
4,629,8.029643878740522,11.83120988084489
4,630,8.028127612448765,11.832645908508885
4,631,8.026775299875547,11.832222842191365
4,632,8.025642251433384,11.830615066073891
4,633,8.024490522595682,11.829625437322093
4,634,8.023218522670431,11.829183558807715
4,635,8.021677767937097,11.829967882343304
4,636,8.019756875813584,11.83121360230135
4,637,8.017723804202872,11.830843278205739
4,638,8.016459322341658,11.831335749313002
4,639,8.015033541559754,11.831981920951856
4,640,8.013657739875406,11.832093243541664
4,641,8.01171016716616,11.831560025539583
4,642,8.01031180209443,11.83407559679281
4,643,8.009233720917075,11.83290142432375
4,644,8.008003068251144,11.834493595730526
4,645,8.007002580893587,11.834616814150221
4,646,8.005976506481064,11.834286517605207
4,647,8.004853949808814,11.83323125691774
4,648,8.003577200046042,11.8340418115541
4,649,8.001162965949293,11.827897165969608
4,650,7.998774725102979,11.824731592444042
4,651,7.997749939371777,11.823721272112493
4,652,7.996239241169455,11.82515264220453
4,653,7.994777105750233,11.822840989633836
4,654,7.993101806352052,11.822015222276235
4,655,7.991743506297122,11.821792772737485
4,656,7.990472453923012,11.819109646647647
4,657,7.989380325547273,11.818292686573402
4,658,7.9874733102865285,11.815988727353705
4,659,7.9865852623717135,11.815511435310244
4,660,7.985410621100003,11.816632220489947
4,661,7.98490641181101,11.816402204513157
4,662,7.983307820656836,11.817617947138487
4,663,7.982037116283462,11.817180489386946
4,664,7.979653777831102,11.812891935114003
4,665,7.978681790278866,11.81173396516652
4,666,7.977521780438524,11.811206742930374
4,667,7.975799734921557,11.809922193382697
4,668,7.974607981473103,11.81143805308791
4,669,7.973231358223342,11.812480952716422
4,670,7.971770614805548,11.811764089382566
4,671,7.9703467374558645,11.81389514939919
4,672,7.969011408663195,11.812432437691267
4,673,7.968400277835813,11.81200241846727
4,674,7.966760378145147,11.807324672361727
4,675,7.965033938178724,11.806045334326921
4,676,7.9641091273872995,11.807677866716375
4,677,7.9634203864162005,11.807430724490985
4,678,7.961993078517523,11.807726815890874
4,679,7.960519361961909,11.803245195837016
4,680,7.959239258923172,11.801978702619675
4,681,7.958033366664732,11.801673884134937
4,682,7.957233481698291,11.801798858375157
4,683,7.955924041033928,11.79901391313251
4,684,7.954711147045308,11.79975338608496
4,685,7.953069043753826,11.80032360833258
4,686,7.952032185804179,11.801264867594043
4,687,7.950684981354995,11.799800541222298
4,688,7.949410574709657,11.799138797594741
4,689,7.947878665648846,11.796800513230973
4,690,7.946630282764482,11.798560866311663
4,691,7.944824330372747,11.796782116267819
4,692,7.943773497444308,11.796235141479867
4,693,7.941599460539541,11.795665203263562
4,694,7.940556599222653,11.794689590399042
4,695,7.93945034244218,11.79488691301826
4,696,7.938161740631406,11.79419125703644
4,697,7.936584263668296,11.794044257773916
4,698,7.935619342033217,11.794144107232695
4,699,7.934281423229345,11.794068429486574
4,700,7.933218924230689,11.793384289447822
4,701,7.932268539637459,11.792843337746195
4,702,7.931040677074642,11.792286632807777
4,703,7.929326684774067,11.79350908486471
4,704,7.927660882005991,11.793311639456851
4,705,7.926666294243166,11.79408475666148
4,706,7.925737771363839,11.793330999347189
4,707,7.924511325263595,11.79520591776714
4,708,7.923037158806723,11.794558353343255
4,709,7.92171576456329,11.794441947438436
4,710,7.920729109007378,11.795530336445367
4,711,7.919606554636493,11.794338888477323
4,712,7.918497185753451,11.79440146540509
4,713,7.916977219976419,11.793375361380255
4,714,7.915950389875817,11.792655778391616
4,715,7.914787781421973,11.792728239290852
4,716,7.913783151989615,11.794916527654042
4,717,7.912564918056799,11.799357720341346
4,718,7.911543277793408,11.79877621330533
4,719,7.910420148948822,11.798330017088777
4,720,7.909266561719862,11.79845843182386
4,721,7.9076708671386085,11.79780878713535
4,722,7.905280449169087,11.801391033910004
4,723,7.904084490580477,11.80150671691259
4,724,7.902799045408947,11.80417057450749
4,725,7.901669513934601,11.80353050863023
4,726,7.900447390101562,11.803347086648435
4,727,7.8993441713759704,11.801603463785119
4,728,7.898366769318314,11.800567195060436
4,729,7.896830766424091,11.800364333398315
4,730,7.895883290841756,11.802274097345995
4,731,7.894630328570203,11.802156852988729
4,732,7.893787419126165,11.802158764972187
4,733,7.8928126403275245,11.80167253110188
4,734,7.891753961901422,11.8039763720162
4,735,7.890578684793752,11.802956217330761
4,736,7.889833365966822,11.802233566920831
4,737,7.888770336396455,11.803377382746726
4,738,7.887384486332826,11.803050028103943
4,739,7.885295441536567,11.798997663259339
4,740,7.884291004970561,11.798288167289034
4,741,7.883334001413213,11.798703100926396
4,742,7.881589300518001,11.799999132296618
4,743,7.879447026239716,11.794775268333128
4,744,7.8783833811682,11.794357730412546
4,745,7.877670613913783,11.79443759433773
4,746,7.8762969974294155,11.79165650146697
4,747,7.874728715605593,11.790592785202849
4,748,7.873203906732954,11.78811806866071
4,749,7.87205380852512,11.787877540220094
4,750,7.870787921632511,11.788517710993156
4,751,7.8696877259515725,11.789295445637826
4,752,7.867917822855568,11.788623677762027
4,753,7.866816628385815,11.788634930082626
4,754,7.865696052326639,11.787496167337952
4,755,7.864706669971381,11.786651824661318
4,756,7.863620671338987,11.78642571584763
4,757,7.8621799240939865,11.785241120940597
4,758,7.8609692086187914,11.784547146866617
4,759,7.8600826689902,11.784047935671918
4,760,7.858399806020719,11.786037843073753
4,761,7.856465692987422,11.780996527743037
4,762,7.854830468019496,11.780597772252753
4,763,7.853055983885174,11.780570165493302
4,764,7.851968813577559,11.781107626283307
4,765,7.850646915602345,11.78013138404545
4,766,7.849671905524061,11.780392377179288
4,767,7.84908190043928,11.78037008345219
4,768,7.84843883521755,11.780199297104486
4,769,7.84741088872132,11.781112844221239
4,770,7.846498600758356,11.782220228227258
4,771,7.84512670111974,11.780616201687689
4,772,7.843729939019683,11.78253474766343
4,773,7.842057240779246,11.78218795269219
4,774,7.840538250905035,11.780729798274711
4,775,7.8394348345913905,11.780217951836104
4,776,7.838402245994455,11.780561814434495
4,777,7.837808302389018,11.780361351664357
4,778,7.836413336022948,11.780590509720346
4,779,7.835597694898549,11.781799126976633
4,780,7.834552571645877,11.781250525983115
4,781,7.8331980221579,11.781144140355428
4,782,7.831609071794664,11.781496019336931
4,783,7.830893006232928,11.781493838267608
4,784,7.829556458749877,11.781931263350781
4,785,7.82844442743326,11.781175728748241
4,786,7.827531401763498,11.782967241456358
4,787,7.826361116903169,11.782459077756757
4,788,7.825136558341035,11.781631077582675
4,789,7.824044491394661,11.78410179068394
4,790,7.822805047185962,11.781266210808568
4,791,7.821852296474245,11.783328197531436
4,792,7.82074943263297,11.783015344886683
4,793,7.819751554785396,11.783119289522952
4,794,7.81804152947514,11.782401099589416
4,795,7.816469629239586,11.780647846770703
4,796,7.815467484695623,11.780511521660445
4,797,7.8144721982497485,11.780449740521142
4,798,7.813442342756301,11.779280159534022
4,799,7.812761695663229,11.779374867905164
4,800,7.811803903070884,11.779101671234953
5,1,19.758946207674267,25.253152273327444
5,2,19.328545783846597,24.74410606866565
5,3,18.924864545948545,24.25892317241403
5,4,18.54009716517537,23.801403897438192
5,5,18.172504244022022,23.36506066227825
5,6,17.827716139173404,22.966118974544525
5,7,17.49554374558107,22.566863036366918
5,8,17.187008191377416,22.193280403788233
5,9,16.891427226186305,21.833135843038253
5,10,16.61224987848815,21.501498296499257
5,11,16.346285581483347,21.183762296227332
5,12,16.09650153922329,20.906711651325185
5,13,15.856613693217398,20.617665888759266
5,14,15.634023454949737,20.41713550590023
5,15,15.421427000918538,20.170682674631777
5,16,15.220936709288683,19.926426456858195
5,17,15.026887794480851,19.687790799550147
5,18,14.839235785534497,19.456607237107576
5,19,14.66855830073101,19.258225957605866
5,20,14.499642390807397,19.06451351286441
5,21,14.340732057623049,18.872607300336366
5,22,14.18823998001691,18.691097658834384
5,23,14.046203943022203,18.514994402853482
5,24,13.917103920379224,18.354505822985367
5,25,13.782633900379322,18.184270719181043
5,26,13.659936647830145,18.03129435155943
5,27,13.541765808223756,17.8879471843391
5,28,13.42865203044093,17.771216131473608
5,29,13.321107077906982,17.661363684420905
5,30,13.219795718362123,17.570389446132218
5,31,13.120545424154917,17.44887372342123
5,32,13.026524050072307,17.33001291411535
5,33,12.942677990525098,17.236839540763313
5,34,12.862464046085812,17.141226180683603
5,35,12.774025673251836,17.046798638034417
5,36,12.690952097927834,16.98383178402388
5,37,12.618277056637629,16.897792959619146
5,38,12.547683644070045,16.82489124889951
5,39,12.47564024548267,16.748876768616064
5,40,12.41173462878654,16.685281270865946
5,41,12.349066291995513,16.6164614768487
5,42,12.28553025706975,16.572948309262483
5,43,12.229602931627149,16.496769120162362
5,44,12.175244727307957,16.418088676746475
5,45,12.12460001038999,16.355763545357643
5,46,12.079982338737201,16.304263097948986
5,47,12.031664043143975,16.23336784889601
5,48,11.982758664351126,16.16900581492158
5,49,11.931670195204877,16.111245855666002
5,50,11.888887556319965,16.06311419076908
5,51,11.848171599182882,16.012282911889265
5,52,11.809804981566222,15.964324608432497
5,53,11.765292693911864,15.93107583877185
5,54,11.72984192283944,15.891589612642733
5,55,11.691072266820234,15.827454129342819
5,56,11.6571544684501,15.79505919872148
5,57,11.618394937872592,15.772336097685443
5,58,11.585350031045966,15.738442664318596
5,59,11.545527363480735,15.690382667280934
5,60,11.514905695295983,15.669425705835254
5,61,11.485298959518794,15.65365887917641
5,62,11.456371033233163,15.627368470463248
5,63,11.425492071895428,15.577054066130723
5,64,11.400972685101243,15.537287916070785
5,65,11.375318538915629,15.515123607253075
5,66,11.342802615268987,15.492470409690293
5,67,11.314443202233202,15.470766110848498
5,68,11.290832605988033,15.448224056216121
5,69,11.269112116143488,15.425959944561148
5,70,11.247517034147362,15.412258486111055
5,71,11.228249754084977,15.387367096000586
5,72,11.200147510898152,15.354249381222985
5,73,11.181536298253219,15.337213656016198
5,74,11.162734995104742,15.31679586679707
5,75,11.142187077704849,15.294568820448955
5,76,11.119158057317744,15.2842027650392
5,77,11.094464945926136,15.264210209490155
5,78,11.073717264868872,15.237489429033653
5,79,11.053918303932996,15.218382874820641
5,80,11.028447210945693,15.185874975694675
5,81,11.012460885352914,15.170160469849497
5,82,10.988676888408802,15.140824403035225
5,83,10.971944750001724,15.122104458292782
5,84,10.957914588564611,15.104920313745014
5,85,10.940578243657077,15.087836915817105
5,86,10.924507134502267,15.080620929571802
5,87,10.911855824925079,15.06584460645693
5,88,10.899600099973275,15.056820606158892
5,89,10.877301201033369,15.02966152843953
5,90,10.863227322887413,15.0182746286168
5,91,10.844778368391024,14.998344069667148
5,92,10.832371352673535,14.982360407730406
5,93,10.818706213586028,14.959592702052237
5,94,10.808011774213622,14.944885168458004
5,95,10.795420949835247,14.931388421838497
5,96,10.779041837696202,14.911829121859231
5,97,10.766734010921205,14.891578907895164
5,98,10.755944155266317,14.884227912925114
5,99,10.74378091546808,14.860059463835844
5,100,10.727200141497416,14.843938580317735
5,101,10.713611004154517,14.83856671956289
5,102,10.701862194690582,14.821690416216333
5,103,10.688146754576957,14.80401146290927
5,104,10.677978504179027,14.788093348455504
5,105,10.663473676024163,14.778691675932953
5,106,10.65337376595422,14.77000656229006
5,107,10.642923171267643,14.75311155869156
5,108,10.633393636272922,14.743797173024156
5,109,10.620896531814445,14.72525599113975
5,110,10.607520184646724,14.70439177664813
5,111,10.59482649472759,14.690914288291015
5,112,10.583628665058933,14.684065434504838
5,113,10.57084558568976,14.670367412207447
5,114,10.559480532074987,14.658012503082494
5,115,10.551028004563547,14.649178339818716
5,116,10.540243434892584,14.64458817133181
5,117,10.530854010275132,14.629371424571014
5,118,10.521032370658357,14.6255260925996
5,119,10.511452203276862,14.604197952864068
5,120,10.502234173399213,14.600150767638215
5,121,10.492481822085235,14.596247237360018
5,122,10.475641512182785,14.576663532754798
5,123,10.467451972482245,14.570878978295449
5,124,10.459671421723787,14.558582420572295
5,125,10.452814532414136,14.555322668126328
5,126,10.441896897438479,14.543393991439618
5,127,10.43334297656743,14.536550437471595
5,128,10.420723502765066,14.51955854727561
5,129,10.410075472913984,14.511365216229178
5,130,10.398936209242658,14.487771344060874
5,131,10.392110952517934,14.47476474767988
5,132,10.383175859241463,14.463300679462074
5,133,10.374820672778437,14.46096762738005
5,134,10.368695045869936,14.453628131102839
5,135,10.358516786414883,14.434565849543741
5,136,10.351511310468908,14.425723896930506
5,137,10.343113945518645,14.41146003623253
5,138,10.331938064651307,14.397621003591214
5,139,10.324352390206029,14.396974332945938
5,140,10.318421832087063,14.391589984084758
5,141,10.311891706151837,14.3887605069032
5,142,10.305667161797285,14.378233433468974
5,143,10.299539723850076,14.371495317113617
5,144,10.293478595763716,14.364780424742158
5,145,10.28747244575784,14.361939623469329
5,146,10.281707899735771,14.353133369340984
5,147,10.275005902723672,14.350983270533852
5,148,10.268062784587585,14.3459535902718
5,149,10.261249572632535,14.330522942602306
5,150,10.249608796895414,14.315907160150568
5,151,10.244000177360842,14.31355053487792
5,152,10.238934908032856,14.300904137340746
5,153,10.228237625517949,14.28493748406477
5,154,10.22260214043132,14.282211073710153
5,155,10.215449793077168,14.268833973860913
5,156,10.209847360772091,14.25996789131514
5,157,10.2048332573545,14.251002128419968
5,158,10.199567452150518,14.246754290493886
5,159,10.194180830699745,14.2459638225699
5,160,10.189489738211881,14.240930097101026
5,161,10.182152702586311,14.240002097358945
5,162,10.17779038684516,14.234794731864163
5,163,10.170586549237592,14.225585069036427
5,164,10.163522068514611,14.211316835045679
5,165,10.159467688218031,14.209287696828293
5,166,10.153477345541129,14.20165697727141
5,167,10.149158471166048,14.20167609931552
5,168,10.144761515559036,14.199538350465108
5,169,10.140823776345314,14.195275936973362
5,170,10.137399182218987,14.191913491481348
5,171,10.130863199385617,14.183580800933639
5,172,10.12471122154543,14.177857784139011
5,173,10.121064658953577,14.171730811232514
5,174,10.115092385348229,14.16550884743525
5,175,10.108868741997032,14.157515709123723
5,176,10.10341741276643,14.154887784436143
5,177,10.098986942487373,14.153647877873897
5,178,10.094309049375404,14.152217088418427
5,179,10.087067814467002,14.138758179504642
5,180,10.081060997540789,14.129267055843984
5,181,10.075299050904674,14.126019959293208
5,182,10.070141762839727,14.119538793441594
5,183,10.067200792816157,14.115319104449213
5,184,10.06297371133366,14.10633943657019
5,185,10.056481988137946,14.098351520267363
5,186,10.05250815177667,14.095344392649123
5,187,10.047003806017011,14.081262167148182
5,188,10.041658191076198,14.078956894453142
5,189,10.038621493542987,14.076136114392362
5,190,10.03525318442139,14.07212410457161
5,191,10.0313626354657,14.065718177121193
5,192,10.027558215510155,14.059858955601303
5,193,10.024216837756159,14.058328811216157
5,194,10.021576745966296,14.05554148822222
5,195,10.01769544448631,14.052310500862326
5,196,10.014449361048728,14.047864961534543
5,197,10.010536317408786,14.042733852118149
5,198,10.007215949327517,14.040457869544456
5,199,10.00104377718665,14.038467693515924
5,200,9.997880291786844,14.035500917909442
5,201,9.99290771468067,14.026095439556013
5,202,9.98755918635272,14.016584817705102
5,203,9.983966996762694,14.013932817453327
5,204,9.980080986032071,14.010740896625164
5,205,9.976522704190526,14.006567394077516
5,206,9.970014830222684,13.993227255173538
5,207,9.965485575287156,13.987298863364236
5,208,9.958403441346931,13.979331421868542
5,209,9.955714512044304,13.976194736204375
5,210,9.950547563514831,13.974508834539224
5,211,9.947183295912062,13.971654943298734
5,212,9.942156742514877,13.967022743399442
5,213,9.939167025214614,13.966213885495787
5,214,9.934129335295914,13.96952457362971
5,215,9.930969896472808,13.96802343779777
5,216,9.924826800778375,13.95593779512032
5,217,9.921336846041717,13.95026336255145
5,218,9.917480486460626,13.944841453240144
5,219,9.914243935119169,13.938647777536811
5,220,9.907719495649067,13.930238039494592
5,221,9.904295480972202,13.924663030432834
5,222,9.899738037959406,13.920286072452733
5,223,9.894641020829049,13.91138307592871
5,224,9.892636193427146,13.90872044819827
5,225,9.88844034011434,13.900834994386312
5,226,9.884354595890548,13.887785994040811
5,227,9.882154508735674,13.8857146882423
5,228,9.878869811218792,13.878149843876795
5,229,9.875153190805404,13.874346300413645
5,230,9.870592995220356,13.872340084438061
5,231,9.86650313620563,13.867733707457845
5,232,9.859725169588726,13.858745079593048
5,233,9.855864023954627,13.857640913017097
5,234,9.853443066864171,13.856312769722004
5,235,9.849172570224917,13.855604490947412
5,236,9.844119685191844,13.850392484203777
5,237,9.840938447284852,13.843314556118955
5,238,9.83493988473904,13.83748054171442
5,239,9.832161240774067,13.834830408091557
5,240,9.828706840350055,13.8268359227809
5,241,9.825711734884756,13.821936769730366
5,242,9.823652742203002,13.821030885555118
5,243,9.821029770134423,13.814750889078729
5,244,9.817255665430265,13.807736498264948
5,245,9.813332745215344,13.802505819001267
5,246,9.80780376875831,13.796443844069245
5,247,9.80439630873128,13.792150642118926
5,248,9.799265018003938,13.784996835111683
5,249,9.796117041542422,13.783696664282447
5,250,9.792255276669072,13.78422678560918
5,251,9.790379229053988,13.783201555891608
5,252,9.78753495901837,13.781742951088304
5,253,9.78498916607018,13.778888170252376
5,254,9.780530735944485,13.778948137573902
5,255,9.77713789007407,13.774616765555344
5,256,9.774098544212128,13.772239448564234
5,257,9.772157926988339,13.77095265135987
5,258,9.76879751754929,13.772877350630448
5,259,9.764896314295013,13.770736443739162
5,260,9.760612536170681,13.762344646288454
5,261,9.755301621154228,13.757123443286702
5,262,9.752760632358292,13.755919617807805
5,263,9.749340784268202,13.753146536310553
5,264,9.746234328814008,13.752263114228565
5,265,9.742854356864873,13.74542791356413
5,266,9.740517417878333,13.743288988660762
5,267,9.73682524464791,13.740312230403143
5,268,9.731569893902865,13.734761842830615
5,269,9.727676086788636,13.734422943662992
5,270,9.72446336576263,13.73362835699156
5,271,9.720965750624435,13.72938280548776
5,272,9.717710162936093,13.722394039057324
5,273,9.714450339219509,13.721981440280828
5,274,9.711574842501449,13.723462863815213
5,275,9.70909403216445,13.722386947780741
5,276,9.705072230838676,13.722616621441162
5,277,9.70271902411038,13.722033346899323
5,278,9.699401072055226,13.723032730102332
5,279,9.696052641443735,13.725407934679708
5,280,9.692485947019168,13.724446213575819
5,281,9.689424453127446,13.72190868205756
5,282,9.686521214349042,13.71942431535337
5,283,9.683948458739938,13.717901926408429
5,284,9.68163819417198,13.717068489684834
5,285,9.677107426541003,13.710795265667336
5,286,9.67285606505123,13.706829821469663
5,287,9.670622831927252,13.70592532511584
5,288,9.668629239291876,13.703549442362213
5,289,9.66569169334056,13.704316689809001
5,290,9.663333834331134,13.703875623596444
5,291,9.65973225254121,13.701524174245984
5,292,9.656786076345215,13.69809271916279
5,293,9.65416859191961,13.69230331633532
5,294,9.650541104473012,13.686369694491457
5,295,9.649075899037552,13.685657377590424
5,296,9.644899942131289,13.683115824169546
5,297,9.64259414803389,13.678289031526736
5,298,9.64041934780295,13.67988159061185
5,299,9.638236843450827,13.678416499713725
5,300,9.63538633641077,13.679883296760142
5,301,9.632391723467917,13.682536143816252
5,302,9.629778782123589,13.682024063341956
5,303,9.627665808813411,13.678482115696829
5,304,9.625125159743684,13.67728735026132
5,305,9.623544042082864,13.675083234057404
5,306,9.620027788580863,13.672720903914675
5,307,9.6181177851593,13.672809330140325
5,308,9.616115597456423,13.674261853571073
5,309,9.613194534481138,13.672140940641434
5,310,9.609648407770132,13.668834705315808
5,311,9.607150837274176,13.668880687300629
5,312,9.603131458537792,13.665029155436507
5,313,9.599836175161572,13.657281972644924
5,314,9.597138803902002,13.659574935447461
5,315,9.595276445593079,13.657360478362046
5,316,9.592267125333704,13.654901251911014
5,317,9.589569623354116,13.656373338565839
5,318,9.587032951528842,13.655522309206845
5,319,9.584835671270989,13.653875392351875
5,320,9.582127884050117,13.65435605569007
5,321,9.580490828056952,13.652602533186695
5,322,9.577788311580282,13.653877058825634
5,323,9.573961216417498,13.653217823348577
5,324,9.571922933085325,13.651338010409068
5,325,9.56867946967509,13.651515511786261
5,326,9.566331901053648,13.652312080254733
5,327,9.563919285617922,13.64991013205469
5,328,9.562680418607695,13.649667640212765
5,329,9.56042371229557,13.646549805940191
5,330,9.55880130103401,13.64548403234224
5,331,9.555973516579169,13.646646027105794
5,332,9.55377678878509,13.642118922109765
5,333,9.55123856352531,13.635839506986946
5,334,9.548116289217234,13.63664565228576
5,335,9.54589155525485,13.634155887095083
5,336,9.543416327954795,13.632124239653347
5,337,9.541069745977108,13.630715289382907
5,338,9.539398311161156,13.62825185298569
5,339,9.535876798347623,13.622427580019496
5,340,9.533781471924861,13.621156020005062
5,341,9.531487447670303,13.619085451628498
5,342,9.52922332165858,13.617821177538298
5,343,9.52626324488735,13.6186086616675
5,344,9.523092745530592,13.617225927487798
5,345,9.520120504982044,13.617283980024434
5,346,9.517320640379385,13.61686723279208
5,347,9.514005936794119,13.61595616821014
5,348,9.51232230757387,13.61307573434964
5,349,9.509792754086934,13.61093748836827
5,350,9.507531960129576,13.610846664661443
5,351,9.504213956882074,13.608675293152842
5,352,9.502179331446266,13.60723902145029
5,353,9.500274768891265,13.607257276985452
5,354,9.496559094428052,13.600889376943718
5,355,9.494751106891162,13.59978451798895
5,356,9.492502338645737,13.59313792869841
5,357,9.489845488359604,13.591214022563355
5,358,9.485022470368461,13.588718740247264
5,359,9.483219066429154,13.587061124773662
5,360,9.482082600588695,13.587090727372738
5,361,9.480647614204438,13.587425117205099
5,362,9.47934042736641,13.585624606346233
5,363,9.47709605202349,13.58812045279022
5,364,9.474370537376362,13.586996124627973
5,365,9.47161155261268,13.58529341682441
5,366,9.469118983981536,13.583586209937945
5,367,9.466724134231907,13.58002559801531
5,368,9.46439413526796,13.575756992342024
5,369,9.461738028678703,13.575298695290131
5,370,9.459098709279376,13.574744048467046
5,371,9.458211772941938,13.575561521214569
5,372,9.456515329022153,13.57357852757963
5,373,9.454288506573036,13.576054890437064
5,374,9.452684447311308,13.575446353362146
5,375,9.450692850829755,13.574782260745831
5,376,9.44742409957399,13.572016247233845
5,377,9.444691295315588,13.569332495235061
5,378,9.441230299034899,13.571374352802719
5,379,9.43812048171706,13.56559952472369
5,380,9.436236828572289,13.562989332969204
5,381,9.433597604596534,13.56194538041987
5,382,9.430743818672731,13.561929406671652
5,383,9.427945572793604,13.559077079454111
5,384,9.425608977638598,13.561623656471474
5,385,9.42246974670449,13.557532992302892
5,386,9.419542687871461,13.552260234992767
5,387,9.41724796872252,13.551625700396897
5,388,9.415172301143738,13.55305107088606
5,389,9.41331542100827,13.552373256429501
5,390,9.411759625752788,13.55007721453422
5,391,9.410280378680378,13.549887990497766
5,392,9.407577332684054,13.546390538938422
5,393,9.404567046181917,13.543053230097824
5,394,9.402924921698725,13.541980185318325
5,395,9.401270095929744,13.539207282079959
5,396,9.398824024031503,13.537782580701174
5,397,9.396233595153163,13.538403942032554
5,398,9.394172332323475,13.539080524684511
5,399,9.392361795762817,13.535805156538487
5,400,9.390315610973538,13.534651127690088
5,401,9.388103044528245,13.533515950609978
5,402,9.385532609628326,13.531997980362513
5,403,9.383727366814892,13.532464750468984
5,404,9.381491505053875,13.531702727348575
5,405,9.379250474435734,13.531189348792537
5,406,9.37815902058677,13.53113998159518
5,407,9.374943482320164,13.53089901494406
5,408,9.37270583702412,13.532909984820655
5,409,9.370758469756927,13.53142469405356
5,410,9.368928840025077,13.532207870969275
5,411,9.366193121626411,13.531884265769817
5,412,9.364263101486143,13.530562402741696
5,413,9.360636970364604,13.529740481392777
5,414,9.359068769382617,13.529289808897637
5,415,9.356986504848443,13.533697950380738
5,416,9.356050650963963,13.534490612057466
5,417,9.353746867159074,13.537379376311327
5,418,9.352296550312092,13.537236728235765
5,419,9.350807082416665,13.537801819660318
5,420,9.349665444690793,13.53731349530963
5,421,9.346846392411823,13.534487217733098
5,422,9.344436915823298,13.53240326317491
5,423,9.3421896396272,13.531024958122277
5,424,9.340929138471983,13.53155774991951
5,425,9.339779778909774,13.53109228410803
5,426,9.337414132113047,13.530257771129415
5,427,9.335182891192673,13.52628727656853
5,428,9.333768085638807,13.524854978413341
5,429,9.33072498570494,13.524972264827078
5,430,9.327872391596957,13.523175193175074
5,431,9.32577839992152,13.52127607235594
5,432,9.32384347013155,13.5168336098964
5,433,9.322752995982974,13.51739491500115
5,434,9.321182904584376,13.515997098958414
5,435,9.318294532488544,13.514306768561134
5,436,9.315094940067299,13.508273131602905
5,437,9.313705506514161,13.506835888141875
5,438,9.3114962103651,13.506387380475028
5,439,9.310218191084527,13.506536013174745
5,440,9.307983229619587,13.507567944728548
5,441,9.306570885765238,13.506729644636541
5,442,9.304004350886705,13.505711538708205
5,443,9.30207533261095,13.506667090605788
5,444,9.300360868002231,13.504270013447838
5,445,9.29878201724677,13.505519888984969
5,446,9.296558744038633,13.50334295260971
5,447,9.294979694295165,13.501731362575002
5,448,9.29284381746068,13.50461636123295
5,449,9.290880619064554,13.501653589655023
5,450,9.287298959047188,13.505892265686157
5,451,9.285242416490544,13.504146235577485
5,452,9.283219966804914,13.504170907204346
5,453,9.280169374594191,13.502335352081266
5,454,9.279279585263854,13.503410720958286
5,455,9.27751637672871,13.504201591165964
5,456,9.274160470778392,13.508417789240681
5,457,9.273152071379057,13.509109434569218
5,458,9.27135982989979,13.510311326963247
5,459,9.269034574110687,13.508512595999303
5,460,9.267013600984464,13.50935371158428
5,461,9.263943805452966,13.507675664099423
5,462,9.262096517895634,13.505482102309278
5,463,9.260043520100103,13.503502850229802
5,464,9.25755271179659,13.500970105492334
5,465,9.255742179514227,13.502783895777984
5,466,9.254222655777008,13.503465478030858
5,467,9.252964509323556,13.502971112643177
5,468,9.251034868932036,13.50125344091877
5,469,9.250233281942219,13.50245525699767
5,470,9.248772440260591,13.499830104174437
5,471,9.247288957360661,13.501521184782279
5,472,9.245445752501128,13.499459555086247
5,473,9.243109320879784,13.497575880677543
5,474,9.240424912206333,13.495166126510322
5,475,9.237586112866845,13.495931074015628
5,476,9.235719895216263,13.496695858997205
5,477,9.234000909660088,13.493854678805224
5,478,9.232528997436946,13.494385902754292
5,479,9.231506177798222,13.494001981363413
5,480,9.230398171758132,13.49196112223688
5,481,9.22846280168906,13.487610958061932
5,482,9.226990672770066,13.48584721908292
5,483,9.225628001105676,13.487680365244497
5,484,9.223734221007089,13.485511900228897
5,485,9.221316284767642,13.478660737382965
5,486,9.219796996098797,13.478834809907042
5,487,9.21805684612397,13.47763146161246
5,488,9.215868087471812,13.47699157674137
5,489,9.213663855523002,13.477913506709742
5,490,9.211048499336629,13.47244137541419
5,491,9.209012198793232,13.471919389672928
5,492,9.207626720736672,13.47067935144282
5,493,9.206341336905544,13.469865344619464
5,494,9.204082793063685,13.469630607106826
5,495,9.201993972844345,13.467944633343242
5,496,9.200143482613182,13.466525078430287
5,497,9.198904832170475,13.465456356300251
5,498,9.197446460287981,13.464906845432617
5,499,9.19625771026988,13.46490687761794
5,500,9.194260829213663,13.46535807975656
5,501,9.19255500454672,13.462261614319894
5,502,9.190354996148537,13.461553718550162
5,503,9.18902745989056,13.462404211523063
5,504,9.186246030048444,13.460357005549659
5,505,9.18473153021521,13.458121552747814
5,506,9.182745185331228,13.457694500786273
5,507,9.182050742188277,13.456701521162008
5,508,9.180906892809253,13.455563037926332
5,509,9.179665887978752,13.455467137260742
5,510,9.177407776262168,13.452721715903357
5,511,9.175553981046287,13.451114550760055
5,512,9.174446052498073,13.450311123423704
5,513,9.172196500999869,13.444443533749968
5,514,9.171276671302122,13.445036747190324
5,515,9.168662928910763,13.440680339861972
5,516,9.166850069491145,13.443668023575732
5,517,9.164413087098662,13.438437345489715
5,518,9.163154813976577,13.438591233376112
5,519,9.16245888506152,13.440680801901486
5,520,9.16003679569936,13.439404464547465
5,521,9.15857482160918,13.43878242305186
5,522,9.156778000848016,13.439342690524963
5,523,9.155042480480105,13.437515972034612
5,524,9.15370286653119,13.437558505352012
5,525,9.15170108022428,13.43467100572732
5,526,9.150245595828912,13.43572617715749
5,527,9.148267067760617,13.433984338609852
5,528,9.146521437424163,13.433517871621381
5,529,9.145006956135031,13.43058181788783
5,530,9.143069433991261,13.429259987192014
5,531,9.141343932140463,13.42925209013351
5,532,9.139755370695568,13.427048003156626
5,533,9.137747839971512,13.42668062112303
5,534,9.135198895838569,13.422390620053912
5,535,9.13365244119306,13.421144313916889
5,536,9.131830745683198,13.420356444211455
5,537,9.130578165480703,13.42311572375909
5,538,9.129006667001313,13.422797103989645
5,539,9.126970233228235,13.421872072998088
5,540,9.125541118734093,13.422337805954033
5,541,9.123702022484087,13.421848072032025
5,542,9.122274778629492,13.422902432336034
5,543,9.120741107153336,13.422184105262614
5,544,9.119116647624669,13.419939480078115
5,545,9.117562100235611,13.420411991232623
5,546,9.116254643227508,13.419547890270712
5,547,9.11437971510207,13.417189461648272
5,548,9.113457558711092,13.417035277953927
5,549,9.111545229810343,13.415892120545099
5,550,9.110046485308406,13.414103283089977
5,551,9.108569608674431,13.413160534919214
5,552,9.107448793757484,13.413282102167976
5,553,9.106270275061407,13.411676047540125
5,554,9.104366299280283,13.411455713894503
5,555,9.103457343065505,13.411358051657526
5,556,9.101424464131975,13.410536884735581
5,557,9.099471354729516,13.407880779333924
5,558,9.09682884845317,13.41002884618988
5,559,9.094983240436838,13.413207460528145
5,560,9.093197956031,13.414003543860465
5,561,9.090582177888495,13.411958537994478
5,562,9.08852105970011,13.411422398929185
5,563,9.087771698569158,13.411322639389505
5,564,9.08616974085008,13.408101262578622
5,565,9.084587752148023,13.409558208790727
5,566,9.08336701055701,13.409450508944802
5,567,9.08209075809524,13.409408236286682
5,568,9.08081760023681,13.410241188156984
5,569,9.078777831249033,13.411680092572396
5,570,9.076940219985271,13.409928895775554
5,571,9.075444057553524,13.410963245109583
5,572,9.073623761296101,13.410607107713254
5,573,9.071517862747351,13.410757821426923
5,574,9.068690783576738,13.405049288314606
5,575,9.067200361186655,13.405608295662807
5,576,9.065759906621597,13.405224456706462
5,577,9.063474711456795,13.401208155494112
5,578,9.062064922757784,13.400279235879195
5,579,9.0601787515104,13.40411401505232
5,580,9.05902058881684,13.403840879998382
5,581,9.057556029485589,13.40621795252899
5,582,9.055462281163576,13.406306678946908
5,583,9.054286317910412,13.40701346283009
5,584,9.052475548726022,13.405729932532239
5,585,9.051429208086544,13.404579940874221
5,586,9.049700694884564,13.404491089854918
5,587,9.047598899525372,13.407556170077854
5,588,9.045722857710256,13.405556414604426
5,589,9.044253888053458,13.405659553339746
5,590,9.042403633293496,13.406410862411331
5,591,9.040308924049823,13.407288112084439
5,592,9.036358249422229,13.410139532567463
5,593,9.034230395866365,13.409762797948567
5,594,9.032236836243177,13.407171619260142
5,595,9.030987488575454,13.406626088663854
5,596,9.028847302157924,13.40931003046319
5,597,9.027741291615875,13.408302392185714
5,598,9.026557679379769,13.406996831998033
5,599,9.024781862303875,13.40932619364693
5,600,9.022681190500162,13.408609792500055
5,601,9.021916967193414,13.408230673744285
5,602,9.020188622838722,13.406846819156675
5,603,9.018136423781709,13.406202992517299
5,604,9.016865518544815,13.407476775510517
5,605,9.015444805168277,13.406581103680264
5,606,9.013919575813194,13.40468927159419
5,607,9.013012433431228,13.404443929071288
5,608,9.01118282797656,13.40552210288105
5,609,9.009404424166213,13.408556642250861
5,610,9.008309781665634,13.408225066178998
5,611,9.007031977537121,13.404398074785218
5,612,9.00523024081834,13.402476274280227
5,613,9.004094342169624,13.403342797650607
5,614,9.003161311551853,13.403074184491734
5,615,9.001796337448216,13.404159320947402
5,616,9.000818681018364,13.403603040073069
5,617,9.0001021934972,13.40443766656383
5,618,8.998804094920184,13.40416377558713
5,619,8.996805324017325,13.403322829416373
5,620,8.99576290763933,13.403414607073039
5,621,8.993785704781295,13.407370526240808
5,622,8.992418047349632,13.409701872323236
5,623,8.9913355832763,13.407291650022508
6,1,19.801078442380152,25.306274456381324
6,2,19.41426120896736,24.86477868445817
6,3,19.047676821802586,24.431568054805073
6,4,18.699359046910363,24.051611683944984
6,5,18.366459984270328,23.657487111769065
6,6,18.055323503159958,23.308437022581053
6,7,17.757338222955436,22.95780502508078
6,8,17.475530366985335,22.636481394077677
6,9,17.20836713063248,22.311969936840754
6,10,16.95478763326074,22.03259050079764
6,11,16.712465889875016,21.741728398920674
6,12,16.483183052725884,21.491959135134895
6,13,16.266658478083002,21.25922853150494
6,14,16.057611426254848,21.006137382714144
6,15,15.861751117549822,20.789766382056975
6,16,15.67748008000986,20.56409790501395
6,17,15.49700491617795,20.347048090135072
6,18,15.327363864599867,20.13356095339154
6,19,15.171286138700848,19.953805109311702
6,20,15.01915328200464,19.76965462039204
6,21,14.87359137607188,19.594198049539635
6,22,14.738251343160616,19.457897470710048
6,23,14.610894965401485,19.30107624516069
6,24,14.489947872088267,19.142106968561023
6,25,14.365894416715248,19.004424055220603
6,26,14.249476378727769,18.85861825745412
6,27,14.141406076835844,18.720010856710164
6,28,14.037986739192267,18.616014860314728
6,29,13.936839245154465,18.53609983192452
6,30,13.841057538928279,18.456140343694564
6,31,13.753254818618926,18.347320726836692
6,32,13.670074875388734,18.235198877312428
6,33,13.590503947678629,18.15232593356881
6,34,13.503598523591066,18.087484079142495
6,35,13.430722198044469,18.00788467627416
6,36,13.352559793421388,17.953667211312585
6,37,13.288715160280063,17.883773422928886
6,38,13.223031609543574,17.805970899063148
6,39,13.1643305668546,17.736408565929185
6,40,13.097266256837823,17.685866914081522
6,41,13.038246204394412,17.61247731033106
6,42,12.982813436076842,17.54553196634385
6,43,12.929722555359826,17.502294555646845
6,44,12.870864076810896,17.44993846218702
6,45,12.824077957331587,17.390960739523237
6,46,12.77868693119389,17.353507169562956
6,47,12.734549824594623,17.294445831158885
6,48,12.694439871781375,17.248788787519754
6,49,12.64855477742296,17.197660196584813
6,50,12.610032299036835,17.145141376410344
6,51,12.563481475995848,17.113964587067727
6,52,12.527319576300266,17.088561016007766
6,53,12.481030137698903,17.031364348968648
6,54,12.444452006313929,17.00323525248301
6,55,12.413785881738345,16.949586620082908
6,56,12.383471245847444,16.922639153881207
6,57,12.344031342560415,16.895963506061292
6,58,12.314037744594065,16.86981821945801
6,59,12.280092386652285,16.84746930583013
6,60,12.249928232275252,16.827986042498143
6,61,12.224185244428453,16.806828812280465
6,62,12.200080513818282,16.77983187966144
6,63,12.17544127586752,16.748542728102933
6,64,12.15204118635098,16.717814315541517
6,65,12.12809476821481,16.702307869520777
6,66,12.09757052848608,16.67891831827454
6,67,12.073321142210235,16.659327303346362
6,68,12.05090395454362,16.639162590648574
6,69,12.029932849567295,16.617736459185735
6,70,12.008433170454648,16.59632709662048
6,71,11.99086336740877,16.572946544110135
6,72,11.961611107778719,16.543476180761594
6,73,11.940705240046594,16.529063132728297
6,74,11.916196089597372,16.517530177940223
6,75,11.892873887521962,16.491713659967388
6,76,11.866043733359875,16.468701428405403
6,77,11.844760335743299,16.458062298100966
6,78,11.824476401985113,16.44296136827415
6,79,11.807100421558676,16.42639068773444
6,80,11.786420475757636,16.422121560139534
6,81,11.769035626063387,16.39730869106305
6,82,11.750469660917577,16.388953794232656
6,83,11.73368618332025,16.380764221698655
6,84,11.71890939077941,16.357887007063603
6,85,11.704179210907238,16.33316976861284
6,86,11.685324490436248,16.31678054765268
6,87,11.671005291877211,16.302413407923506
6,88,11.656614104609314,16.283288162992598
6,89,11.635368261020925,16.25929909992494
6,90,11.620216540482664,16.24431567739216
6,91,11.607754910127115,16.230896731596665
6,92,11.592130545041785,16.198687864249585
6,93,11.578656749145573,16.178715246366643
6,94,11.56506111554801,16.155252819455736
6,95,11.550554206855892,16.146371362205585
6,96,11.532563339354862,16.110293582708003
6,97,11.520819930699844,16.090341674073738
6,98,11.509627894915521,16.07583103615934
6,99,11.497421479835506,16.06171710291474
6,100,11.485779744526393,16.049528469018917
6,101,11.471412974341765,16.03564769320449
6,102,11.460205996288904,16.008384074313227
6,103,11.445761511330778,15.994892051305298
6,104,11.43374672418717,15.984187327942934
6,105,11.420173792049551,15.975361239131335
6,106,11.409677954976047,15.957228691992562
6,107,11.39849895668322,15.939337455751273
6,108,11.388618705755421,15.931971160037255
6,109,11.37934146616881,15.922363055570655
6,110,11.369312557733798,15.906495994881574
6,111,11.356033394723584,15.883322387995403
6,112,11.346729868919036,15.872378852373231
6,113,11.334054839348184,15.859855453458001
6,114,11.322874527430955,15.85013882895332
6,115,11.314336125935283,15.840973606484535
6,116,11.303482087399052,15.833111124182595
6,117,11.288053287197991,15.81453198069257
6,118,11.279320460741467,15.808031597119331
6,119,11.269229328872514,15.789199734765788
6,120,11.259408361795089,15.785961054786515
6,121,11.248942628979746,15.766057471448528
6,122,11.24184080160613,15.764249324791828
6,123,11.234351920343856,15.75521102306847
6,124,11.224892779204437,15.748920415201967
6,125,11.21683194759923,15.744754080220947
6,126,11.205538879160201,15.734765806149154
6,127,11.198806437320547,15.720461001268797
6,128,11.190761689350266,15.708366080613377
6,129,11.175558077877382,15.690144060528963
6,130,11.165493679900186,15.669999097113049
6,131,11.158240615045708,15.664552277834591
6,132,11.153173502618834,15.659038210405082
6,133,11.14429387826262,15.645430332972625
6,134,11.132804774241388,15.632300437300605
6,135,11.12398768348879,15.612250369570877
6,136,11.115327461164505,15.605508708658
6,137,11.104653640705974,15.598260150870537
6,138,11.096611384591492,15.600571531026802
6,139,11.087552953672013,15.584489439476286
6,140,11.08126202294575,15.580312645681998
6,141,11.074971232132684,15.577221909501498
6,142,11.069233659184475,15.566747646392873
6,143,11.06312695666841,15.56787384122082
6,144,11.058629758064823,15.564213155080104
6,145,11.052333141995184,15.550982802417872
6,146,11.047629415718788,15.548612387725441
6,147,11.039551083020456,15.539784908476065
6,148,11.032391545097385,15.53510614189009
6,149,11.025772440293009,15.52971865407889
6,150,11.013864856799353,15.514337453313733
6,151,11.007781415067182,15.511084806719236
6,152,11.002402829198413,15.508465164326358
6,153,10.993457590525502,15.507935325329086
6,154,10.989420951069306,15.505380267603392
6,155,10.984608419313615,15.495386155940444
6,156,10.977866835157,15.48982703017349
6,157,10.968700465573274,15.47938074116151
6,158,10.963809241432674,15.478617895155637
6,159,10.959864039233471,15.474356468209
6,160,10.95404503346835,15.473905299753731
6,161,10.945618795521437,15.474109616944258
6,162,10.938202425555243,15.461407634785747
6,163,10.933576992698388,15.455651228075183
6,164,10.929363220033993,15.451842018074878
6,165,10.923478158172218,15.44444661592677
6,166,10.917473691474534,15.439207642206247
6,167,10.913342401653104,15.439417380374303
6,168,10.908573951577534,15.437594895890161
6,169,10.902316224458874,15.428344761003041
6,170,10.898926567581348,15.42534161236702
6,171,10.891133481413968,15.416099408948469
6,172,10.885849979503446,15.408201732824079
6,173,10.881196528305745,15.404301644620165
6,174,10.875269406039166,15.398941894459192
6,175,10.869895070312122,15.392423070289867
6,176,10.86587853921235,15.388668445463482
6,177,10.859917218258422,15.38171508689253
6,178,10.856309465007605,15.377190318653016
6,179,10.848724819776612,15.365434602332147
6,180,10.844545890155109,15.355327821021827
6,181,10.837262006336712,15.352819688070369
6,182,10.829413193717658,15.35395373050938
6,183,10.825725838157016,15.34892227148636
6,184,10.82094927012574,15.337577047667397
6,185,10.815990095095367,15.328211216862572
6,186,10.811368610330131,15.321055252902298
6,187,10.807447417493545,15.318890814712033
6,188,10.798002745438202,15.306968668427102
6,189,10.7946119657142,15.303830587520938
6,190,10.789855123195043,15.301571070784968
6,191,10.783702312487401,15.288496579790472
6,192,10.779476823184703,15.28308709196025
6,193,10.77502331021585,15.280919183558954
6,194,10.770645106986064,15.278189421245479
6,195,10.766005999225833,15.27085605521442
6,196,10.762441075254443,15.265048375203781
6,197,10.7554296978556,15.267222062100412
6,198,10.747013774090071,15.256407371303531
6,199,10.741939234218544,15.252476800060785
6,200,10.737848061100758,15.243128247138584
6,201,10.733377555114352,15.23877229244519
6,202,10.729252027213903,15.234414917404475
6,203,10.725439186362856,15.232514224107357
6,204,10.721095446441677,15.228916764744772
6,205,10.715449644632878,15.222464739025977
6,206,10.712216240507553,15.220115633350062
6,207,10.70784121381602,15.216755083089398
6,208,10.704627245668469,15.211997736998164
6,209,10.70034800022845,15.208999426261308
6,210,10.696852273549283,15.204667621974712
6,211,10.69351629486652,15.202921775630932
6,212,10.689604833305841,15.199396174489676
6,213,10.684813422192699,15.196693283650541
6,214,10.68209093795547,15.193568224829567
6,215,10.67792727805201,15.188440397667863
6,216,10.674405495560885,15.186624461995677
6,217,10.668287743531119,15.168313894373686
6,218,10.664532826080555,15.161944860050138
6,219,10.661573631327702,15.156949111592573
6,220,10.657864523189161,15.157317060031684
6,221,10.649865798205337,15.149694940679924
6,222,10.64569695971952,15.14373127631625
6,223,10.640383668668374,15.13861775315918
6,224,10.63401982197689,15.133468691140843
6,225,10.631566159262643,15.130587514451562
6,226,10.626010954515454,15.121640717401313
6,227,10.62132979305401,15.119265143186597
6,228,10.617281396928737,15.119432551599548
6,229,10.614021283821796,15.1143525061225
6,230,10.610192417849131,15.112828632868947
6,231,10.60543950569199,15.109430096995473
6,232,10.59951135992238,15.108805535594763
6,233,10.596448591994829,15.106184590424212
6,234,10.591397820296557,15.101904657318421
6,235,10.58720268838102,15.10039292770478
6,236,10.585038289740353,15.098652659023925
6,237,10.580532346117456,15.093215580728463
6,238,10.576874879390724,15.09043456757221
6,239,10.573119549149524,15.089478727080063
6,240,10.570374587518733,15.088325030648763
6,241,10.565866162341012,15.08358918398248
6,242,10.563109091677909,15.08336174989249
6,243,10.559590077935328,15.079640747663223
6,244,10.555224949758477,15.074387527647911
6,245,10.549746469372032,15.071479689812355
6,246,10.546549778196528,15.068835669993572
6,247,10.542945938507238,15.068434033589325
6,248,10.539666403071951,15.06731975370925
6,249,10.536095915046891,15.064984977013735
6,250,10.533964197986124,15.061937517788548
6,251,10.531689144959737,15.061558915430684
6,252,10.528452186746346,15.059741841270238
6,253,10.524399696658197,15.056133533100606
6,254,10.520736799822348,15.053264811580497
6,255,10.516086594170382,15.046405312784712
6,256,10.512209545475796,15.04508336086919
6,257,10.509392500754254,15.043661378764222
6,258,10.50442504424224,15.039724136815076
6,259,10.500779355735366,15.035522815548228
6,260,10.49731835715428,15.033928775868494
6,261,10.493741365223693,15.031864266277768
6,262,10.491014243470575,15.03345830743382
6,263,10.487696664611475,15.031176367922376
6,264,10.482602982950187,15.02819282437468
6,265,10.479933526024514,15.019635201383565
6,266,10.477406529068851,15.014805490316796
6,267,10.473218977809738,15.00729583089532
6,268,10.469608405317965,15.002187067293043
6,269,10.466729629355841,15.000304991535026
6,270,10.4619120344893,14.993521219881695
6,271,10.457728634607813,14.985071671109196
6,272,10.454728854288668,14.984281347326114
6,273,10.451499645489877,14.982687411662154
6,274,10.448386836916326,14.98224852312843
6,275,10.446121551123138,14.981948920184614
6,276,10.442487945089972,14.981863901519688
6,277,10.440368540684595,14.981081655164402
6,278,10.436290775974019,14.980460088320983
6,279,10.433044056994985,14.98322752397242
6,280,10.429162127614017,14.985176154501191
6,281,10.426621456340198,14.984002075452787
6,282,10.422247836483441,14.978521685094957
6,283,10.41781476622136,14.976937011698473
6,284,10.41518504645795,14.977524843647226
6,285,10.411550651429975,14.974524968145074
6,286,10.409389657747207,14.973828119208592
6,287,10.407185430611467,14.970857413654038
6,288,10.404227987703495,14.970004859872821
6,289,10.400000939443384,14.963613943151902
6,290,10.397904032374772,14.96340368106943
6,291,10.393265333225921,14.96054888433622
6,292,10.389527179660426,14.964328427437449
6,293,10.387458884279782,14.962950637543111
6,294,10.3821427618691,14.95811264007231
6,295,10.380598006779708,14.957655091056736
6,296,10.377828917031135,14.961023224667505
6,297,10.37527660788456,14.958839995674555
6,298,10.373287544995272,14.960161237488729
6,299,10.370166379131092,14.9617634097759
6,300,10.365971215426667,14.960739371326168
6,301,10.362515296244524,14.96300353579002
6,302,10.36048097650823,14.963185210876846
6,303,10.357038961953215,14.959602714526266
6,304,10.353082028259212,14.95685067364749
6,305,10.348725595779042,14.952259509770766
6,306,10.34570872928855,14.947584856212847
6,307,10.344056130685837,14.947272548018484
6,308,10.340334058929688,14.936432644786708
6,309,10.337946052322627,14.933924709551492
6,310,10.336678531208964,14.935680828074116
6,311,10.332812072212299,14.931753342338604
6,312,10.327875861667433,14.928042488658061
6,313,10.325470999360654,14.926379553290335
6,314,10.322652647636131,14.92724650887663
6,315,10.320778220256633,14.927033410185365
6,316,10.317515591407163,14.928132705897315
6,317,10.314209341918527,14.924861745792985
6,318,10.311912307240352,14.922311400202497
6,319,10.309216605231274,14.921846910502206
6,320,10.305727240239637,14.920875842504707
6,321,10.304024378736854,14.91981972121957
6,322,10.30179380688892,14.919183172284741
6,323,10.297511019519446,14.917233469660337
6,324,10.295090464480749,14.913231624119433
6,325,10.292464000643179,14.912301469303461
6,326,10.288255581026798,14.911806077455754
6,327,10.285812590267883,14.910026013029643
6,328,10.283255446817133,14.906428025213065
6,329,10.279528606321277,14.899096226487515
6,330,10.277975477126382,14.89850773578793
6,331,10.275668143371888,14.899655012323882
6,332,10.273192836746187,14.896386434892898
6,333,10.269627388332635,14.894769691797036
6,334,10.266639467741093,14.896196133905063
6,335,10.26364779881094,14.894224945834285
6,336,10.26198698083327,14.892723831810413
6,337,10.260037041434144,14.891623272986946
6,338,10.25776039549822,14.888538978260256
6,339,10.254614342463322,14.884690639104328
6,340,10.252667075426238,14.882068869213912
6,341,10.250115060299395,14.87922075929681
6,342,10.245017670434715,14.880548163818439
6,343,10.242962336277516,14.877682401232532
6,344,10.239145038478645,14.874812344361036
6,345,10.236903214647977,14.875392121968703
6,346,10.233422788270046,14.871132409200285
6,347,10.23079380832866,14.872162022881946
6,348,10.228493520559443,14.872048205599707
6,349,10.225889661867045,14.869735681820359
6,350,10.22414406510558,14.869566225423759
6,351,10.220962816051248,14.868348429290565
6,352,10.21773107054317,14.86847647352991
6,353,10.212884338695545,14.865446042529571
6,354,10.209413740792343,14.86034136000183
6,355,10.204947928838118,14.858559439213701
6,356,10.20328409652818,14.859842319418378
6,357,10.199918322312099,14.86005464089118
6,358,10.197109717852648,14.857776292490355
6,359,10.195568010323854,14.855679898176776
6,360,10.193394013704694,14.857262261241846
6,361,10.19152222646886,14.857711824792348
6,362,10.18977181720683,14.85695617073624
6,363,10.187875408592534,14.857438412068072
6,364,10.186532418498924,14.856294616806133
6,365,10.183519985516432,14.853932351377505
6,366,10.181562086293072,14.850338558168726
6,367,10.178881382136097,14.846242890221284
6,368,10.177207379531673,14.843413562948335
6,369,10.174776085170455,14.840370665102519
6,370,10.17346643006585,14.838921120849758
6,371,10.172013676759923,14.840421710496772
6,372,10.170569071273212,14.840623577143957
6,373,10.168116737911479,14.838787459471856
6,374,10.165305414510527,14.83822510061523
6,375,10.162865041729642,14.83765529014385
6,376,10.159704161507786,14.829684354905567
6,377,10.156815224021388,14.829241766973796
6,378,10.153327749768193,14.831356536711834
6,379,10.150259180136802,14.832094831113313
6,380,10.147987160378865,14.831838229605294
6,381,10.143825710929482,14.829160526360885
6,382,10.14018307612313,14.828776469796843
6,383,10.137531928550425,14.828686140668504
6,384,10.134831199239622,14.831797503892624
6,385,10.133082941204147,14.831238303358788
6,386,10.128683679558426,14.828415921832532
6,387,10.126320789851958,14.828102567798046
6,388,10.124198681420665,14.830379553077654
6,389,10.12224727113521,14.8289061390069
6,390,10.12078120733462,14.823502972638753
6,391,10.11883969009703,14.823145659293926
6,392,10.116231795645772,14.822844671278784
6,393,10.114234023851441,14.817237029565652
6,394,10.111990985354344,14.814253478255997
6,395,10.1086593659304,14.807226061278026
6,396,10.106895071555668,14.806775769386277
6,397,10.10482608863298,14.804811429115485
6,398,10.100604415094352,14.798207519932859
6,399,10.09894837862996,14.797674067234807
6,400,10.096685043181093,14.795463343195058
6,401,10.094476497810671,14.795661093752944
6,402,10.091690782930442,14.794207132497979
6,403,10.08840948435823,14.795747402249743
6,404,10.085997352198932,14.795050089076202
6,405,10.08293685621144,14.79526017443767
6,406,10.081491306195938,14.794790815906799
6,407,10.078104771760167,14.792793311355531
6,408,10.075963529420344,14.792925075301309
6,409,10.074244509116658,14.791922527600285
6,410,10.071102087081826,14.791008640000708
6,411,10.067950675414053,14.79060504926562
6,412,10.066106857388952,14.79024760054139
6,413,10.062504744629464,14.78732898615286
6,414,10.060965132291987,14.783026909488159
6,415,10.0580835018031,14.786419863977908
6,416,10.05561495944481,14.786587540181193
6,417,10.052623633005934,14.782708876108664
6,418,10.050782498330122,14.783679894997066
6,419,10.04924386349538,14.782984594476838
6,420,10.04719224973622,14.783284844128872
6,421,10.043903190107912,14.78101066394586
6,422,10.041882584770118,14.781240761732795
6,423,10.040242334810834,14.782162533962616
6,424,10.039035058349707,14.780737739122507
6,425,10.037811424680214,14.77921627983936
6,426,10.035202388730124,14.778756087854873
6,427,10.033043279827645,14.776126520231106
6,428,10.030545612149357,14.775774111403521
6,429,10.027884694926135,14.775407219404562
6,430,10.024943683455968,14.775163431970858
6,431,10.02272120330421,14.775344103545901
6,432,10.021399988873123,14.774317914029385
6,433,10.02025571338742,14.773959649991294
6,434,10.017815173594508,14.771673237023974
6,435,10.016102493928377,14.770030480074768
6,436,10.01358471213341,14.76938148189587
6,437,10.011118848579901,14.764883497881353
6,438,10.008986498648886,14.76369979984331
6,439,10.006613525736169,14.763600863635908
6,440,10.004046028281977,14.76259741211937
6,441,10.001902979503377,14.763563029361263
6,442,9.999403586177474,14.763684378778994
6,443,9.9974493046715,14.764935429076024
6,444,9.994315192409168,14.760537724970485
6,445,9.992197928188151,14.759955058153526
6,446,9.989981691025147,14.756689533374448
6,447,9.98835908755814,14.755271418058806
6,448,9.986088049878878,14.757758646912636
6,449,9.982400651235382,14.760449006272248
6,450,9.978331288110647,14.76241060303809
6,451,9.976844720825978,14.763068181793077
6,452,9.972494090482515,14.769202308715798
6,453,9.971433532849282,14.77008034846006
6,454,9.969559114146993,14.770923691170335
6,455,9.967681986795842,14.768193478638805
6,456,9.964411707660512,14.766271203946488
6,457,9.963502012648302,14.765794613739327
6,458,9.961546489625317,14.766001000919275
6,459,9.959965108109373,14.764615807830825
6,460,9.957562329956716,14.762429167375464
6,461,9.956251763939477,14.762542379452332
6,462,9.954554941222812,14.7595347128118
6,463,9.952210149008218,14.75892745994748
6,464,9.951088784114532,14.757700987255204
6,465,9.947796621472609,14.750905836003046
6,466,9.945372261725517,14.753779059428693
6,467,9.943876001145158,14.750253450131012
6,468,9.94198696191179,14.753715035965131
6,469,9.94117439878807,14.753029924480488
6,470,9.939084869071497,14.75182238845065
6,471,9.936632013223855,14.746913154472924
6,472,9.934436226099514,14.7464493213355
6,473,9.931854673864292,14.743716531100338
6,474,9.929805914806296,14.743949799310101
6,475,9.926758551643553,14.744613867699059
6,476,9.924830169659883,14.745085331911595
6,477,9.921439910900432,14.742069195036908
6,478,9.919917361699254,14.744719273703872
6,479,9.918126155567789,14.745679132699356
6,480,9.915201150198802,14.746083127709843
6,481,9.91316185104598,14.745208780133702
6,482,9.911249101019271,14.742664879676095
6,483,9.90905035475787,14.744302299035635
6,484,9.90662298813963,14.742558992143241
6,485,9.904058862702557,14.738667456898371
6,486,9.902846238564173,14.742177478586385
6,487,9.90110255182095,14.742888516555004
6,488,9.898729374357654,14.74251771507559
6,489,9.897530546131831,14.742888429637683
6,490,9.895745299597419,14.742530420645922
6,491,9.89390844126085,14.743343424872345
6,492,9.892107692991702,14.74399496280618
6,493,9.890861593427665,14.743341829583526
6,494,9.889832422683316,14.742635839902855
6,495,9.888022163138455,14.736902246801424
6,496,9.886909813322939,14.734815127585732
6,497,9.885479102337428,14.734648358374175
6,498,9.882975644080823,14.733780100272368
6,499,9.880649901572196,14.735686875124662
6,500,9.878709362448655,14.736312604672525
6,501,9.875374561245735,14.73044730441261
6,502,9.873730437754997,14.725809797206761
6,503,9.872410620308965,14.723844004854328
6,504,9.869690641815215,14.720434827856828
6,505,9.868233826135542,14.717087141381791
6,506,9.865938952409945,14.715109647939688
6,507,9.863166907982821,14.714258201424352
6,508,9.861182543306441,14.71448405500284
6,509,9.858986492382934,14.713794341378097
6,510,9.85637888340143,14.716403705666012
6,511,9.8542798024074,14.715090212104412
6,512,9.85161544871819,14.715224078171282
6,513,9.849457582196807,14.717696910547785
6,514,9.84855608119692,14.718307598910732
6,515,9.846731394532432,14.716856285586262
6,516,9.844752339733992,14.718042312345869
6,517,9.842702190983507,14.715138900912084
6,518,9.841145908833887,14.714580478749424
6,519,9.839755971838846,14.719295909699552
6,520,9.837229705545228,14.718075611384972
6,521,9.835570986671668,14.718522696102854
6,522,9.833537999719923,14.717624240076736
6,523,9.831509662478004,14.716541029403702
6,524,9.829705590196243,14.71666087634659
6,525,9.827871470313518,14.715733456843777
6,526,9.825242426317251,14.713701161213372
6,527,9.823760059787801,14.7123594213576
6,528,9.821721434369428,14.711258318509033
6,529,9.81957861021214,14.707036758441486
6,530,9.817434186977026,14.705211602214812
6,531,9.81523506964787,14.707736036450346
6,532,9.813713243257876,14.706773908886746
6,533,9.811277754579725,14.703844452843784
6,534,9.810043758449936,14.7042231366013
6,535,9.806743889121448,14.702758591508362
6,536,9.805555534064831,14.700862176743797
6,537,9.80381398665284,14.701424020480708
6,538,9.800867745095807,14.707144601877857
6,539,9.798124229786232,14.707009305417715
6,540,9.796389718698007,14.70888385044839
6,541,9.794861673696934,14.708886793192068
6,542,9.792870411272329,14.707709010299542
6,543,9.790778794079118,14.703222389248984
6,544,9.789272799903022,14.701920689739866
6,545,9.787300893269496,14.702779581117566
6,546,9.785945713972932,14.700390889657276
6,547,9.783972286333098,14.698949954761494
6,548,9.782879191226002,14.69883245691239
6,549,9.780771126843788,14.700877689239633
6,550,9.778569595997869,14.701084423436805
6,551,9.776861896712093,14.699842256392676
6,552,9.774880013216737,14.699944624523557
6,553,9.773648259193736,14.700510333091106
6,554,9.771967299973928,14.697786499214764
6,555,9.770273906919646,14.698632651587317
6,556,9.767903454274258,14.696384331793105
6,557,9.765846848172918,14.694140972164098
6,558,9.762583350198787,14.695775740207889
6,559,9.76068463812189,14.69627635869799
6,560,9.75901621424887,14.695998621565582
6,561,9.75780644987911,14.694960786349315
6,562,9.755899542737836,14.695675496533811
6,563,9.754565406842307,14.697069789631398
6,564,9.752650298670316,14.69352184808619
6,565,9.750929183182004,14.69380752235663
6,566,9.748613179109837,14.694569872965905
6,567,9.74651063649388,14.695057142873534
6,568,9.745238483571226,14.69507097577971
6,569,9.742809632704333,14.694123492878768
6,570,9.74060946297663,14.692028446888543
6,571,9.738922854746265,14.694185601125309
6,572,9.73706020334117,14.697397794713927
6,573,9.73485921056839,14.696094184056063
6,574,9.732998516731074,14.693697894162714
6,575,9.731564041244262,14.694476899303313
6,576,9.729681545955168,14.693074253056666
6,577,9.727278897982758,14.691967446992246
6,578,9.725575637790937,14.693262525229922
6,579,9.72415222061081,14.693859698205472
6,580,9.722555307065619,14.692396953195766
6,581,9.721243815297123,14.694166672216822
6,582,9.719176417359511,14.693629698358425
6,583,9.71735360922744,14.696693108049807
6,584,9.715715916571709,14.695954174476691
6,585,9.714603334809908,14.695574856840652
6,586,9.713068067063613,14.695082806549996
6,587,9.711214975978976,14.696124538118337
6,588,9.709185516900451,14.694967001165738
6,589,9.707679588138996,14.69203168868491
6,590,9.70600337449512,14.69259850253367
6,591,9.704265092666093,14.690469459169938
6,592,9.702879650606626,14.689793805931886
6,593,9.701739646068306,14.689250533357106
6,594,9.699654366339235,14.689341409153867
6,595,9.698030699697675,14.689260084543495
6,596,9.696081511334036,14.690210026919793
6,597,9.694254518988428,14.688776837039223
6,598,9.691875336710867,14.687389544670841
6,599,9.689864767328965,14.68569454179003
6,600,9.687656851456143,14.684040915763683
6,601,9.686725388965769,14.683316979274167
6,602,9.684870560361107,14.683006822432
6,603,9.683033581913817,14.682712940258435
6,604,9.68173525326699,14.681618292805277
6,605,9.680486543232314,14.681032414343871
6,606,9.679225787279142,14.681081055920037
6,607,9.67742489445515,14.680176159066484
6,608,9.674751704806976,14.681336900963732
6,609,9.672909471353258,14.682108331706731
6,610,9.671468016124614,14.679026364388465
6,611,9.670265784066684,14.678569870986403
6,612,9.66713552126377,14.676853858638555
6,613,9.665006090170579,14.675373758889274
6,614,9.663516391732394,14.673043286091668
6,615,9.661452559810064,14.671834035203524
6,616,9.660582570251407,14.673052579973241
6,617,9.659877151642378,14.67231712837004
6,618,9.657963799045401,14.673558812015015
6,619,9.655980054860743,14.67375844978799
6,620,9.654285103387448,14.673018334069688
6,621,9.652339815335129,14.67526293687234
6,622,9.65069091764706,14.67503177215815
6,623,9.649620644455583,14.672488988442662
6,624,9.64661891483405,14.6723596134254
6,625,9.645517251954644,14.674235289185672
6,626,9.643478753260574,14.675935596422388
6,627,9.641788266610497,14.677390488414508
6,628,9.63861029150855,14.67533017193931
6,629,9.636676862334562,14.677298669065655
6,630,9.635440292068397,14.6760389163771
6,631,9.631667727578508,14.678237638216578
6,632,9.630491980635224,14.675740074338847
6,633,9.62854438895785,14.676505101610598
6,634,9.626586307750927,14.678154408606744
6,635,9.624839290499423,14.673100243547234
6,636,9.62365146510695,14.671502884573847
6,637,9.62259785568496,14.67136146327352
6,638,9.621127692179828,14.67021931026723
6,639,9.61924666793174,14.669034512860922
6,640,9.618049204109345,14.6676747893377
6,641,9.61625174550303,14.670855229104529
6,642,9.61529010005218,14.670166971143386
6,643,9.613438541169982,14.668684907457001
6,644,9.612161651602738,14.669246895963223
6,645,9.610575303053738,14.672235866714662
6,646,9.609355181415385,14.672187958756302
6,647,9.607134344595805,14.671792583872108
6,648,9.6055008557951,14.675804887739897
6,649,9.604080932246509,14.67742188426004
6,650,9.601540826150384,14.676473998418997
6,651,9.600182334854535,14.67708352361706
6,652,9.598232162857691,14.679854220864229
6,653,9.595831512939968,14.680910154778532
6,654,9.594506502278477,14.683041498046975
6,655,9.593035169410289,14.687316502739826
6,656,9.591364277560594,14.685771276536823
6,657,9.589289455150142,14.686259407624032
6,658,9.587739005662646,14.686291616109584
6,659,9.586124872063833,14.686539307190937
6,660,9.583740422312237,14.687728315900559
6,661,9.58233070594798,14.686979566170667
6,662,9.580591182251425,14.686551587541908
6,663,9.579198628918641,14.687517122721326
6,664,9.57863892832351,14.688064626409354
6,665,9.575621892285195,14.685939660897969
6,666,9.573737333102342,14.68396214626287
6,667,9.572302047826916,14.683704544004199
6,668,9.571021360459188,14.684170869138613
6,669,9.568746487127608,14.684591819305957
6,670,9.567547849078254,14.688179451855103
6,671,9.564984911377374,14.686909762074757
6,672,9.563129484555972,14.682163643496322
6,673,9.561982262274329,14.681007168905177
6,674,9.55986951323698,14.680722163909865
6,675,9.558003115781435,14.678724177950272
6,676,9.556115497893419,14.678612715030267
6,677,9.555044539978388,14.679256217740372
6,678,9.553887482412097,14.683567507237639
6,679,9.552734684797388,14.68330844773383
6,680,9.55136636002684,14.682972964619676
6,681,9.54806452518845,14.676986395233497
6,682,9.546992300069533,14.677692666207848
6,683,9.544618925357335,14.67761426841719
6,684,9.543355840273334,14.679141045252221
6,685,9.541868806081153,14.68125888626073
7,1,19.83272743405419,25.346253138366883
7,2,19.46462077063342,24.915429286167537
7,3,19.128196406973963,24.532210850205868
7,4,18.793364105302068,24.1799599621873
7,5,18.478721341401304,23.848684504439102
7,6,18.182937537141942,23.50111028046871
7,7,17.90513085660432,23.170404507136585
7,8,17.64221505728712,22.878746964080634
7,9,17.399476361946043,22.606862588713547
7,10,17.16656458944654,22.340342242231028
7,11,16.94333406541244,22.068710868949527
7,12,16.73346379570165,21.823077957898878
7,13,16.526607467024416,21.609246501550817
7,14,16.330242229288093,21.415990030221618
7,15,16.14595166468982,21.206816445293644
7,16,15.97639125729772,21.007271035644425
7,17,15.817458443232955,20.821437007734744
7,18,15.66307956737165,20.66465021198018
7,19,15.508938805823712,20.484167784260098
7,20,15.367799340536129,20.32040884801866
7,21,15.236320867286212,20.16629759572652
7,22,15.109802325846132,20.013813215834418
7,23,14.989181981932571,19.886996630901393
7,24,14.88008475760408,19.765273652503407
7,25,14.768407937258598,19.640407862565187
7,26,14.659823010752232,19.509603802770695
7,27,14.554603566606232,19.395684737329795
7,28,14.452328707606355,19.31302435168976
7,29,14.356837114470284,19.23550021131942
7,30,14.27053844191293,19.122225263370435
7,31,14.188714754593464,19.017160002043358
7,32,14.099494695672764,18.944962791121878
7,33,14.025193124615786,18.867790626568663
7,34,13.943238853593575,18.80454280041273
7,35,13.87518986276437,18.727071415915773
7,36,13.801832470477526,18.659282603307737
7,37,13.73717656165663,18.596584286059006
7,38,13.673306260599466,18.54416927968381
7,39,13.615492085802096,18.47551443918334
7,40,13.561423068962334,18.417862806639775
7,41,13.509765782967701,18.35388746725969
7,42,13.45116002038653,18.308136690718054
7,43,13.399060705746374,18.27130555895529
7,44,13.343537924324712,18.22942634437703
7,45,13.300330472342194,18.18518760206136
7,46,13.257071643792846,18.14284349462616
7,47,13.216675523550462,18.08850437190854
7,48,13.171171827867378,18.05360469211711
7,49,13.129111988904773,18.014255816477736
7,50,13.09396473991155,17.987841770748155
7,51,13.058000316777546,17.952936271724813
7,52,13.024101237153921,17.913393809354556
7,53,12.98354350450866,17.88672637283667
7,54,12.951275049486913,17.84003397811162
7,55,12.921805624725788,17.80104432446617
7,56,12.88850820906982,17.770390309468105
7,57,12.850567988866594,17.74100273869865
7,58,12.823375069571934,17.710694255479307
7,59,12.781610210688571,17.666032273028392
7,60,12.752683990182064,17.643503970613185
7,61,12.728686184522914,17.625321465227216
7,62,12.702358808306654,17.592624211702347
7,63,12.67230480870067,17.53971757742682
7,64,12.647636769782487,17.518422360526554
7,65,12.622649500547231,17.50656968199468
7,66,12.593574939221156,17.48517715381627
7,67,12.574311902497387,17.45866235637013
7,68,12.55167608485022,17.437877503037736
7,69,12.53215524100423,17.412368943957677
7,70,12.511509910869373,17.39318862169862
7,71,12.492173315078391,17.378310542213313
7,72,12.47310562486889,17.35200131725892
7,73,12.452212399769493,17.32309449220721
7,74,12.427721088349033,17.30383711817804
7,75,12.40521656804157,17.291531996108407
7,76,12.378225087018523,17.266318165334347
7,77,12.362799782331942,17.249445040685327
7,78,12.342916818466886,17.235008422663604
7,79,12.325090814901365,17.225953538273092
7,80,12.305460316711484,17.22197371993766
7,81,12.284997941797567,17.19391879424151
7,82,12.26205760892227,17.172055195042297
7,83,12.246136683342387,17.151310683059254
7,84,12.231190001603162,17.13286519011016
7,85,12.214424061478628,17.11495601164845
7,86,12.196299132752705,17.10590008296853
7,87,12.179333688139804,17.097101835933934
7,88,12.162461415781987,17.061985302330246
7,89,12.149280970285776,17.042601589852627
7,90,12.135526289024707,17.017809538847064
7,91,12.120618243823378,16.995190662216743
7,92,12.10585465069516,16.976489315598464
7,93,12.092221499835974,16.955690986235574
7,94,12.07883337323078,16.947331286127177
7,95,12.067037551305777,16.91712162625512
7,96,12.051106193207803,16.90056010039563
7,97,12.03961470492356,16.88269799299026
7,98,12.028178243666135,16.866479572123072
7,99,12.015676119955941,16.844241791109884
7,100,12.004282799468847,16.831466434468688
7,101,11.987408179544074,16.811577669357522
7,102,11.975315106266633,16.78526541854903
7,103,11.959654840923918,16.766445118544986
7,104,11.946010021967531,16.745645751846265
7,105,11.93551872023679,16.736424856878333
7,106,11.925592325527754,16.71983299504209
7,107,11.9165311729114,16.705184746217167
7,108,11.905198851029134,16.69751819163971
7,109,11.895657028175004,16.67539949424484
7,110,11.884446862322902,16.6675092128191
7,111,11.871498301572792,16.645530871410024
7,112,11.859456798176634,16.639467601779995
7,113,11.846419169825902,16.62765297640333
7,114,11.837368851921072,16.61847646210838
7,115,11.828080293235926,16.61129858785796
7,116,11.815758881160095,16.599147277714803
7,117,11.802665092898835,16.58125775283457
7,118,11.79244175894203,16.577404321002316
7,119,11.785064969014377,16.569618921210388
7,120,11.775528021813003,16.56354959495324
7,121,11.762358777370034,16.55078775895141
7,122,11.754789672767647,16.54382142758768
7,123,11.747767036293938,16.534319120561086
7,124,11.740381036532012,16.531538336825296
7,125,11.733566611482964,16.52160960069525
7,126,11.721636464996863,16.510172712624687
7,127,11.712891974938989,16.501748883057992
7,128,11.701495669927105,16.47985662041527
7,129,11.694491288389363,16.466043200386604
7,130,11.684325603684151,16.448177366115477
7,131,11.677220884217645,16.438341282763407
7,132,11.671164853156158,16.43030975794357
7,133,11.664439683982188,16.421128754776056
7,134,11.656531759157714,16.410162573289693
7,135,11.647589027693947,16.396972949532135
7,136,11.642155098220272,16.38861028384874
7,137,11.63242836472503,16.383520006266046
7,138,11.62254267646711,16.36505345313367
7,139,11.615893835928555,16.356435672596955
7,140,11.608452908048758,16.3520587672286
7,141,11.601538754042213,16.346173792771598
7,142,11.594401367409812,16.341591646393322
7,143,11.586354544076812,16.33791227853851
7,144,11.580966252941977,16.329013542797327
7,145,11.57428293018208,16.323618886806848
7,146,11.569350728706347,16.319284832888705
7,147,11.561032706851089,16.311496672188326
7,148,11.554217269488374,16.308341577191676
7,149,11.548373836424442,16.29809380001592
7,150,11.54258096369847,16.288084652251737
7,151,11.53658703748915,16.280995097553234
7,152,11.53196025088254,16.271683270356064
7,153,11.520238534870783,16.25693106637624
7,154,11.515835656186278,16.254101180907284
7,155,11.507795182512298,16.239733668768018
7,156,11.501533434888822,16.234845749945386
7,157,11.490933344944242,16.221359771524696
7,158,11.485802467834807,16.218553542316428
7,159,11.481386511411518,16.21391366053077
7,160,11.47540115221256,16.209693663429256
7,161,11.468386297045686,16.205760263687004
7,162,11.463039882139919,16.197840773823234
7,163,11.459582479812228,16.189168725145525
7,164,11.45481207982395,16.18120674168612
7,165,11.451381751069347,16.178219309729705
7,166,11.446575317842829,16.176542154473754
7,167,11.44093898147856,16.1742353104154
7,168,11.436390357836224,16.172710145047894
7,169,11.430333361649762,16.16996420398564
7,170,11.426019049311066,16.162877226782197
7,171,11.41910697382334,16.1479087584865
7,172,11.411418966980232,16.13201608824489
7,173,11.407992844776244,16.12951989385291
7,174,11.403635124492359,16.125262442168534
7,175,11.398277317360616,16.126156740340186
7,176,11.393555881071004,16.119944699019275
7,177,11.387765268249769,16.108601131141395
7,178,11.381076735884092,16.099941458602835
7,179,11.375394069496002,16.097708366025167
7,180,11.366772389147634,16.086732174547326
7,181,11.36055584961697,16.084203493066656
7,182,11.356002821819994,16.077499961174002
7,183,11.348768086685658,16.07156991644152
7,184,11.344357055339911,16.06566331030785
7,185,11.338866033941102,16.06199968380705
7,186,11.331971130511599,16.057511348403597
7,187,11.325788949865373,16.050342378346468
7,188,11.31727905086598,16.039907227499544
7,189,11.312993232421135,16.03487296195731
7,190,11.30848495693576,16.03117556710148
7,191,11.302876185588772,16.02271571581882
7,192,11.29945442013772,16.02237402633599
7,193,11.295888409727022,16.017630667326724
7,194,11.292690333865016,16.017622928973907
7,195,11.2879298498148,16.013323494392665
7,196,11.279912455939263,16.003889939881482
7,197,11.275930971409881,16.00014582076246
7,198,11.272995959163218,15.99761835081655
7,199,11.268428052581218,15.9967058445932
7,200,11.26411797107046,15.9926764795135
7,201,11.25966472250159,15.990416902202169
7,202,11.256016974697715,15.987896207645367
7,203,11.252768661670595,15.984964227361997
7,204,11.249218390459124,15.985319894154516
7,205,11.245840063586476,15.981551306119663
7,206,11.242947191845614,15.97933591057664
7,207,11.237331347347274,15.974876606011458
7,208,11.233181260644733,15.973019610604428
7,209,11.228636975031831,15.970296823453578
7,210,11.223092628174479,15.968575746527538
7,211,11.21808784015354,15.9596478119792
7,212,11.213890606562261,15.961447205123667
7,213,11.20873297783365,15.959867450041493
7,214,11.205687602250654,15.954537346725003
7,215,11.2028172837621,15.954167699249261
7,216,11.19887937774776,15.951855132415199
7,217,11.195817135796329,15.948026152498006
7,218,11.191329339091482,15.947096775520793
7,219,11.187977412162255,15.9424166600713
7,220,11.181251239983684,15.933932212564807
7,221,11.174050802308294,15.932046300437099
7,222,11.170425144551345,15.92690653425913
7,223,11.165425697821009,15.922068351846708
7,224,11.163079113048704,15.921650934956256
7,225,11.158336865011016,15.918791662666331
7,226,11.153592945289713,15.91253796356725
7,227,11.14812755099252,15.91124975221377
7,228,11.143911849711362,15.913870122463962
7,229,11.140079396189975,15.916689867362692
7,230,11.135490220518033,15.916195509548174
7,231,11.131121678694578,15.912829524848618
7,232,11.125097840080777,15.909075750384988
7,233,11.122133296172427,15.90660239393154
7,234,11.114916546374532,15.899791955942455
7,235,11.111986939278053,15.8960934592308
7,236,11.10922393159735,15.894750273897985
7,237,11.105418959009821,15.894714959972191
7,238,11.10183458051215,15.891239290902945
7,239,11.099378345343224,15.888006398537811
7,240,11.095443072453099,15.886709199003471
7,241,11.092017539204056,15.880121058429708
7,242,11.088520488101215,15.881578684187831
7,243,11.084068665328324,15.879473294958004
7,244,11.078892575535482,15.876937882409344
7,245,11.0723419433764,15.87358423803263
7,246,11.068182975237159,15.871876564746273
7,247,11.06270980937845,15.866906326652455
7,248,11.059367654009915,15.861752738827407
7,249,11.05613616477501,15.860776121421864
7,250,11.051832695029235,15.855309014857207
7,251,11.049434741101498,15.855570960438481
7,252,11.045484825659113,15.849786775062665
7,253,11.04030979877758,15.846177086805742
7,254,11.03701728675396,15.844066547373151
7,255,11.032199199461411,15.838061124535031
7,256,11.028671815659484,15.837563885558591
7,257,11.02520018997592,15.835623487746865
7,258,11.022557191864953,15.830443989829057
7,259,11.017732525531356,15.827937308861515
7,260,11.014726381655606,15.824932435838434
7,261,11.010956808495314,15.819345113367051
7,262,11.008184985451503,15.814264029816902
7,263,11.001669344279582,15.807800465889464
7,264,10.997210795272183,15.80802206143144
7,265,10.993605035853896,15.80817976351296
7,266,10.988568443276689,15.806024661051483
7,267,10.984877950180378,15.800535704866375
7,268,10.981909955389444,15.800006965731097
7,269,10.979159273759057,15.799697993549765
7,270,10.974740796648891,15.798951535560226
7,271,10.970187735363446,15.794235545358388
7,272,10.964763939242536,15.792916637067728
7,273,10.961461019484917,15.793458782949948
7,274,10.959226892129948,15.793313890255034
7,275,10.955988875881761,15.790493472541
7,276,10.95307738075425,15.790173360151512
7,277,10.950603808185617,15.790553246799941
7,278,10.94655122176166,15.788996647356567
7,279,10.942033329321443,15.784617194593283
7,280,10.939000440484621,15.786086627127258
7,281,10.934380294909001,15.780287807202535
7,282,10.929419278644168,15.776617196024254
7,283,10.926292504215922,15.77599292011579
7,284,10.923570509942783,15.775160550241061
7,285,10.920492185000537,15.774210508272649
7,286,10.918813096537914,15.773409740228812
7,287,10.916727615238447,15.771654833474933
7,288,10.913983027897432,15.77312348440505
7,289,10.909633060552776,15.768382889004904
7,290,10.906737585167011,15.765604444085826
7,291,10.903808724078537,15.76517295209415
7,292,10.899324035593418,15.763877631214978
7,293,10.896385695407027,15.764951633335771
7,294,10.894277630493011,15.763248416878241
7,295,10.892462651505712,15.766400488967513
7,296,10.888733708646903,15.765614009847924
7,297,10.884609342610526,15.76042233533975
7,298,10.881307127341545,15.75970531132389
7,299,10.878907979732368,15.759819044800173
7,300,10.87539727192887,15.756898493632125
7,301,10.87114490354741,15.75843955233884
7,302,10.867840106230567,15.759527492793765
7,303,10.86398051991566,15.754316535765447
7,304,10.861669911467885,15.754132387348031
7,305,10.857169259716496,15.750728187805363
7,306,10.854692872164609,15.753305534938217
7,307,10.85270575680298,15.7479887525113
7,308,10.849312205961695,15.746556330753256
7,309,10.846995149776168,15.744035551443504
7,310,10.844757133286254,15.746238127675687
7,311,10.841464328983458,15.740703303485652
7,312,10.836323561673689,15.739623201374695
7,313,10.834128740702674,15.73935823981008
7,314,10.830732621175503,15.740688643709863
7,315,10.828184154433165,15.74196625634898
7,316,10.824457793204335,15.741802483970757
7,317,10.82197777290289,15.740931575150476
7,318,10.818197808522351,15.738926741549806
7,319,10.816362115639835,15.738698394819915
7,320,10.814691857816605,15.73892923794638
7,321,10.813362856994296,15.739707473976821
7,322,10.809468297573178,15.743212772397866
7,323,10.806741358593897,15.741571549529958
7,324,10.804491353362934,15.74074040329307
7,325,10.800694955529396,15.740051123913682
7,326,10.797302950403393,15.734216895367199
7,327,10.792740892762179,15.734701440428013
7,328,10.789652776923823,15.732990524172537
7,329,10.786921164468266,15.731247017777497
7,330,10.7844342612054,15.730481895566536
7,331,10.78167722718104,15.729074595613724
7,332,10.779082788343276,15.727465890464737
7,333,10.774465456901988,15.724879662879205
7,334,10.770630965617736,15.722673837498652
7,335,10.767923593252386,15.719874119982771
7,336,10.765449181677239,15.71850121431358
7,337,10.763593195559148,15.71450639128606
7,338,10.75867712436154,15.712274297823619
7,339,10.755478984292964,15.709265250370127
7,340,10.753687346714647,15.708990854053933
7,341,10.750658536612782,15.706803176494132
7,342,10.748267899845287,15.706451289951245
7,343,10.744543386664512,15.702195031730714
7,344,10.74100740573393,15.700543948578014
7,345,10.736742203283349,15.695875230039258
7,346,10.73284645003591,15.695778081781183
7,347,10.72973040568103,15.698650578218466
7,348,10.728141999548395,15.699360734178473
7,349,10.726355796012905,15.698278909878018
7,350,10.724347899263249,15.697213617755848
7,351,10.722529358298596,15.693059055891444
7,352,10.718818293014644,15.692890097338813
7,353,10.714731105501665,15.696689182434264
7,354,10.711110170117237,15.69542952960617
7,355,10.707571840647551,15.697053454086177
7,356,10.705723281076322,15.693931656745983
7,357,10.70346207240617,15.694055712912373
7,358,10.699869736637622,15.690507939005633
7,359,10.69705132583839,15.687822998020797
7,360,10.69543721857258,15.690517456753907
7,361,10.692211901144054,15.6908499463295
7,362,10.68964584264277,15.692026550711649
7,363,10.686765563062176,15.690528420845688
7,364,10.68443530139035,15.68776515616392
7,365,10.682261707137616,15.687296400987611
7,366,10.679204884503505,15.681777327433172
7,367,10.676516915542246,15.680890437967673
7,368,10.67300712548453,15.678121455058326
7,369,10.670682089766565,15.678984569394624
7,370,10.668840166521399,15.677294208986785
7,371,10.664868236254312,15.679110471462515
7,372,10.662307765628166,15.673541634707062
7,373,10.65922407433243,15.672177000376458
7,374,10.656770682760593,15.671047461530552
7,375,10.65420269145024,15.669929293684252
7,376,10.65174623670198,15.669416128602535
7,377,10.645136558967172,15.66017367135387
7,378,10.643191506809746,15.66024670366295
7,379,10.641115614777862,15.66090614581029
7,380,10.63977941033489,15.66038477543589
7,381,10.636544540276105,15.658711753973924
7,382,10.63317148545025,15.656646880758856
7,383,10.629913292123241,15.654312311990786
7,384,10.626890291485264,15.657264111251083
7,385,10.62463992565458,15.659465685279896
7,386,10.619283180432465,15.655266919667277
7,387,10.617052976580867,15.658571890684831
7,388,10.614173432139985,15.660447881316776
7,389,10.611437073475031,15.659335263174325
7,390,10.609013088282307,15.661963919660318
7,391,10.605079954600846,15.660360389125017
7,392,10.602423733154263,15.66162674804134
7,393,10.600107157889688,15.658281381629322
7,394,10.598542518747319,15.66013782995707
7,395,10.593501482717645,15.660988663789572
7,396,10.591519597304492,15.662144185357688
7,397,10.585681697059325,15.654255183343926
7,398,10.583232282577459,15.654087260032082
7,399,10.58108825219684,15.655878636839805
7,400,10.576970511989664,15.652891255648674
7,401,10.575405477997638,15.648511343718532
7,402,10.572591999395136,15.648655341364273
7,403,10.56974546218312,15.651229675285759
7,404,10.567521667128602,15.64897760189857
7,405,10.56426679191517,15.642221585061531
7,406,10.560845107185374,15.640159934590153
7,407,10.558781567050287,15.639181775148408
7,408,10.555634688695925,15.636234265531678
7,409,10.552325259735179,15.640264209687736
7,410,10.549965173344393,15.640233986695744
7,411,10.546725436176523,15.642616070273888
7,412,10.545500957717445,15.641966717708947
7,413,10.541652270687292,15.641153644096056
7,414,10.539634873924472,15.640877454342958
7,415,10.537093832544503,15.642617648717904
7,416,10.534846388664963,15.641946745381796
7,417,10.531631569482087,15.638903570144132
7,418,10.529770429282111,15.637869015348688
7,419,10.526657491555449,15.633445067931397
7,420,10.52444539718102,15.6332604956292
7,421,10.523206867396745,15.632394281962773
7,422,10.521039653299392,15.632033260060863
7,423,10.518656936547861,15.633441157392259
7,424,10.517809127351196,15.63385124701882
7,425,10.516417251142514,15.633476760494174
7,426,10.513580356420341,15.632866299435005
7,427,10.51172977682789,15.630065809059364
7,428,10.50998466771002,15.630335690544788
7,429,10.504408641576449,15.623433079275907
7,430,10.501398268911338,15.620611387154858
7,431,10.500004035828244,15.622882582032375
7,432,10.497203389787067,15.624169428174437
7,433,10.495880484101363,15.625700957034024
7,434,10.493744590940134,15.627888162360325
7,435,10.490816198096505,15.62835438648031
7,436,10.488769835460404,15.630648035266239
7,437,10.484960677311543,15.637958009368845
7,438,10.482584738669255,15.637036125395054
7,439,10.479879969611064,15.636385221763563
7,440,10.477504882590717,15.63582321599069
7,441,10.47549730922992,15.634715871451865
7,442,10.473623233276275,15.642209221853417
7,443,10.471078306280186,15.641752511313573
7,444,10.469122532431868,15.638307734979373
7,445,10.466865328683237,15.63862071524073
7,446,10.46401066228271,15.638333822307503
7,447,10.462035833726047,15.637505950890189
7,448,10.45976572516018,15.641018711826362
7,449,10.457422244515794,15.639370942465074
7,450,10.45439946868969,15.636140992048652
7,451,10.451175341868757,15.631829035374633
7,452,10.449379333963268,15.630904534927483
7,453,10.44653282905135,15.629523505470356
7,454,10.443555276304506,15.62955876727543
7,455,10.440889859768172,15.629754740462001
7,456,10.43796110996083,15.628342586617661
7,457,10.436952149348707,15.627655860611119
7,458,10.434442558076093,15.62706537950102
7,459,10.432037841547338,15.626173257677058
7,460,10.426994798721578,15.611797937762391
7,461,10.424129052783375,15.614720692879972
7,462,10.42218907674713,15.614143616418952
7,463,10.419772481332469,15.614466231588684
7,464,10.418537131354782,15.616175880856153
7,465,10.415717390256626,15.619134012703096
7,466,10.413542005713218,15.62648302294214
7,467,10.412405531673196,15.624999875528749
7,468,10.410552966171425,15.626427232658218
7,469,10.40848174646045,15.627893537619636
7,470,10.405958394039978,15.631180741732631
7,471,10.40373007429332,15.636053401336543
7,472,10.402520948438923,15.623096252438065
7,473,10.40058038672098,15.623594261392459
7,474,10.398581091808342,15.623217869703891
7,475,10.395336578720972,15.61793211010284
7,476,10.391724386310855,15.616795571246678
7,477,10.390233103315289,15.616497173026604
7,478,10.388551745399818,15.616740747847404
7,479,10.38750602295939,15.617595019977108
7,480,10.385258701335953,15.61296390126615
7,481,10.383961206359713,15.615582799429149
7,482,10.38209730537295,15.613434025986164
7,483,10.379757270974421,15.610622311431126
7,484,10.378365565611391,15.611268362741844
7,485,10.376335844321444,15.60756485805364
7,486,10.375145270834034,15.611301525034492
7,487,10.373664002991008,15.613764776154394
7,488,10.371890545267858,15.612941826518755
7,489,10.370308351258865,15.611632192006844
7,490,10.368455200173868,15.608957560244404
7,491,10.366243703997188,15.609343978377941
7,492,10.364315786255585,15.611356505704096
7,493,10.363557907937928,15.610080257073674
7,494,10.361207886787724,15.60851030899534
7,495,10.357989737767015,15.609392389327711
7,496,10.3567831546291,15.607084977316044
7,497,10.354736351165885,15.607140948391208
7,498,10.352616272618317,15.607396713173479
7,499,10.351217094892116,15.606188359284301
7,500,10.34852156373906,15.608465389095864
7,501,10.346308169600672,15.607263955860747
7,502,10.344887925505798,15.605942093189727
7,503,10.342328330475418,15.605998064886277
7,504,10.340080634861756,15.605330091375546
7,505,10.337754927573922,15.60332901842544
7,506,10.335325271587896,15.601465944220276
7,507,10.333974147287059,15.601501999631168
7,508,10.333112105154674,15.60123695657385
7,509,10.33111414739491,15.600562438174974
7,510,10.328408109793493,15.60130102268967
7,511,10.32612209777644,15.601123772912556
7,512,10.323535180105878,15.599460298792215
7,513,10.32271563133322,15.599585905299755
7,514,10.321649754673206,15.600955706868172
7,515,10.319863142485215,15.599235875214461
7,516,10.318226479549368,15.599668951738085
7,517,10.316062462247213,15.597254749107133
7,518,10.314061108984134,15.600399553738036
7,519,10.312990311958664,15.600638328778615
7,520,10.311164561200764,15.600616292281341
7,521,10.30967727017639,15.598670190317058
7,522,10.307761658546763,15.599098376550256
7,523,10.306431335459422,15.598197151936677
7,524,10.304787659788342,15.599323208699431
7,525,10.302987285837673,15.600193028768201
7,526,10.299872252295021,15.59940197989563
7,527,10.295593623396913,15.599685864654873
7,528,10.291866431950073,15.59635667305464
7,529,10.289526083471655,15.594998103986208
7,530,10.287232671080348,15.595560439454605
7,531,10.28508082888007,15.598069184911514
7,532,10.281412340924751,15.59416255650843
7,533,10.279504306105437,15.592629306079287
7,534,10.278263508657504,15.594132425553743
7,535,10.275129277894509,15.591943408627548
7,536,10.273708013603526,15.59431091827211
7,537,10.271844537830189,15.595295115010892
7,538,10.26947930989494,15.593121078149675
7,539,10.267336301761016,15.596384120154067
7,540,10.266042768452316,15.597684688933583
7,541,10.263655131707434,15.599171050882264
7,542,10.261745751921529,15.58876908504702
7,543,10.260142978337289,15.588927272000326
7,544,10.258258424925275,15.587297644924117
7,545,10.25696713808482,15.588383370192352
7,546,10.254918814106144,15.585326319506656
7,547,10.253112464427378,15.584074521373285
7,548,10.249563911869716,15.583584241847644
7,549,10.247090558048319,15.584470336856711
7,550,10.244131934280066,15.587820451442772
7,551,10.242483613855267,15.58824741570276
7,552,10.241156789464107,15.587650319457472
7,553,10.23895265602689,15.58794830296817
7,554,10.236691230803938,15.586701890025614
7,555,10.234953472808586,15.58554399901911
7,556,10.232632590047995,15.586108129400097
7,557,10.231276903035647,15.585631968705595
7,558,10.22705898356522,15.586653607399992
7,559,10.225317252806583,15.587491113759377
7,560,10.223847661144747,15.58812928358297
7,561,10.222342376338199,15.588685667308548
7,562,10.21999197047996,15.593662526412508
7,563,10.219137068826738,15.592284517371795
7,564,10.217111956944663,15.587186311751356
7,565,10.215444461670542,15.588934870739848
7,566,10.213052150274233,15.590611365036368
7,567,10.210905503933683,15.592328418660093
7,568,10.209581620153067,15.591974322297979
7,569,10.20717256120042,15.591203947630289
7,570,10.20482011857169,15.591013398069382
7,571,10.203190933971289,15.594175948947436
7,572,10.201280343349683,15.59610377016832
7,573,10.199229059663077,15.595934448378017
7,574,10.197542129866187,15.593340395065608
7,575,10.195881565816634,15.592881272077658
7,576,10.193191680662139,15.593052972129705
7,577,10.19152474227067,15.59111632176936
7,578,10.189982437536694,15.590970684446235
7,579,10.188593014390527,15.591311027230331
7,580,10.186990446866664,15.590509001969988
7,581,10.185481338398262,15.59295475925219
7,582,10.183572021832454,15.591343759429991
7,583,10.1819644126193,15.593211128583752
7,584,10.18013818616592,15.59259131052589
7,585,10.178979183443744,15.59173112305845
7,586,10.177582360995988,15.593508148009029
7,587,10.175798961963784,15.592928077154674
7,588,10.173471171281687,15.591478891367672
7,589,10.171935405580633,15.588065755653924
7,590,10.170109845457144,15.590742898291364
7,591,10.16703933642103,15.595975337057407
7,592,10.164401204500862,15.602038050879202
7,593,10.162319323537433,15.602504590388547
8,1,19.845345567343433,25.366404223723052
8,2,19.491737186228686,24.977118227479025
8,3,19.176480276638248,24.64320389674326
8,4,18.865656003924915,24.291048096142895
8,5,18.56307343742561,23.944238015008356
8,6,18.281939921749938,23.635715899574997
8,7,18.01580493691511,23.329478070525592
8,8,17.77419954745081,23.069443479474536
8,9,17.544278369922115,22.792814778213703
8,10,17.329575984660693,22.57879479158772
8,11,17.118699265439336,22.343909980097596
8,12,16.91287120965321,22.148244682878868
8,13,16.724101885100644,21.91762157823365
8,14,16.54383254656485,21.744286687522944
8,15,16.376670408879097,21.557727868979608
8,16,16.21672410752825,21.37621165446209
8,17,16.06768295228447,21.20259347398202
8,18,15.919415402622151,21.042470398576963
8,19,15.77681907861151,20.89277510262581
8,20,15.636874941145388,20.739585910962116
8,21,15.514204750629387,20.592159219685737
8,22,15.395340605302852,20.467212190545204
8,23,15.274045026222947,20.36083132424142
8,24,15.162052920844216,20.262434186752824
8,25,15.054810243834588,20.153078870840748
8,26,14.956995142792854,20.047825529664273
8,27,14.861287732506321,19.94523995822124
8,28,14.769792275802043,19.842808317884504
8,29,14.681756933097502,19.773183894632897
8,30,14.589192993741662,19.67644040205395
8,31,14.507094536968124,19.572391454266
8,32,14.434172725471885,19.478810198163625
8,33,14.363081232151526,19.403503052730073
8,34,14.286346440561958,19.33680360724813
8,35,14.2226153575181,19.26194117870286
8,36,14.16083525009155,19.172700072169764
8,37,14.103380506834625,19.11737089100775
8,38,14.039248435082193,19.06280918908779
8,39,13.977311918072633,19.01741728047767
8,40,13.923094359301682,18.964919633936066
8,41,13.871010093541466,18.92023549059639
8,42,13.81335946573227,18.870534240683334
8,43,13.76044747169983,18.83137920248225
8,44,13.706368177631926,18.777107659622434
8,45,13.665209812810447,18.722672202959053
8,46,13.624498613106983,18.67077715667858
8,47,13.587502535437652,18.63586812170778
8,48,13.541941868453454,18.57496312493248
8,49,13.499266503068634,18.53832076891999
8,50,13.463507400062227,18.504691939012808
8,51,13.425873470165266,18.468889994996186
8,52,13.391317757654473,18.4247112683253
8,53,13.351864200195907,18.397893016718186
8,54,13.320816645658063,18.363135120139614
8,55,13.292546265806223,18.320399404629786
8,56,13.258984470411875,18.295376041992927
8,57,13.223059059366964,18.26716063406371
8,58,13.194674690341776,18.238119160923215
8,59,13.168425251209198,18.207157152808335
8,60,13.144193273984271,18.178294248908358
8,61,13.115411298413258,18.153515043931485
8,62,13.089444882268266,18.12759343082882
8,63,13.067428372611584,18.09444623426639
8,64,13.04398112482632,18.064939294042844
8,65,13.01984756821589,18.037115315343826
8,66,12.997570674992739,18.02073573535196
8,67,12.972030387493907,18.003483819246146
8,68,12.951376118520143,17.97016467381792
8,69,12.928980929179872,17.94594777633037
8,70,12.90957332423013,17.916166238225895
8,71,12.888710404982147,17.898767726723154
8,72,12.867474784833394,17.857595984272542
8,73,12.850769551577834,17.834519188116445
8,74,12.833579262640708,17.813919642698547
8,75,12.8152421123093,17.797213259477704
8,76,12.798630884125352,17.781637613176848
8,77,12.78014206451627,17.76794615880084
8,78,12.754372093483116,17.74807077579386
8,79,12.737652707778059,17.72973857571387
8,80,12.718738399640904,17.71714779587788
8,81,12.696528036189173,17.691144937197
8,82,12.677745151036628,17.679275173149886
8,83,12.654578356069369,17.654853938824118
8,84,12.640627131137865,17.63732904295219
8,85,12.622416742709838,17.616187389849486
8,86,12.606249486748112,17.608236845358512
8,87,12.593690599285313,17.59656042693079
8,88,12.578662114417238,17.568119117815947
8,89,12.559572071563847,17.53509550915014
8,90,12.54674686574872,17.513684492114596
8,91,12.52875620854856,17.48068991115754
8,92,12.51703865436992,17.46946096313848
8,93,12.504014321701968,17.449286511781004
8,94,12.488541696451804,17.44193997790377
8,95,12.477498006718154,17.426589697488733
8,96,12.46472199322556,17.40648355893629
8,97,12.453718588426655,17.392695688362107
8,98,12.44325010541242,17.37982531306624
8,99,12.430972189456623,17.366136585312123
8,100,12.420094606129133,17.354274477289533
8,101,12.407581396381099,17.350212453876903
8,102,12.38928450227042,17.33837877864766
8,103,12.374298229847877,17.32161379993906
8,104,12.359711040838661,17.298854869398784
8,105,12.346797700707752,17.288925142957776
8,106,12.337656600620754,17.27628821607744
8,107,12.328166021144076,17.263375979704872
8,108,12.319188197400049,17.25679344838758
8,109,12.31060075282421,17.24973165111173
8,110,12.297597760230229,17.24061917446443
8,111,12.285605430293671,17.22477207661685
8,112,12.273303831471427,17.209568704203424
8,113,12.260601956824589,17.186099627773302
8,114,12.250782558289771,17.175752061717983
8,115,12.242120950170449,17.168460545956172
8,116,12.233506937892637,17.16118283406199
8,117,12.222290877082933,17.15865377942576
8,118,12.213379166349212,17.149470946136418
8,119,12.205380819373339,17.143512590257025
8,120,12.195812864765951,17.13733210823156
8,121,12.187496529654464,17.132066815823062
8,122,12.179781526949174,17.125748184010252
8,123,12.164865840466188,17.115737437371877
8,124,12.154051503671973,17.10867006907195
8,125,12.148412280590597,17.101766040248336
8,126,12.138359695819116,17.099388122366243
8,127,12.130497301340636,17.090888791550203
8,128,12.120741455824717,17.070148629829767
8,129,12.113072753660362,17.06746275390915
8,130,12.103045954080846,17.047562613387303
8,131,12.095530048138464,17.039867090501346
8,132,12.090552319829124,17.033154399128083
8,133,12.083036077261216,17.02635967747495
8,134,12.071394260308567,17.015663124392635
8,135,12.061964395673495,17.004168257662574
8,136,12.053235030408628,16.993890110433764
8,137,12.042069965109317,16.990288180383562
8,138,12.037559018880438,16.982711598762176
8,139,12.031304424609374,16.973683754225796
8,140,12.02639481330436,16.969036935315685
8,141,12.021864294172463,16.96728540709582
8,142,12.015943862719489,16.96371339032159
8,143,12.007950197212027,16.96273986547017
8,144,12.003771227318655,16.956747486465193
8,145,11.996920913253307,16.95545316527365
8,146,11.99223663389998,16.94869194992703
8,147,11.98465438610733,16.941356023891082
8,148,11.978667160867184,16.93846152760305
8,149,11.972159252305026,16.93036840511168
8,150,11.96637951970632,16.929449408049617
8,151,11.9606139200135,16.922252258011596
8,152,11.954492354677319,16.91770759759517
8,153,11.949196632243813,16.912062640858007
8,154,11.944525384330822,16.910124655430696
8,155,11.938907822314068,16.906300143833324
8,156,11.932317985049744,16.900408288906625
8,157,11.924082090689595,16.884131292373038
8,158,11.918726143130568,16.876585590334177
8,159,11.913457881357841,16.874344856589804
8,160,11.908126840901868,16.867462530085295
8,161,11.90069509016131,16.853222502989663
8,162,11.895283827169038,16.837548526478468
8,163,11.891805728101197,16.83100592600482
8,164,11.886902044339461,16.82675743364307
8,165,11.881150626369752,16.81536407570525
8,166,11.872263257592294,16.808635531990333
8,167,11.866809617868958,16.810759100594208
8,168,11.861872123162035,16.802040299675415
8,169,11.855810705470974,16.80144124920585
8,170,11.852350534799944,16.79687292488056
8,171,11.846879400535745,16.793883062367414
8,172,11.842407180459283,16.79039502075497
8,173,11.835276359552495,16.77634748026652
8,174,11.830102945837028,16.765733155424723
8,175,11.825021655128197,16.760459453848267
8,176,11.820761904234809,16.76056712564086
8,177,11.813908559620623,16.754985427335527
8,178,11.807633227190474,16.746030638172073
8,179,11.801675997534431,16.74355801846845
8,180,11.797759917737409,16.737777851391442
8,181,11.794244028550116,16.730824020745256
8,182,11.791668856264044,16.728072320557626
8,183,11.786253833433538,16.721055989107008
8,184,11.779567967254518,16.708719673714345
8,185,11.775006305550551,16.7054758799384
8,186,11.768195175537866,16.699626541951314
8,187,11.761182891121452,16.68600996305742
8,188,11.753257473930166,16.685490737142125
8,189,11.74887209630265,16.682367834419086
8,190,11.744761855122471,16.6767210105945
8,191,11.740512744272275,16.666354417023246
8,192,11.735787272738593,16.6641462170904
8,193,11.730871342029683,16.657157049414014
8,194,11.726504732344308,16.652932785620404
8,195,11.721969127126087,16.648999608964555
8,196,11.718914038911066,16.647635124544692
8,197,11.713600843619027,16.64259710142121
8,198,11.706406951691465,16.641789425194336
8,199,11.701493729725264,16.644011946649783
8,200,11.695242746348036,16.638361021041764
8,201,11.686748523909433,16.630628423833794
8,202,11.681124040131655,16.624901243329102
8,203,11.678301038357926,16.624767344586044
8,204,11.67465477653164,16.618717580052916
8,205,11.670227945078901,16.614659169583298
8,206,11.666109554330278,16.610554758977774
8,207,11.660954479060585,16.60113437316902
8,208,11.658181862000655,16.59917900433225
8,209,11.653774875028653,16.5988874450347
8,210,11.649090559125964,16.600126390434156
8,211,11.642922985000235,16.593108448371037
8,212,11.637276258794772,16.58964495555104
8,213,11.633741811788811,16.59031930312695
8,214,11.629855152078308,16.58720840684062
8,215,11.62683903732561,16.586280465695598
8,216,11.62292238295035,16.587208224949414
8,217,11.617682635395187,16.583848588155696
8,218,11.613744274863052,16.58312663086902
8,219,11.609778839812087,16.58119741784247
8,220,11.603062766521811,16.584745475517156
8,221,11.59995685573614,16.583635253197162
8,222,11.594698153901561,16.5707394548272
8,223,11.588179801912736,16.568785990482212
8,224,11.584284971721802,16.56351892701282
8,225,11.579477401277867,16.55618593479148
8,226,11.576543805859924,16.558460023045452
8,227,11.571545497683658,16.55971163455752
8,228,11.567093254654212,16.564760440057835
8,229,11.563045858409446,16.568309215063888
8,230,11.559201291128593,16.566602451212
8,231,11.5546778147267,16.563901925184165
8,232,11.550769219377717,16.56048272677167
8,233,11.547785714529551,16.559681400379745
8,234,11.543846211891983,16.561557919904658
8,235,11.5399820984731,16.559197043837848
8,236,11.5359696605368,16.552358078131448
8,237,11.531157261695867,16.55170672983545
8,238,11.528205199782404,16.548914598344865
8,239,11.525987763847183,16.547300678861262
8,240,11.52246243948456,16.5457196832151
8,241,11.519140343250575,16.539502800696358
8,242,11.51340451449415,16.53364892993233
8,243,11.509313767320513,16.533608102682592
8,244,11.505999417612234,16.530991197061443
8,245,11.498838234720457,16.528729351312474
8,246,11.495517260808061,16.527780308884207
8,247,11.492930504367635,16.526432519787818
8,248,11.489505153877248,16.521261363011835
8,249,11.484131125111821,16.518500905074625
8,250,11.479805295016309,16.513615929586337
8,251,11.476132390147683,16.51184922721
8,252,11.473517496266064,16.51023942930867
8,253,11.467778151643506,16.509575034022916
8,254,11.46546985224726,16.50671901214122
8,255,11.460902577884202,16.50538978123021
8,256,11.457707397935339,16.502124678121234
8,257,11.4540459186028,16.498274169520364
8,258,11.449830758841703,16.49238995958058
8,259,11.444517143690273,16.487541020395536
8,260,11.441065487822401,16.486748897641604
8,261,11.43792947523424,16.48666242413036
8,262,11.43518542026023,16.483475241152973
8,263,11.431966868845576,16.482424691880393
8,264,11.427715222681648,16.485654642290545
8,265,11.425795679495591,16.485294176167272
8,266,11.41763873308716,16.492202489196092
8,267,11.412428034522538,16.486907108832657
8,268,11.408983461280178,16.490380213784356
8,269,11.405909312648236,16.494262364821964
8,270,11.4027306157166,16.492504878069397
8,271,11.39998784847783,16.490505952777244
8,272,11.393465680254264,16.488822974371327
8,273,11.389706507483487,16.491256452255918
8,274,11.386281020048813,16.492021234656534
8,275,11.382650696544024,16.4881776421013
8,276,11.37977113770868,16.48863091589396
8,277,11.375837044308273,16.48545791237796
8,278,11.37425383166363,16.48302596574154
8,279,11.368550856930293,16.47741772148416
8,280,11.366540887908242,16.47885655910657
8,281,11.361877263072579,16.475567246324154
8,282,11.356947918318394,16.471718194230107
8,283,11.354018269376573,16.471845496194792
8,284,11.351012079949824,16.471188543377906
8,285,11.347218500351492,16.468020973836587
8,286,11.343382143539051,16.469541143725344
8,287,11.340797902921647,16.468008969133066
8,288,11.338751651342221,16.46507475158643
8,289,11.336317207611003,16.461536593199565
8,290,11.333221757478688,16.460639695098394
8,291,11.33070347104348,16.460093292416843
8,292,11.328463781031845,16.46155903231051
8,293,11.326123074499511,16.46212686485992
8,294,11.32373997390805,16.459574706120595
8,295,11.32216189123102,16.45854180308503
8,296,11.317966875041888,16.46159223580955
8,297,11.315254507058265,16.460751891067833
8,298,11.310184179750173,16.449354308511467
8,299,11.305986734027545,16.449715305954552
8,300,11.301751586940648,16.451089081348936
8,301,11.297834991479272,16.448556332711433
8,302,11.294511990038416,16.44716577015399
8,303,11.289621489802856,16.436164184684344
8,304,11.28700235144075,16.43473776593848
8,305,11.28537670345678,16.433727995084833
8,306,11.282825246507047,16.436779684942444
8,307,11.279315593169216,16.437052368069367
8,308,11.276558312963344,16.4369098336475
8,309,11.271255646001624,16.441954178969066
8,310,11.267843860548973,16.438695603952294
8,311,11.263997300202162,16.435587169862313
8,312,11.262077652020972,16.43545113267158
8,313,11.256681583411295,16.43625724560146
8,314,11.252614235132146,16.433954960276957
8,315,11.249858332017766,16.435352740791405
8,316,11.247856887034231,16.43570031489335
8,317,11.245500127184139,16.43269315900613
8,318,11.241928105412194,16.429904117624893
8,319,11.239777766132558,16.43093852549603
8,320,11.238361098228292,16.428927925238032
8,321,11.23686267491033,16.428321026222584
8,322,11.231104593807283,16.427047243281535
8,323,11.228565470065412,16.427879325529943
8,324,11.22672914582186,16.424671067786825
8,325,11.22269655630972,16.42524391885152
8,326,11.219629020051427,16.428228318280894
8,327,11.217445456660386,16.426697965316148
8,328,11.214542260138817,16.423572463893965
8,329,11.21107753362494,16.422670360547315
8,330,11.204467762524562,16.4170263804416
8,331,11.202018966587175,16.41795813967215
8,332,11.199798098924605,16.415249991891287
8,333,11.196509899945482,16.411758356782023
8,334,11.19250877740896,16.40582183788328
8,335,11.18993115833928,16.409442296932827
8,336,11.187246082723881,16.408708986692858
8,337,11.184365399350456,16.407952820542175
8,338,11.18020417402714,16.405041918960414
8,339,11.17743200170181,16.407231041675324
8,340,11.173572464228476,16.39715390435041
8,341,11.170587379755354,16.396987707593063
8,342,11.168142397348635,16.393374643596
8,343,11.163982256518391,16.390588462612914
8,344,11.16073965797635,16.39049876806763
8,345,11.156145809740842,16.389604177380527
8,346,11.151500808349057,16.39572200996714
8,347,11.145642644965259,16.392287797221233
8,348,11.143994136485764,16.39084249275504
8,349,11.14015061616862,16.391510931960813
8,350,11.136691539523024,16.387550087709545
8,351,11.134652541854573,16.386536597404362
8,352,11.131324281285478,16.38561664111729
8,353,11.127571985244174,16.383513389233975
8,354,11.124551862233359,16.382711552382432
8,355,11.121928035724178,16.384172852402415
8,356,11.118550564513328,16.388247843646056
8,357,11.117104943545247,16.388105011559652
8,358,11.114438683030034,16.387096056083692
8,359,11.11253602018668,16.38687876890712
8,360,11.110177365527344,16.390031826164005
8,361,11.106629128471688,16.386793309997103
8,362,11.10419624709711,16.386969907859637
8,363,11.101700784493985,16.3863268133572
8,364,11.099418928957409,16.386157226021798
8,365,11.096110129199163,16.381623165045966
8,366,11.093200125234429,16.37744342153521
8,367,11.089449616225473,16.37673510708038
8,368,11.086778106232831,16.378089608864293
8,369,11.084263014656726,16.375991765352836
8,370,11.082813732913928,16.37509317317351
8,371,11.080412660260254,16.37969342092767
8,372,11.078503529129947,16.3743210842314
8,373,11.075999639502173,16.3699409317078
8,374,11.071672482452641,16.371518127867414
8,375,11.069787007366578,16.37217314759181
8,376,11.066768458322654,16.374697897735253
8,377,11.063687429276433,16.370530974598587
8,378,11.061576410237826,16.37213409556208
8,379,11.05759608400861,16.378094809129205
8,380,11.055585138623952,16.37733100698319
8,381,11.053009994401656,16.376252032622002
8,382,11.04880796188676,16.371427610186092
8,383,11.046892174167468,16.37253862104824
8,384,11.043352105508312,16.376181843357703
8,385,11.040741378498932,16.37019115026782
8,386,11.035643935314768,16.363946494156135
8,387,11.033233885940344,16.36282795828127
8,388,11.029755607409095,16.365300143019788
8,389,11.026377358706958,16.365222104127508
8,390,11.022289871849969,16.363950729247236
8,391,11.020143710498687,16.365990092278093
8,392,11.016729237059998,16.3676000341945
8,393,11.013150537325979,16.36557815518391
8,394,11.009064622506783,16.370506591794086
8,395,11.006520424477156,16.368092932181412
8,396,11.004120923028873,16.365334306279525
8,397,10.999632100756962,16.363317042512705
8,398,10.997371855510558,16.365994311129715
8,399,10.995401744325164,16.365522893188068
8,400,10.992745020247467,16.363242207403964
8,401,10.990557378381181,16.359492279918445
8,402,10.988135189196546,16.358449640650505
8,403,10.98519354212855,16.358184449183003
8,404,10.982592324813933,16.356152864670538
8,405,10.97965247047449,16.354116756858552
8,406,10.975581454358116,16.35360999468836
8,407,10.973725672452307,16.357790536570626
8,408,10.969927087483196,16.354463839631308
8,409,10.966971844442416,16.354958798581265
8,410,10.96411220062349,16.356241182798755
8,411,10.962286119993752,16.356358000786077
8,412,10.959941900287347,16.358304818162875
8,413,10.956551954676991,16.358287127942067
8,414,10.953295833938336,16.358260168926254
8,415,10.95085143128773,16.35528994154551
8,416,10.946407469683708,16.357848335721965
8,417,10.940157336050534,16.351659437122432
8,418,10.937844541545479,16.351977506838963
8,419,10.934934795577012,16.35458634759837
8,420,10.93131118826629,16.356235038630288
8,421,10.928903311404966,16.355318509974303
8,422,10.925155974801369,16.350352268388406
8,423,10.923358840252742,16.350346980248336
8,424,10.921716018393264,16.35199658577267
8,425,10.919626495373345,16.35229895665262
8,426,10.916984031606141,16.355947247627757
8,427,10.91557301686298,16.356012372550648
8,428,10.913602664357242,16.356007666553246
8,429,10.909416161142548,16.351193881789825
8,430,10.906102147328946,16.360176065576056
8,431,10.903478168422472,16.36115693655987
8,432,10.899277811558603,16.356487092250006
8,433,10.894886479456092,16.35277076809686
8,434,10.89326138787612,16.351515600165374
8,435,10.889701267508716,16.352025333497167
8,436,10.88737514106019,16.354784969713936
8,437,10.885027613404949,16.350983121511163
8,438,10.881324792813427,16.358532362805793
8,439,10.879310431327253,16.358106463226907
8,440,10.875696977216554,16.35626528714705
8,441,10.87467148107456,16.35560594432396
8,442,10.873626559815047,16.353135943968294
8,443,10.870004498040421,16.351944550829376
8,444,10.868116610130464,16.351928100810888
8,445,10.866169873996599,16.355504736269964
8,446,10.863969063822932,16.353097082985563
8,447,10.862360234595576,16.356349399405627
8,448,10.860284222712949,16.35727815938074
8,449,10.858191661079905,16.3600095435574
8,450,10.855381197001945,16.363039399723682
8,451,10.853362766816327,16.362876652372794
8,452,10.850797462121513,16.367702866490312
8,453,10.847743577744986,16.36678569034172
8,454,10.84493389260677,16.368629644787582
8,455,10.842774285646197,16.368455945104483
8,456,10.839743481146488,16.371823946853326
8,457,10.838043536939717,16.368606884251747
8,458,10.835465392816763,16.364176609350764
8,459,10.832874772813748,16.364921703347
8,460,10.830702500717463,16.36215673676434
8,461,10.827648514221663,16.36553025058643
8,462,10.824259907116135,16.369696885403286
8,463,10.8227609933203,16.372205512775164
8,464,10.820852552296955,16.37284372164462
8,465,10.81825741870322,16.372864191404346
8,466,10.812941161817548,16.366525361762335
8,467,10.810962195908811,16.364587080958295
8,468,10.807813974652541,16.35853732708705
9,1,19.856164017271393,25.39331220075801
9,2,19.509172585628274,25.01099778541958
9,3,19.197426174156245,24.63581875590016
9,4,18.887538569901643,24.27834527720828
9,5,18.596013691051347,23.954320030700504
9,6,18.325946737086902,23.646215254937204
9,7,18.063071942694556,23.366318546685953
9,8,17.831073975384992,23.120656410824953
9,9,17.613972975104755,22.85873234172424
9,10,17.404448958841073,22.63483367643017
9,11,17.19931970568429,22.408531614384763
9,12,17.00627920801812,22.196329214864523
9,13,16.82504467918175,21.98580253820165
9,14,16.646350423037386,21.839660990351007
9,15,16.48672570821106,21.665754879569874
9,16,16.323070867034506,21.515941883085063
9,17,16.177614440675057,21.34059545826474
9,18,16.032297447721536,21.210756426979135
9,19,15.899870685309278,21.07011243465553
9,20,15.765293027737775,20.9293673205337
9,21,15.641799268334381,20.806122368442296
9,22,15.52805709334332,20.712673196364022
9,23,15.412833137359637,20.608594717768327
9,24,15.30568864578959,20.510908482303723
9,25,15.20718514905547,20.426692973077024
9,26,15.111664989949457,20.332707311885105
9,27,15.020098747859661,20.232557124751626
9,28,14.936817089093605,20.120509640109823
9,29,14.852561542622025,20.047953016804602
9,30,14.767462044593985,19.96862268311367
9,31,14.694464199355634,19.88821645850263
9,32,14.620348321561616,19.789996616775248
9,33,14.551069222957281,19.71820749107394
9,34,14.484089645988877,19.63315600842611
9,35,14.421137764941403,19.55614832148475
9,36,14.354797936717059,19.485792379587515
9,37,14.296298238861903,19.428046880610303
9,38,14.241616251825553,19.372508717579688
9,39,14.192588929100506,19.31982937883277
9,40,14.137228755505916,19.27440946080646
9,41,14.088732828207075,19.209080426768402
9,42,14.041070854012705,19.154938561324382
9,43,13.989279531364375,19.11066137009174
9,44,13.945880407147975,19.08095001387
9,45,13.907792041276476,19.041392338244563
9,46,13.870444868797302,19.007708076852147
9,47,13.826325769401596,18.96237169644675
9,48,13.786855421411133,18.915805071231365
9,49,13.750870347724987,18.877648900516014
9,50,13.714744311570113,18.848503036151502
9,51,13.668341466606691,18.79592183583597
9,52,13.637247800625122,18.761534983693927
9,53,13.59083540171658,18.71304811105611
9,54,13.55995048192389,18.684286598042373
9,55,13.527957103275897,18.656098636480912
9,56,13.501134661138497,18.617339529004525
9,57,13.472657959074409,18.567808630136085
9,58,13.445273558357222,18.518094072062457
9,59,13.418091669840138,18.494492010569047
9,60,13.394025951669216,18.467342554668452
9,61,13.36832227211632,18.43952257025612
9,62,13.342550422344484,18.419980535874274
9,63,13.316520872751118,18.39873564198956
9,64,13.294898066751497,18.3733064170751
9,65,13.272445778194957,18.331991448370495
9,66,13.251155918938082,18.31135920149558
9,67,13.22526895889494,18.284456253260068
9,68,13.203431065144917,18.258153748827976
9,69,13.184569132015174,18.23416729356867
9,70,13.165123220278582,18.21893087555725
9,71,13.144694572621043,18.198626995594914
9,72,13.129099420673986,18.173810156816213
9,73,13.11051559136862,18.151805475083957
9,74,13.093289624002793,18.140213420868914
9,75,13.076389109690336,18.12483071639734
9,76,13.058714376135981,18.106090135378004
9,77,13.044487344671902,18.088169181076584
9,78,13.020231671359586,18.066201087185462
9,79,13.000098533299271,18.034587081793767
9,80,12.984920575892783,18.026316630531827
9,81,12.968624615443996,18.009680350025995
9,82,12.954862019909312,17.996993962172475
9,83,12.934123145862154,17.972374729797423
9,84,12.920294774693843,17.958786722968743
9,85,12.903134281113728,17.942382727260103
9,86,12.887673951478828,17.934178548129942
9,87,12.87229256021829,17.926323125562753
9,88,12.860612117214112,17.90754378224969
9,89,12.847293742721437,17.89814264230964
9,90,12.836348784468282,17.87575467991808
9,91,12.82025384958716,17.858496422101616
9,92,12.8087245307449,17.846920835755274
9,93,12.796101589160852,17.84050029419993
9,94,12.780762572798169,17.82686384209888
9,95,12.769171827491824,17.81106251416252
9,96,12.754992253901538,17.79528872634343
9,97,12.74337614897794,17.786089057349866
9,98,12.732604870951445,17.77622425080931
9,99,12.721570789425543,17.765262006533447
9,100,12.70718105792943,17.762042502193662
9,101,12.696809287861186,17.74965263334347
9,102,12.688570685837542,17.736291592665953
9,103,12.673616940436899,17.719506495728307
9,104,12.65892878388846,17.70176718956921
9,105,12.645817163957688,17.69031539749563
9,106,12.634898057635029,17.67856585695516
9,107,12.622553492796515,17.66175413560063
9,108,12.612365390926598,17.656686337001
9,109,12.602484968034608,17.6511701128355
9,110,12.588496971847405,17.636618519257613
9,111,12.576300225553227,17.623492745246903
9,112,12.568303199541377,17.61182514151433
9,113,12.559434223893733,17.59857349090421
9,114,12.551211492562945,17.587941397155074
9,115,12.54337797794313,17.584593048049857
9,116,12.533795346995825,17.577515600842656
9,117,12.52328366741442,17.574419563955598
9,118,12.51480237962922,17.565168995432543
9,119,12.50660136970011,17.56012639393895
9,120,12.49794376299388,17.550368560836525
9,121,12.487542321574677,17.53742285857245
9,122,12.479716884743567,17.526486665375153
9,123,12.472260639633598,17.518254266804473
9,124,12.464724562992949,17.50856719053668
9,125,12.457776216898548,17.49883948348648
9,126,12.452289305186074,17.492044241693428
9,127,12.444788589182354,17.48913159022941
9,128,12.437225049334916,17.47984256163261
9,129,12.43045735210482,17.471894103292573
9,130,12.42120935883517,17.45387694985606
9,131,12.412609284222796,17.448000928876805
9,132,12.405752944753369,17.437198651509124
9,133,12.39645081364761,17.434100455952834
9,134,12.38481305749156,17.432606614729384
9,135,12.375610359215749,17.420946774622816
9,136,12.36720305255067,17.41580154382249
9,137,12.358087401317135,17.40097089332333
9,138,12.352326643134694,17.39291738237332
9,139,12.347366604529244,17.387595433662355
9,140,12.342150993637128,17.384517655816044
9,141,12.33609164958422,17.38410925376468
9,142,12.331439431559996,17.375330514831468
9,143,12.324650019419769,17.37158117521046
9,144,12.319472817335983,17.365478586982125
9,145,12.312968908217265,17.363640966234065
9,146,12.307507665654873,17.35907967126974
9,147,12.29999714541829,17.345539906868726
9,148,12.294654748578905,17.34281530080172
9,149,12.289816450688663,17.337036700836556
9,150,12.284419723974242,17.332644156783292
9,151,12.278567696441746,17.325967061812197
9,152,12.273089441991637,17.32123042394159
9,153,12.267322145719373,17.315358237365366
9,154,12.263461680173597,17.314433057298096
9,155,12.25798429619689,17.313554934946005
9,156,12.25175183345131,17.30614490741869
9,157,12.245349506820059,17.294049288071456
9,158,12.239828438378447,17.289193906433205
9,159,12.235176132766584,17.28794196719081
9,160,12.229239763438017,17.28402217335101
9,161,12.221936313689914,17.269042163024757
9,162,12.216693128122213,17.2599960534129
9,163,12.213141519159967,17.25551342439741
9,164,12.207517270757455,17.254418977511055
9,165,12.203819292390618,17.252351512829257
9,166,12.195834663245117,17.244097711728795
9,167,12.190223237671537,17.24352598253805
9,168,12.186879100948772,17.242425698888205
9,169,12.180465904200496,17.24017646353679
9,170,12.173845891730542,17.23083856838914
9,171,12.167821236105075,17.228898507911058
9,172,12.160596818578025,17.22183895102937
9,173,12.154915463571548,17.214895140421525
9,174,12.150255538876863,17.20479075615119
9,175,12.14252585889359,17.206448337649988
9,176,12.138893323959206,17.20559331769062
9,177,12.131141407062081,17.202826301542217
9,178,12.126369711891684,17.193219622559457
9,179,12.121540039911276,17.19035716118328
9,180,12.118536165541679,17.184535042016982
9,181,12.11342241550242,17.18150601947525
9,182,12.110439864701307,17.18059708772926
9,183,12.105328077004266,17.175451802518772
9,184,12.100676416763477,17.170339804077276
9,185,12.095889926782336,17.16870043414054
9,186,12.08916791099802,17.163143820435096
9,187,12.081806754916803,17.157362051691923
9,188,12.077296248419437,17.155717410551127
9,189,12.073764778570101,17.14978914712694
9,190,12.069914572828523,17.150903052809568
9,191,12.065938874182724,17.14423171611405
9,192,12.063011948077648,17.143304522701445
9,193,12.060352509274818,17.14319861734024
9,194,12.056902857535318,17.140393234696276
9,195,12.052927095536388,17.136674589738522
9,196,12.048520161731469,17.139769333197357
9,197,12.046024219774127,17.13411661924841
9,198,12.04133965002251,17.13327620787875
9,199,12.036056921088838,17.132278776306407
9,200,12.032150247583605,17.12894815045105
9,201,12.025874772376904,17.127672667428865
9,202,12.01989024712944,17.121638165833907
9,203,12.017355438966671,17.116690576728086
9,204,12.010128668660164,17.11556475897299
9,205,12.005849295821946,17.109119486749364
9,206,12.002244387925884,17.101603055558616
9,207,11.996249943292055,17.09815255002786
9,208,11.99312431798814,17.094516291593788
9,209,11.990040897787997,17.087677572301363
9,210,11.98501882102834,17.090415630923346
9,211,11.979260773936888,17.089999659189314
9,212,11.973453294143665,17.083242041959284
9,213,11.969528335131283,17.077641638524728
9,214,11.965871348521471,17.071611731507442
9,215,11.960274843790014,17.06740559277507
9,216,11.955764896126887,17.0674873659599
9,217,11.953106875562455,17.065647554266167
9,218,11.94933314314703,17.06470733502876
9,219,11.94402982111259,17.063865550891673
9,220,11.938307519147783,17.057527706643338
9,221,11.934874470685566,17.051996668600125
9,222,11.931357660262213,17.051566245741682
9,223,11.927992724002662,17.050628854337223
9,224,11.924058452012444,17.050788928979305
9,225,11.918668426593273,17.05361418970219
9,226,11.915010956653495,17.05005064993183
9,227,11.91219628818363,17.0485384723468
9,228,11.907512631075493,17.054267150909325
9,229,11.903186032202191,17.05834730050233
9,230,11.899599051350748,17.055652255459094
9,231,11.897159399749984,17.05497567234899
9,232,11.893975215638172,17.04878326997092
9,233,11.890886579224064,17.045693950705434
9,234,11.886652886339544,17.04776376811855
9,235,11.882893192230123,17.04680991204084
9,236,11.876458553898388,17.035602501834735
9,237,11.874101284588921,17.034532843671496
9,238,11.87050419335904,17.032102470521313
9,239,11.867842068544237,17.028797116342563
9,240,11.864025341730622,17.027182157617197
9,241,11.86138816891455,17.023861490599877
9,242,11.856301982786052,17.022957382115514
9,243,11.85070878879376,17.019994820703424
9,244,11.846309522812808,17.013218928531227
9,245,11.843368366958956,17.0115023683758
9,246,11.839084995135497,17.009353875051758
9,247,11.836005729353568,17.006570984639893
9,248,11.830262506670525,16.99762605469084
9,249,11.826236513578738,16.994507703295614
9,250,11.820763909770623,16.997967371172447
9,251,11.816527724002404,16.997711014811657
9,252,11.81412162092138,16.994508223820922
9,253,11.811366217674495,16.99033780993219
9,254,11.807419584753248,16.992097134722258
9,255,11.803309713691897,16.98794902572782
9,256,11.800094716041471,16.98401238552196
9,257,11.795617116881132,16.98319473779534
9,258,11.791774014062716,16.981736877012615
9,259,11.786119301774697,16.977208832056867
9,260,11.783079987939114,16.974666041097077
9,261,11.780051476691394,16.975752242401708
9,262,11.775518771424528,16.967182895688165
9,263,11.771983597808735,16.966092363281327
9,264,11.768341650784391,16.967860303465873
9,265,11.764541805814442,16.963433846230892
9,266,11.757524245886053,16.964074952079628
9,267,11.75277084988668,16.953524161144706
9,268,11.749480423154067,16.957189633279125
9,269,11.743815341358564,16.955583393073745
9,270,11.74053860253897,16.957709113362696
9,271,11.738148200806355,16.95667285510484
9,272,11.73195775825147,16.96469537289771
9,273,11.729637807894319,16.964032572311933
9,274,11.725233648656769,16.961656397830115
9,275,11.722349945139051,16.95802982129398
9,276,11.717083536188849,16.954909437325668
9,277,11.713863189532,16.951629099461
9,278,11.710581439282802,16.949486777865037
9,279,11.706547373465819,16.94730431595972
9,280,11.703122506669,16.946671789927283
9,281,11.700439643476477,16.944394198442627
9,282,11.696190415624153,16.943528690875546
9,283,11.690600156074987,16.946922938811426
9,284,11.68719047495894,16.945986608219666
9,285,11.683366711351267,16.941915250946415
9,286,11.679460941950339,16.94515341744024
9,287,11.6772715386272,16.945629562311023
9,288,11.675506062902151,16.94389531739703
9,289,11.673252970276808,16.940581619555815
9,290,11.671287952041009,16.941446031867514
9,291,11.668824922551478,16.940164691011685
9,292,11.666169811678298,16.94020373011141
9,293,11.66421917366736,16.939270731272604
9,294,11.661762101424578,16.93846454515624
9,295,11.654656251093773,16.93466802099482
9,296,11.650572445425082,16.932486514925117
9,297,11.648238633805548,16.928744723487462
9,298,11.646748911728622,16.92691778518381
9,299,11.644824981040946,16.92457407959324
9,300,11.64206774018936,16.92446051213155
9,301,11.637895669123116,16.922387124263274
9,302,11.634742325866538,16.921246569079642
9,303,11.632458533081916,16.921234104261607
9,304,11.629587806689003,16.920145885931493
9,305,11.627455920471723,16.920284364049554
9,306,11.624431464889005,16.920278091527663
9,307,11.620942821436714,16.920658342566092
9,308,11.618352289299777,16.91955212473169
9,309,11.61639592163783,16.918471010578607
9,310,11.614298043260733,16.91907415480306
9,311,11.611548675603178,16.91852547144071
9,312,11.608108942964513,16.915964509382565
9,313,11.604161246916693,16.910717872159132
9,314,11.599936565759005,16.911638668227752
9,315,11.596980793194874,16.91140963960603
9,316,11.591472857398765,16.910621987605033
9,317,11.589951654213845,16.90905602585991
9,318,11.586077240102316,16.905800555333105
9,319,11.583297807284286,16.905152138944697
9,320,11.580017159146198,16.901102603673287
9,321,11.57599953187255,16.89799011461826
9,322,11.573064485121119,16.89487290423026
9,323,11.57094108343165,16.89889720667338
9,324,11.56676407279099,16.903714805947473
9,325,11.563467003159937,16.900504195540588
9,326,11.561041108575925,16.898860789036434
9,327,11.558685054977564,16.896732945379348
9,328,11.55563261230016,16.89392148018067
9,329,11.553228069360785,16.895048762012934
9,330,11.551391723176256,16.896700462763764
9,331,11.548785249629553,16.895702344192284
9,332,11.547027763900862,16.892158045310424
9,333,11.54120701301811,16.88755899266922
9,334,11.537086014817314,16.883550899726657
9,335,11.535724524849593,16.881906260892045
9,336,11.532817097658963,16.882088005521158
9,337,11.530774218396248,16.880871351876877
9,338,11.525196917327598,16.879659067959718
9,339,11.51766665929128,16.867684643832842
9,340,11.515727998974937,16.86941515466836
9,341,11.51294036541051,16.8695888793169
9,342,11.510688759015423,16.86709215117652
9,343,11.507835483294059,16.866018950312093
9,344,11.503740362399334,16.86288074398111
9,345,11.498499677322087,16.853065515422475
9,346,11.49462750369118,16.856573937030337
9,347,11.49107624612671,16.859995444143625
9,348,11.489610800394752,16.85782628571665
9,349,11.485417751943967,16.857219152174185
9,350,11.483748217462304,16.854579603514914
9,351,11.479479867863702,16.846897203456304
9,352,11.47692593476689,16.846050300288464
9,353,11.474606357760733,16.855113761347077
9,354,11.47091186626624,16.855743989862752
9,355,11.467770042298222,16.854522465046998
9,356,11.463051112997656,16.84626847829517
9,357,11.460041704934453,16.84594570588573
9,358,11.457764553647776,16.8446445303525
9,359,11.455677205674428,16.845763385475642
9,360,11.453493501249364,16.848169412815842
9,361,11.45121183891739,16.848545238380794
9,362,11.44866414019093,16.84816505469682
9,363,11.445078215128547,16.84887033853201
9,364,11.441998979682898,16.84468509329269
9,365,11.43941994622075,16.84446938420104
9,366,11.43724368845661,16.84756205216623
9,367,11.434626402107694,16.84466757511339
9,368,11.432015026358917,16.844933922762138
9,369,11.424959969689448,16.83780964123453
9,370,11.422415581152455,16.837281702394492
9,371,11.418528662050468,16.83192297442155
9,372,11.4159115172215,16.831822422307134
9,373,11.413564411374315,16.830098796309613
9,374,11.40998200616216,16.83274834694373
9,375,11.40616823449966,16.82774097850276
9,376,11.403918111563998,16.829651205997127
9,377,11.400981688162023,16.82535505775316
9,378,11.398357907546455,16.824524239527317
9,379,11.396652662260434,16.82174474141226
9,380,11.394431866433681,16.821167301696182
9,381,11.392253170558591,16.818450751729618
9,382,11.38772527183505,16.819880145369684
9,383,11.38593582422511,16.819921478374095
9,384,11.382066928905608,16.827360170954588
9,385,11.380178557443937,16.82569547756405
9,386,11.375789404620994,16.823717057240863
9,387,11.372728744867862,16.822147432000403
9,388,11.369533889525137,16.82463313961982
9,389,11.367536563531528,16.82290590627025
9,390,11.36372513358315,16.821709362012918
9,391,11.361714264267166,16.819942493183024
9,392,11.359255901548085,16.815039542705428
9,393,11.356895208988837,16.815958569645876
9,394,11.354516434061265,16.814652060086278
9,395,11.351476399092308,16.81455631567425
9,396,11.349421782962116,16.814771403580128
9,397,11.3447962349907,16.8136058073805
9,398,11.339939963903047,16.818497724033474
9,399,11.33799670575885,16.817094823263755
9,400,11.334742673596857,16.814672507636438
9,401,11.332860956705122,16.81270054626999
9,402,11.330966952064385,16.81356734603579
9,403,11.32901948149443,16.820944113314034
9,404,11.327327047813043,16.82127745730047
9,405,11.321349305738352,16.822045266149058
9,406,11.319271398263684,16.825394299622165
9,407,11.316529653228656,16.82528383469248
9,408,11.313185272782926,16.825451242159456
9,409,11.310643119626334,16.826858360508204
9,410,11.306057072282822,16.822478210988198
9,411,11.304702425545218,16.823519031227182
9,412,11.302585628539935,16.822999976379496
9,413,11.299259674507326,16.82687993809099
9,414,11.295856316068951,16.8245011875733
9,415,11.294061679046573,16.8235352086272
9,416,11.288869143150556,16.82636387820894
9,417,11.285621250219661,16.82842640065823
9,418,11.28250321469628,16.82642239504091
9,419,11.277429197286832,16.822248872578403
9,420,11.275998036146477,16.822934894115086
9,421,11.272794601076914,16.820951213739463
9,422,11.270392346526169,16.819300957979856
9,423,11.268438533058841,16.81408319936103
9,424,11.267253659341264,16.811493316750404
9,425,11.265538813143992,16.809464051014444
9,426,11.262737546334687,16.80622374256277
9,427,11.261190344619667,16.807401912928626
9,428,11.259598520750542,16.806712489187923
9,429,11.256432293196386,16.804664632971452
9,430,11.252753709108934,16.811968554272458
9,431,11.250635922422346,16.81153569898862
9,432,11.248021247182441,16.810841746927117
9,433,11.244224715817984,16.808606383781058
9,434,11.241798126160463,16.809146802892307
9,435,11.238014637056896,16.810717033876017
9,436,11.235236789400613,16.812309623944323
9,437,11.234106777853293,16.812724135256843
9,438,11.230586859976842,16.818848668809927
9,439,11.228076991431871,16.820268697385313
9,440,11.225182704299943,16.820670135858535
9,441,11.222923196081416,16.820584180080125
9,442,11.219654373812553,16.82257039249276
9,443,11.216918910080894,16.822719889302686
9,444,11.214777475415652,16.816626317777114
9,445,11.213075254505076,16.820632586181517
9,446,11.210417370996355,16.818494429895527
9,447,11.205964078101463,16.81717160575543
9,448,11.203061370359572,16.819401809597853
9,449,11.200945601849309,16.821076531313388
9,450,11.197825504655427,16.821900731775298
9,451,11.19559789926196,16.819529398997368
9,452,11.192738740994372,16.82365511397535
9,453,11.190065795324665,16.822242599470346
9,454,11.188779428145983,16.822970534595154
9,455,11.184374408985448,16.82103871912971
9,456,11.181210757139148,16.82599157112226
9,457,11.179754183369875,16.82516286352412
9,458,11.177760105140083,16.826670719939376
9,459,11.175077669526097,16.828647293408103
9,460,11.17296925310765,16.826894958566996
9,461,11.16999104417292,16.824883367373396
9,462,11.16693551989919,16.825811223031117
9,463,11.165354991498225,16.827385508625834
9,464,11.163577137575121,16.831073532666174
9,465,11.160261081352692,16.829580834368638
9,466,11.15905330631253,16.827546558886528
9,467,11.154508827782319,16.826353557681216
9,468,11.151230543346932,16.81906068559734
9,469,11.149098533786956,16.821198273475304
9,470,11.146118374262558,16.826294235635128
9,471,11.14365776132112,16.832315129553777
9,472,11.140827437293614,16.831454052157223
9,473,11.138160062581832,16.830496075196777
9,474,11.134979463289765,16.828586303805846
10,1,19.86048466245374,25.43218095442921
10,2,19.51998979148615,25.019274293957892
10,3,19.205297406254324,24.640503466085217
10,4,18.903347359344735,24.29459574389528
10,5,18.61744397310562,23.96756697345262
10,6,18.352316768599675,23.67175121019986
10,7,18.097735604062475,23.389037229084334
10,8,17.87018870192843,23.14327036160506
10,9,17.643039059308688,22.874578925896394
10,10,17.426915460607656,22.6465689976104
10,11,17.226925544181213,22.423779324788566
10,12,17.039261179129934,22.21942976187932
10,13,16.86295057880422,22.018062423587892
10,14,16.694036768469886,21.82376141981211
10,15,16.536833002049885,21.647001040027547
10,16,16.37656964547945,21.49485922741094
10,17,16.235012568089417,21.36104703061272
10,18,16.098661706367448,21.19577029202835
10,19,15.959511841818024,21.057741120994173
10,20,15.835571058084568,20.912089939163867
10,21,15.714319321207814,20.781583090854923
10,22,15.607323808242636,20.654694071207736
10,23,15.49502577820246,20.54619478432383
10,24,15.387322734983421,20.44819490078419
10,25,15.284769985930046,20.359924072863823
10,26,15.191684363422178,20.2593952912513
10,27,15.100471087817121,20.16245272216357
10,28,15.017710072568653,20.079353484153362
10,29,14.938832494125338,20.002528536766484
10,30,14.857680209316817,19.911353273299767
10,31,14.784186383063307,19.833683771544287
10,32,14.71202397178308,19.773222526639735
10,33,14.647044548906676,19.70861996104045
10,34,14.584365983735061,19.61743863979357
10,35,14.51371668073793,19.536682705436988
10,36,14.457506429647982,19.4855401638343
10,37,14.403707046195322,19.41619839958062
10,38,14.353229155536456,19.35549724955977
10,39,14.29752753611911,19.31156035141683
10,40,14.229433616465139,19.241994129608695
10,41,14.183452514239262,19.2030722695753
10,42,14.13949371481499,19.14112376937131
10,43,14.090237686583176,19.099596390172195
10,44,14.038735453397054,19.040700258067098
10,45,13.999518941792761,19.008301193646965
10,46,13.960344262222936,18.97776694151683
10,47,13.920196870514943,18.947957125923402
10,48,13.881919569725419,18.90434338254625
10,49,13.847001946773844,18.865505395499486
10,50,13.811726699137045,18.841324799907643
10,51,13.76884694624156,18.789754069260116
10,52,13.737042302340527,18.757890757371953
10,53,13.707737689401844,18.730383358541758
10,54,13.67843975402504,18.70549645134886
10,55,13.637994048045488,18.662292486990715
10,56,13.611576134193585,18.62671132116969
10,57,13.584925207966206,18.612997519268163
10,58,13.558930251848397,18.580763018946442
10,59,13.532924985393608,18.547164609387444
10,60,13.509965789838695,18.52534357960507
10,61,13.479102145288651,18.49279395698565
10,62,13.457716184504116,18.46736608977258
10,63,13.43370372660534,18.446849570495722
10,64,13.413576472729794,18.43467700664066
10,65,13.386771640654812,18.40643647338495
10,66,13.367740258551171,18.38314079558128
10,67,13.346389744362073,18.365031745526327
10,68,13.322783233370304,18.33638013718449
10,69,13.300003606780496,18.320593247152008
10,70,13.282083330490384,18.304130885860836
10,71,13.262566431375623,18.28936172498538
10,72,13.243852102659629,18.261578623387926
10,73,13.22677562621858,18.24104981486241
10,74,13.208921432331723,18.22669265526031
10,75,13.19303595533405,18.21252549411792
10,76,13.173190737382908,18.182992979830647
10,77,13.157242925469394,18.175254816341486
10,78,13.137565250252097,18.147347707268548
10,79,13.120374213522071,18.123440309840035
10,80,13.106409258604035,18.109579775544766
10,81,13.09125593316213,18.09374376376573
10,82,13.073020080462596,18.08496279190684
10,83,13.059092460360743,18.071319709457992
10,84,13.046568933376795,18.053113916233446
10,85,13.032194690790377,18.040489643366115
10,86,13.017609560045807,18.03227043003593
10,87,13.004017588527816,18.027327905322174
10,88,12.99289655619204,18.009109413367657
10,89,12.98205319262086,18.002556740729034
10,90,12.970071658218215,17.993425785183657
10,91,12.955295127178228,17.976520414827252
10,92,12.94513579136451,17.966535456795953
10,93,12.933437328001663,17.956239702240158
10,94,12.921836069364094,17.94061066999662
10,95,12.911743017175638,17.92886907145316
10,96,12.898840089335202,17.915195717906393
10,97,12.886280084627602,17.908400156370792
10,98,12.870550883610193,17.903058566026935
10,99,12.859704634680707,17.89304064907605
10,100,12.847657985241826,17.88889194397497
10,101,12.837070662771767,17.885060582827332
10,102,12.8276950813348,17.87949800759508
10,103,12.81673103576024,17.87419454180177
10,104,12.802273730675948,17.85686664505331
10,105,12.790449282248762,17.847319349947497
10,106,12.782217919724214,17.83987932558018
10,107,12.770848688376315,17.826194447804287
10,108,12.76410576550328,17.813686208468372
10,109,12.75462224830033,17.80969606114221
10,110,12.741602240278214,17.794645414280858
10,111,12.73548082453322,17.786279232345652
10,112,12.727126520416677,17.775375477612634
10,113,12.71977402499176,17.77206052634658
10,114,12.710898869983515,17.767313938821935
10,115,12.702648651525811,17.75733974386575
10,116,12.694104232228378,17.750865915163786
10,117,12.686020674848404,17.74700313615248
10,118,12.67791429498733,17.742448085184208
10,119,12.6710108252052,17.737581594384203
10,120,12.663962364173134,17.732904176386917
10,121,12.65875380344691,17.727503942008468
10,122,12.651930904170667,17.71831743612895
10,123,12.645354881197969,17.70753217761913
10,124,12.63848936264393,17.707438148405334
10,125,12.626701744959473,17.693379192878474
10,126,12.621658700362355,17.68830193742436
10,127,12.616294678384707,17.683811211940096
10,128,12.60952838392773,17.67565247541403
10,129,12.60450085614836,17.669693750973682
10,130,12.594119243630548,17.656322012798398
10,131,12.588839463559966,17.65533448571779
10,132,12.583044211535443,17.653180521038355
10,133,12.572967220784948,17.65123363104385
10,134,12.561944069600575,17.64798884254287
10,135,12.552013192138302,17.635898924149767
10,136,12.54554353705666,17.631736124832994
10,137,12.538331848284576,17.62061205629068
10,138,12.532146406863701,17.61688686343132
10,139,12.52732180742282,17.61261334718593
10,140,12.523130281577371,17.610535985147713
10,141,12.518963198075696,17.607910568630746
10,142,12.509761609442995,17.597152350397337
10,143,12.503458488193237,17.586972275435205
10,144,12.499547056397336,17.582443052634062
10,145,12.494225446125396,17.58006539129668
10,146,12.483229390194046,17.564491297807017
10,147,12.477827945261874,17.565550177284642
10,148,12.472729058168243,17.56327996475977
10,149,12.467174587243463,17.55650255741832
10,150,12.461247234756437,17.55590104308225
10,151,12.456039428400207,17.55427373720357
10,152,12.449700496558894,17.541433377165433
10,153,12.444046949996634,17.534821479639298
10,154,12.440386788116681,17.533696827641485
10,155,12.43532805839575,17.52544933361661
10,156,12.429694072720297,17.51948841433161
10,157,12.423490589086109,17.50894131409996
10,158,12.41422823638301,17.503835696786293
10,159,12.409693975022364,17.50650694631451
10,160,12.40465036788687,17.50644604542128
10,161,12.400189365204177,17.500569146481666
10,162,12.392406192165607,17.499909461349727
10,163,12.388920083477263,17.495442485759174
10,164,12.385630976356582,17.489908669455907
10,165,12.377593575009007,17.49200041475708
10,166,12.369184997432605,17.48159331030375
10,167,12.365105460213089,17.48137566893238
10,168,12.359746640644785,17.48683290581188
10,169,12.354227821065466,17.488009637288332
10,170,12.349591624300166,17.488528091269394
10,171,12.345111409067187,17.485033753700538
10,172,12.340344452244896,17.481824464054345
10,173,12.337024782718744,17.47764388723769
10,174,12.330665808366621,17.467376162628884
10,175,12.32532209516563,17.462790070719286
10,176,12.321476830766164,17.457022878291987
10,177,12.314974485848314,17.45620249933651
10,178,12.309645452509619,17.458115557051862
10,179,12.30569709664766,17.45637823061861
10,180,12.301430602086189,17.451012203414923
10,181,12.297218975958959,17.45048148228282
10,182,12.292535999763372,17.44778158178893
10,183,12.288402882770503,17.439700668875435
10,184,12.284448837957326,17.434630598205466
10,185,12.277160411050499,17.433792322299375
10,186,12.273436364356755,17.426302572485316
10,187,12.266416669223002,17.419606635768396
10,188,12.262760614629139,17.41837989504167
10,189,12.257892435105445,17.41829692843919
10,190,12.253902576409091,17.41396314301848
10,191,12.24887130870218,17.4057851220432
10,192,12.244768644680152,17.407926391983807
10,193,12.238293114543234,17.408530276118846
10,194,12.232123039043715,17.40473247687059
10,195,12.22807809702274,17.40051571391738
10,196,12.2209497147098,17.39922035038716
10,197,12.216047526183043,17.397798370408154
10,198,12.212902466049632,17.39821174361107
10,199,12.20737466244721,17.39860335014357
10,200,12.198408922150136,17.390807171121587
10,201,12.193140121725602,17.3875272427532
10,202,12.186607295433856,17.380461295775856
10,203,12.183950423399464,17.379333013636547
10,204,12.178103300602302,17.386307325455828
10,205,12.174656482108745,17.387759840311418
10,206,12.171596421241766,17.38192143093559
10,207,12.165531142204864,17.38608453741948
10,208,12.159247621273886,17.378545291982007
10,209,12.155281535072465,17.375720086747677
10,210,12.151318353460567,17.37844732857964
10,211,12.146283325696993,17.379354891251005
10,212,12.141346751826381,17.375828936474
10,213,12.137009056749854,17.371176022027406
10,214,12.133677816397363,17.36823758176474
10,215,12.13119743943686,17.36692836038858
10,216,12.12734540162435,17.37001545010684
10,217,12.12487725813841,17.365849960102025
10,218,12.118884245231394,17.372185358868713
10,219,12.115741242604821,17.367970718370874
10,220,12.109851234961702,17.360266003453727
10,221,12.107229139550896,17.362524007905538
10,222,12.101366152096567,17.35325266818683
10,223,12.0966431424162,17.348242284724805
10,224,12.09478880618905,17.348101887924585
10,225,12.089675829709764,17.340301006530026
10,226,12.086197531593742,17.339599919503325
10,227,12.081625322536219,17.343285017450377
10,228,12.077406940249753,17.343917920116954
10,229,12.072919102489035,17.34944211782847
10,230,12.070466065433328,17.350751734631288
10,231,12.066827997171798,17.34912939468765
10,232,12.063854713117914,17.34442626573997
10,233,12.061358854949221,17.346320234996433
10,234,12.058027572930767,17.34895373915305
10,235,12.055471987696295,17.347785716060876
10,236,12.05197420148721,17.34857644344671
10,237,12.049720452465714,17.344856294367993
10,238,12.047146535628631,17.345739509883533
10,239,12.042223285533874,17.344284628332527
10,240,12.038898020246988,17.34701339805308
10,241,12.036159913401619,17.344215604420434
10,242,12.030962305435613,17.334826827025825
10,243,12.027944038378058,17.332374842215188
10,244,12.024205229574815,17.328941398961085
10,245,12.021053165943119,17.32778315413441
10,246,12.018791872974507,17.32925561153059
10,247,12.014134299444924,17.322123259228114
10,248,12.010264711093091,17.315436765373853
10,249,12.007180749332395,17.313116100157664
10,250,12.002403273540372,17.31796285098952
10,251,11.996356596911763,17.31632300864497
10,252,11.993358980459716,17.31100593453134
10,253,11.988736697236789,17.309641806736238
10,254,11.98425149619562,17.305194013424817
10,255,11.980771909428613,17.305161691682244
10,256,11.977115727117797,17.305462324425946
10,257,11.973051644426658,17.30705571446536
10,258,11.969023894017642,17.303729443319025
10,259,11.963998840093796,17.299138225625978
10,260,11.960912335229557,17.296064211084506
10,261,11.959443176036514,17.295753064467196
10,262,11.95467583873277,17.289065228603707
10,263,11.950799133080936,17.285032694469184
10,264,11.946547674254518,17.288325341468344
10,265,11.940883421123486,17.28961336601114
10,266,11.938652968777973,17.29349440591487
10,267,11.935325084603969,17.293849914328394
10,268,11.932251664678505,17.29457974145288
10,269,11.92977179642111,17.29487834500052
10,270,11.926183346930001,17.293944070500046
10,271,11.924271613254374,17.293633869098375
10,272,11.918679836163296,17.30149726169259
10,273,11.91555754435501,17.30237194031884
10,274,11.912751942591603,17.301522711982297
10,275,11.910360016309445,17.303763178949733
10,276,11.90798890125551,17.3024852574127
10,277,11.905032671379134,17.303955430263574
10,278,11.903316818037744,17.301653817496245
10,279,11.900987714067764,17.302296771948367
10,280,11.897681820931284,17.302935068073506
10,281,11.893574278726122,17.29754000975444
10,282,11.889976323756215,17.294997566329595
10,283,11.88415121886287,17.301519919116
10,284,11.881452912723693,17.29934992909499
10,285,11.878973926969888,17.299506589883013
10,286,11.876431277650799,17.29892239511371
10,287,11.872601794429563,17.293629321401593
10,288,11.870795972312475,17.295425988264796
10,289,11.869128269910465,17.293982287107568
10,290,11.86608532147611,17.29439843914093
10,291,11.86405134844874,17.295895076952316
10,292,11.861764199539262,17.294927989176216
10,293,11.860084736750748,17.294218087400242
10,294,11.856956584155942,17.29411138020011
10,295,11.851966273424933,17.300253234574868
10,296,11.849593465053276,17.299220704188084
10,297,11.847930566069888,17.297508640068656
10,298,11.844680418898866,17.296903645954455
10,299,11.84179075091905,17.294501908963017
10,300,11.837888002796314,17.29163722333511
10,301,11.834471145438622,17.291650415785842
10,302,11.830289735406925,17.29797866298938
10,303,11.82797219938747,17.298367538936763
10,304,11.824445225374168,17.301943838395744
10,305,11.822086692349043,17.304911113128234
10,306,11.818432089325919,17.31394785386314
10,307,11.815107982900203,17.307995215577257
10,308,11.812157362514812,17.308720925518397
11,1,19.854004749438253,25.42987476920525
11,2,19.511761503957814,25.01487068087355
11,3,19.187521193274506,24.62271217130081
11,4,18.884889576005442,24.267182659970313
11,5,18.59913488043614,23.975372499435814
11,6,18.33390052545305,23.691577539086516
11,7,18.07469216293077,23.380683997949955
11,8,17.84781265636544,23.130025605640995
11,9,17.61795406709042,22.90426846321978
11,10,17.399835767108765,22.68227398298952
11,11,17.196144864433048,22.433782419627548
11,12,17.0014537947493,22.22058074664385
11,13,16.82072699586149,22.007581998870627
11,14,16.64926840320682,21.816554315425755
11,15,16.487626324662166,21.644341848547683
11,16,16.32906868143628,21.487059590527434
11,17,16.179170170717818,21.33548581672177
11,18,16.04698381106009,21.1907048344398
11,19,15.91595605564202,21.044801707746753
11,20,15.792398039664116,20.91637812693384
11,21,15.673321744161825,20.772828082402363
11,22,15.564410454992931,20.649879504514978
11,23,15.458613571319813,20.531849420282953
11,24,15.351448595058388,20.42207263795278
11,25,15.252377960084683,20.31841642071726
11,26,15.15885948485985,20.210027394578205
11,27,15.069272654189538,20.109880796190964
11,28,14.990050761534809,20.026964761592637
11,29,14.906431016281948,19.951207775136872
11,30,14.832007066951174,19.881132585503305
11,31,14.760267379976229,19.808958923993163
11,32,14.69064686022413,19.746366003964706
11,33,14.627572617125404,19.68373889247598
11,34,14.565957289754454,19.604514520090436
11,35,14.497181746016377,19.524187214401074
11,36,14.439982812134172,19.469101635336028
11,37,14.38483451835749,19.402241955641347
11,38,14.335490004891186,19.341532704132785
11,39,14.28756859694054,19.29159496870379
11,40,14.230448011031251,19.220650245969836
11,41,14.181166036882603,19.183779757209876
11,42,14.136332196138339,19.155575682795053
11,43,14.09117730528561,19.11029153874772
11,44,14.043115637874111,19.050779055762817
11,45,14.002336408357344,18.998656284583785
11,46,13.964615470974888,18.970953310530874
11,47,13.92944039625012,18.943796393038433
11,48,13.89345798755717,18.91012738494458
11,49,13.860868477581956,18.875325189456422
11,50,13.831119745337862,18.831971205527488
11,51,13.792699777590265,18.780534612641024
11,52,13.762804005183288,18.75275315755348
11,53,13.732158244538068,18.726702050372307
11,54,13.703260642012639,18.69908834740074
11,55,13.673924993739488,18.664602826832944
11,56,13.649545412115526,18.633172501462727
11,57,13.622843330055648,18.593168720187002
11,58,13.600084896736547,18.560854038602137
11,59,13.578409337366518,18.53239969004082
11,60,13.556188925452687,18.51543324267389
11,61,13.534783009534374,18.487973125167724
11,62,13.514149707455203,18.466662567273282
11,63,13.490246045223033,18.4423610032349
11,64,13.47167065951889,18.42267932982834
11,65,13.453004896541394,18.403605863399367
11,66,13.434281377734052,18.38533276670743
11,67,13.417558846687834,18.37325110617705
11,68,13.400391990178067,18.34600111608113
11,69,13.37911370963702,18.325159861459515
11,70,13.362433376869223,18.312382908886775
11,71,13.344499997677032,18.29499716194167
11,72,13.312841492022493,18.27018586552608
11,73,13.297005284293917,18.251085551243918
11,74,13.280626644127647,18.238766531954507
11,75,13.264684400915108,18.225580164250598
11,76,13.248297296843218,18.208307784110417
11,77,13.235096165007764,18.189147619057984
11,78,13.216819023202456,18.160140111127586
11,79,13.205591750305608,18.149863522584745
11,80,13.19071708154807,18.132398058391818
11,81,13.177472114019448,18.114272687969702
11,82,13.16149462550095,18.10626975506814
11,83,13.149487665162788,18.090341685605523
11,84,13.136245839115668,18.078114790112288
11,85,13.124107159395143,18.069943385748818
11,86,13.114344518803357,18.064038832043494
11,87,13.099398166746452,18.050011335081443
11,88,13.088870839259595,18.033584482854806
11,89,13.079027131636941,18.023216992888145
11,90,13.066342882672368,18.01634170071896
11,91,13.052269854291877,18.009140152844235
11,92,13.042497292702146,17.995381635841667
11,93,13.029320235586322,17.971354886578847
11,94,13.01992750552758,17.967296473490297
11,95,13.008831029747276,17.957661355875974
11,96,12.999063677154563,17.950658548349676
11,97,12.988315171455136,17.944467150593255
11,98,12.975676215435696,17.937092814178815
11,99,12.96675899522204,17.928269124266343
11,100,12.95537848090362,17.924139651602
11,101,12.943859138293133,17.910206492567323
11,102,12.93543948164238,17.898919819164416
11,103,12.92701498363925,17.894092733893707
11,104,12.91474430254481,17.879232178037178
11,105,12.905033654631906,17.871206192168405
11,106,12.897273188167029,17.867913591196853
11,107,12.890363684792549,17.862307095170788
11,108,12.88039175007869,17.846252991204384
11,109,12.871782765917827,17.842797636901068
11,110,12.860088633793548,17.826317709558957
11,111,12.853721851001541,17.820578377612115
11,112,12.846338712835447,17.817392073294105
11,113,12.838036874057185,17.80830308900316
11,114,12.829964391236059,17.803699807910455
11,115,12.82448040052405,17.801107885911662
11,116,12.81691593094525,17.79622407567153
11,117,12.806407498310493,17.782712011168265
11,118,12.800061545563244,17.77587547792852
11,119,12.792818128644502,17.770351806352295
11,120,12.787035704604078,17.76478037031913
11,121,12.781893095460447,17.75935815216658
11,122,12.774558362111852,17.750578290635882
11,123,12.767900066388398,17.740551828915212
11,124,12.75990330193031,17.74865650427629
11,125,12.75499665499282,17.74751311528245
11,126,12.749396684651128,17.741138699583274
11,127,12.743451073912588,17.738603810253526
11,128,12.735694044965213,17.727365851203945
11,129,12.73061184504978,17.723147772936723
11,130,12.72531092539698,17.72085592354079
11,131,12.719496497273397,17.718046806735668
11,132,12.714163719012893,17.718177314190527
11,133,12.708318323230587,17.70658619379196
11,134,12.703972303447669,17.70062342554146
11,135,12.695316822037938,17.688522011314184
11,136,12.690112490713624,17.683396326124697
11,137,12.682995983081538,17.671289509519696
11,138,12.67531509753699,17.675386847852142
11,139,12.671512051133346,17.672529645414798
11,140,12.665873302658456,17.670177421883576
11,141,12.66121344185507,17.668758699907666
11,142,12.657141043682046,17.662167223720783
11,143,12.651373483600558,17.661160603225483
11,144,12.642433294361819,17.64923404800617
11,145,12.635346436294792,17.63858051753922
11,146,12.629420818359804,17.644660381228707
11,147,12.625192384194774,17.64298057965242
11,148,12.620392247694067,17.639140456640426
11,149,12.61562051208079,17.63232122417102
11,150,12.609985180015883,17.631183063354648
11,151,12.600454555933977,17.630958223217874
11,152,12.595822031407485,17.628831714146635
11,153,12.589916231420714,17.621114752318167
11,154,12.584383698997428,17.621532866053382
11,155,12.576404900906997,17.610462729754786
11,156,12.570805300951841,17.602259022672687
11,157,12.560863932105768,17.59985321514959
11,158,12.55246246803575,17.59701090884464
11,159,12.547848421249755,17.597994412794566
11,160,12.543106750140705,17.60414600479427
11,161,12.536465915485119,17.595604876191782
11,162,12.530644401045103,17.587216182453847
11,163,12.526664822067975,17.587921089897605
11,164,12.521930044309173,17.592030073844132
11,165,12.514260866263603,17.592294963680743
11,166,12.506766537919688,17.580616198454468
11,167,12.502771166238123,17.579929263775874
11,168,12.498565076272653,17.587880537478714
11,169,12.494344654195245,17.588321455160422
11,170,12.487703562561473,17.579030993362597
11,171,12.483569832628262,17.572918450709018
11,172,12.480818280928776,17.572995285455814
11,173,12.476817596173808,17.56825102845939
11,174,12.472715649863156,17.565718702838215
11,175,12.465679528896056,17.568322063920547
11,176,12.462179871966613,17.56749808827388
11,177,12.456613488552419,17.565673171934176
11,178,12.45215669172296,17.5737241442335
11,179,12.448600801565467,17.57028981256776
11,180,12.442852615054756,17.559810193676473
11,181,12.439238430688365,17.56273044962479
11,182,12.43491336673222,17.560330408435103
11,183,12.428059619428259,17.556713375681273
11,184,12.423015280136182,17.555134582654162
11,185,12.417789239653374,17.554533884046972
11,186,12.410118754619193,17.550998783164715
11,187,12.405960424600535,17.551755478936194
11,188,12.39994904013018,17.547784313003774
11,189,12.396624758641687,17.545812010266886
11,190,12.392430238651105,17.5502008002057
11,191,12.387880439830559,17.552629444676864
11,192,12.383985015006727,17.55082506706485
11,193,12.380739271057353,17.55069443922657
11,194,12.37721237441786,17.545481029145158
11,195,12.372972710459642,17.541657453606625
11,196,12.369622688874568,17.53828103685631
11,197,12.3644665820104,17.53206944324077
11,198,12.362116422779238,17.531857793445337
11,199,12.356988598943826,17.535005620769354
11,200,12.349284272570346,17.531272172238552
11,201,12.345354394805776,17.524584067066172
11,202,12.3410865439889,17.527303295917307
11,203,12.338294182315307,17.52250963257139
11,204,12.335313473832247,17.517532327888574
11,205,12.331554363706546,17.518136090641494
11,206,12.32792893897886,17.51058278271777
11,207,12.32146671069579,17.51251796140459
11,208,12.317964085410829,17.512781826038943
11,209,12.313166081175494,17.51111709897407
11,210,12.309720299881366,17.508771202328695
11,211,12.304766021768158,17.5179431668189
11,212,12.299580214547548,17.513140487476264
11,213,12.295933650028159,17.5099008702716
11,214,12.292816299459293,17.50784344810761
11,215,12.289574120806362,17.50827023527775
11,216,12.286467867984053,17.50609915584311
11,217,12.283708554054064,17.5066103786264
11,218,12.277449793834059,17.51376314490158
11,219,12.275084525263525,17.513813401790735
11,220,12.269927032101512,17.507177888001483
11,221,12.26564145167689,17.505591871903302
11,222,12.261759194080295,17.4965417047458
11,223,12.257864145272501,17.489640303116847
11,224,12.254455537606017,17.485764686149025
11,225,12.250128393725523,17.492411955810145
11,226,12.246123429175475,17.49482158003383
11,227,12.242166963606893,17.497613154898204
11,228,12.2372205781652,17.4996258503063
11,229,12.234212375921887,17.498505382188625
11,230,12.231157940755525,17.495084379108487
11,231,12.227812650899384,17.49545563764224
11,232,12.22504213050702,17.491659238688158
11,233,12.220959087866767,17.489582406574716
11,234,12.218243964620523,17.49010274537758
11,235,12.2147803517549,17.48444801889878
11,236,12.21181837651828,17.481523160471962
11,237,12.207275255578582,17.475330664775562
11,238,12.20433259851085,17.47193806885435
11,239,12.201486619305436,17.469507957242634
11,240,12.194448790276455,17.475832589437818
11,241,12.19182501452706,17.474493670873482
11,242,12.188664825635627,17.472257466739386
11,243,12.185294589992825,17.477587912380965
11,244,12.181718709211973,17.47261297174757
11,245,12.178631804311927,17.472021357717555
11,246,12.175909571125889,17.47348576659276
11,247,12.173349301761249,17.471129010005797
11,248,12.168132052020175,17.47016182246327
11,249,12.163996591913811,17.464073402943352
11,250,12.15941720201372,17.47083649171576
11,251,12.156043510339375,17.46873512301937
11,252,12.152544398430262,17.467692304078422
11,253,12.14785006007597,17.46967861919071
11,254,12.145100118026168,17.46783118360147
11,255,12.14193844544861,17.465787853253897
11,256,12.138647933345473,17.46304077980084
11,257,12.134747473380983,17.46476630102008
11,258,12.13025818988608,17.460264327554484
11,259,12.125662913389291,17.455849622280738
11,260,12.122060626205553,17.44974084534063
11,261,12.119605199060047,17.45029518485476
11,262,12.115234016803633,17.444113833543287
11,263,12.112420585830774,17.44276739783841
11,264,12.108200385246581,17.447025153569296
11,265,12.104379211065377,17.44707953853404
11,266,12.102075584951383,17.448587155016902
11,267,12.099124819890848,17.448875333411593
11,268,12.095390770391854,17.445804030410677
11,269,12.089304586240964,17.443774950814554
11,270,12.08518828544412,17.443911521837034
11,271,12.08114212867179,17.44162809122418
11,272,12.078464784056033,17.44681206121218
11,273,12.074597647671919,17.453790696406994
11,274,12.071190846424283,17.457132663173166
11,275,12.068285926198204,17.458025908395342
11,276,12.062817844744606,17.461169382968848
11,277,12.060065712066713,17.45689565053097
11,278,12.056942535543993,17.460135900932162
11,279,12.053281225190725,17.45769345558102
11,280,12.05087411855135,17.456129215799127
11,281,12.046146586720715,17.447646425551692
11,282,12.043585229014125,17.448919707366336
11,283,12.039038742215844,17.440810794429996
11,284,12.036386462389729,17.44184605354744
11,285,12.033291081269837,17.434795517422987
11,286,12.030660185437222,17.434563067830798
11,287,12.026540520034995,17.432493578652785
11,288,12.0238354582404,17.43225221471234
11,289,12.018984121766835,17.43210132096861
11,290,12.015672266541374,17.437429770488446
11,291,12.012734514272259,17.437811223925568
11,292,12.010608095764708,17.437722108107472
11,293,12.0085125356172,17.439919180919432
11,294,12.005941557570374,17.439945784213254
11,295,12.003620861012033,17.442092596277575
11,296,12.000779014605966,17.438060262783107
11,297,11.997724354880686,17.43139513919491
11,298,11.993303174778562,17.4267691336521
11,299,11.988861650682662,17.42085365832929
11,300,11.986203160790359,17.422536909572052
11,301,11.981915411151956,17.415040802745462
11,302,11.978873764184312,17.414801359972067
11,303,11.975822575073781,17.41309827151589
11,304,11.971541126517339,17.41330145445536
11,305,11.969476232047896,17.413384471903562
11,306,11.965373585089157,17.416075979283182
11,307,11.962528310270852,17.412329211624044
11,308,11.959839672420104,17.412096364260226
11,309,11.955980980959275,17.407027388831708
11,310,11.95335661902787,17.408884827086784
11,311,11.951086975800363,17.406663580485446
11,312,11.947134787024567,17.412365337919773
11,313,11.944100697478943,17.41116173301462
11,314,11.941119300476183,17.414510420248817
11,315,11.93639427898838,17.422129500825495
11,316,11.931266539101523,17.418028287898476
11,317,11.928893793472875,17.417632986774755
11,318,11.926650738278518,17.41762490450804
11,319,11.924061029514155,17.41910731214992
11,320,11.921235841899328,17.4195013279972
11,321,11.919337474801871,17.41958179054956
11,322,11.915221874738371,17.42185801115326
11,323,11.91323885734462,17.421517298480094
11,324,11.91102529639143,17.420842721374154
11,325,11.907649613546864,17.424259435527887
11,326,11.905239663445565,17.42360929050527
11,327,11.901931249486895,17.41948742695855
11,328,11.89990732261839,17.416432944499018
11,329,11.897585135449878,17.41555078155335
11,330,11.893274225322703,17.414202384679406
11,331,11.891645102461524,17.416221602337295
11,332,11.888741923758,17.415708905068705
11,333,11.885630374777811,17.415777177106577
11,334,11.881976783359802,17.423313014221186
11,335,11.878676981060016,17.420600513190664
11,336,11.874791520771153,17.4193824148755
11,337,11.87114761617827,17.414139555443573
11,338,11.868541538456054,17.415397028135807
11,339,11.865677152386262,17.412123448467646
11,340,11.862652704816675,17.406704786247857
11,341,11.859063674223218,17.408819096847807
11,342,11.856070660575421,17.408665130940946
11,343,11.854121870841578,17.409013349397135
11,344,11.851305706349557,17.400425826743934
11,345,11.848772746296948,17.401132696296163
11,346,11.845255114856926,17.4054504447713
11,347,11.843299474824256,17.408326365939825
11,348,11.840655551914985,17.406466669196448
11,349,11.837416564898522,17.409053188585283
11,350,11.834882210082464,17.40541619980724
11,351,11.831156415874513,17.402073074067697
11,352,11.829604868365227,17.401001295282146
11,353,11.824445173746806,17.40063578802599
11,354,11.821426173921212,17.403277668064113
11,355,11.8170363750901,17.399224153052735
11,356,11.814801927551052,17.403733818677384
11,357,11.810461137405296,17.4061886118825
11,358,11.807761032938767,17.407769876058005
11,359,11.806560414473454,17.405589751849003
11,360,11.805095834747195,17.403837848612614
11,361,11.803165094936707,17.40386835501155
11,362,11.800945427244832,17.401863483655173
11,363,11.797758261558842,17.40578004102956
11,364,11.796375093097874,17.406599101669133
11,365,11.793798277637721,17.406292056890482
11,366,11.790503383021866,17.401436643434334
11,367,11.788144679959272,17.404876965645457
11,368,11.786438064593101,17.404730928601335
11,369,11.784040950748633,17.406174707414202
11,370,11.781545284935511,17.405876831843006
11,371,11.777836223116122,17.413414632303134
11,372,11.775962469969567,17.414068501483516
11,373,11.772463516239046,17.415304131679694
11,374,11.76936305880628,17.423160507703834
11,375,11.766625907209127,17.4216017892059
11,376,11.764272418233181,17.423650143361442
11,377,11.76156486992293,17.424634867624757
11,378,11.759042841671764,17.424771765056146
11,379,11.755457389030573,17.423906988360343
11,380,11.753602099832245,17.426924649372985
11,381,11.750107148213772,17.43280311471293
11,382,11.747770594246035,17.43263970023475
11,383,11.743988592149654,17.434243838205678
11,384,11.741503911027362,17.434206446786714
11,385,11.739616568714055,17.427696586385473
11,386,11.73824574275343,17.426080302924472
11,387,11.736499011081596,17.429609398847404
11,388,11.735198819581997,17.42757968120226
11,389,11.73244450821354,17.431514741540266
11,390,11.730025896746788,17.432015628294167
11,391,11.727939064366474,17.434407833783837
11,392,11.723674564971024,17.430329131231797
11,393,11.719597454926435,17.436548587003088
11,394,11.717015492015507,17.43921597549112
11,395,11.713532428360443,17.437230170123055
11,396,11.711299295650907,17.438822052757576
11,397,11.707949259916722,17.43826663400549
11,398,11.705705988379988,17.43769109351212
11,399,11.703509506447114,17.43660885157529
11,400,11.700086821240355,17.441516418854775
12,1,19.850164084033043,25.426766933059334
12,2,19.507592392153253,25.009150456647333
12,3,19.1796204173076,24.607154401452604
12,4,18.874292202080937,24.238294810631317
12,5,18.584337649644905,23.949262589232777
12,6,18.32310282905156,23.669303345277385
12,7,18.062447727886305,23.381979057007083
12,8,17.834363309139032,23.130883026452157
12,9,17.603128833235715,22.90019089817806
12,10,17.381592388290166,22.635758571916327
12,11,17.173501097547156,22.37624471058446
12,12,16.978278737548038,22.164875713690606
12,13,16.795201647281147,21.937070022659356
12,14,16.623030411303915,21.741994991920432
12,15,16.461689780483706,21.53672941835399
12,16,16.31093977014496,21.35411030948333
12,17,16.165258928270372,21.208713899045257
12,18,16.02933700374672,21.087442542366063
12,19,15.898883296109458,20.95144517926564
12,20,15.776901991960084,20.81437739313725
12,21,15.657140460079104,20.68067797120825
12,22,15.549637110686303,20.554655644489916
12,23,15.447032496920317,20.430925749480668
12,24,15.344086447168621,20.318848190139516
12,25,15.249402985848267,20.239142634232007
12,26,15.162536116262086,20.149726279717985
12,27,15.076816682308,20.051719157360466
12,28,14.998643368807453,19.947765820963724
12,29,14.918971415937621,19.852563649556657
12,30,14.843381765529863,19.77957303644997
12,31,14.777241366694929,19.71248721877824
12,32,14.712523588779497,19.652769327968606
12,33,14.652163346819936,19.596444310583582
12,34,14.590144781211364,19.53076212012849
12,35,14.523553370825198,19.448720595910853
12,36,14.468545934939463,19.39065099567737
12,37,14.415645080587982,19.31690269278258
12,38,14.367032421290647,19.261185960336057
12,39,14.31072851751246,19.185035723547863
12,40,14.257000522252087,19.114207487120908
12,41,14.214562526943428,19.06486175992057
12,42,14.174622993421124,19.02380747372262
12,43,14.134142734503833,18.987615185082696
12,44,14.089798015584597,18.930156902638455
12,45,14.050728776967068,18.882613203417478
12,46,14.012574033368235,18.856416424203378
12,47,13.977837122905722,18.829852838922438
12,48,13.94377735506228,18.802477132263345
12,49,13.911398758062393,18.76524740740524
12,50,13.882083678262944,18.736703771684066
12,51,13.846693129035254,18.68678235657023
12,52,13.817826054306353,18.66139180933077
12,53,13.788025279683403,18.63437720407925
12,54,13.75868375476684,18.61016867498239
12,55,13.730342485484574,18.5823379311497
12,56,13.70761648866419,18.553686596207044
12,57,13.683133991145692,18.5334677527362
12,58,13.658032761620248,18.510737710748245
12,59,13.635091218231729,18.48685728410083
12,60,13.613069126033762,18.469664509195976
12,61,13.591510138092893,18.437720744311196
12,62,13.570801248094103,18.415710977342513
12,63,13.551181489690977,18.397670856612844
12,64,13.530999216736625,18.384288674349197
12,65,13.513529686699718,18.366502553795193
12,66,13.492069793706461,18.327754463952324
12,67,13.475000291843873,18.319553982990737
12,68,13.456434568684921,18.304461035752812
12,69,13.44074610876911,18.295546907849207
12,70,13.42395049667919,18.275896684973617
12,71,13.408238852519945,18.2588263676349
12,72,13.39292553254707,18.24740345705606
12,73,13.379438101259607,18.23644986217194
12,74,13.36627162564972,18.22695193985885
12,75,13.350457094490014,18.213329222897297
12,76,13.33720318070902,18.20203165395542
12,77,13.322115295755987,18.181768922380773
12,78,13.308751733968036,18.170988733389034
12,79,13.2971153339702,18.16409089292736
12,80,13.28287266360677,18.14560557388559
12,81,13.270295690843689,18.121387306624147
12,82,13.256487819496275,18.115881456903523
12,83,13.243825599304717,18.104671371174664
12,84,13.232146920135447,18.092054057855076
12,85,13.219935193702865,18.084168043697318
12,86,13.209121245407939,18.07566237601253
12,87,13.199052940966869,18.07335516601107
12,88,13.188294031028034,18.055177426015184
12,89,13.175521110673708,18.049001619746186
12,90,13.164790981450151,18.041208981474565
12,91,13.151414371875887,18.0334228092215
12,92,13.140567457072613,18.02828544552097
12,93,13.129119328681247,18.019501952592993
12,94,13.118225729532911,18.00620092164717
12,95,13.11019709591606,17.999356302091243
12,96,13.097517555728274,17.994122217156942
12,97,13.087049950853128,17.98323999014732
12,98,13.077488481724334,17.965910251696783
12,99,13.070372798416436,17.95650368245855
12,100,13.062454334851996,17.949123103731225
12,101,13.048411264634787,17.941291194446546
12,102,13.040968357151801,17.934981132054062
12,103,13.031209364243608,17.92899130257609
12,104,13.019656155829077,17.911306100173977
12,105,13.012983305977928,17.90437598848752
12,106,13.005292568150836,17.901031696367557
12,107,12.995309591977014,17.89637338383535
12,108,12.98766701209088,17.881095533434767
12,109,12.979515068082183,17.877258627844792
12,110,12.970327481970292,17.86405605130549
12,111,12.963272660429496,17.86017191251194
12,112,12.956941725697295,17.86118207513368
12,113,12.95005704586605,17.856666734516608
12,114,12.941767688373767,17.85183094077486
12,115,12.934932425413075,17.85071838939847
12,116,12.92691824779291,17.845818199702094
12,117,12.920077488084429,17.833502002880472
12,118,12.91166098812886,17.827102851321122
12,119,12.905519651010573,17.821041389605973
12,120,12.898811908558535,17.815852499423855
12,121,12.890234024818005,17.80346063796317
12,122,12.883171998490749,17.79353962213384
12,123,12.877409040707512,17.785933197690873
12,124,12.870816626782755,17.790447166594557
12,125,12.864937433486068,17.790930565124338
12,126,12.860308346461196,17.789447243996218
12,127,12.855358425896933,17.785221607696908
12,128,12.850052572111544,17.778168555669424
12,129,12.843453499644705,17.78460002989174
12,130,12.831475145049751,17.776055690597946
12,131,12.825563700565986,17.77302033994039
12,132,12.819129727011058,17.764973413211216
12,133,12.814335170058127,17.764759498124057
12,134,12.804786371424994,17.761751955614027
12,135,12.793199623660625,17.750734217245295
12,136,12.787831275847218,17.74736164698302
12,137,12.783791280298745,17.74443316790581
12,138,12.778747686775356,17.741869540343497
12,139,12.773546045703098,17.743414463099196
12,140,12.769866561574677,17.740502922983143
12,141,12.76299216016014,17.73444359839416
12,142,12.756276195811353,17.72416038505085
12,143,12.750255560530965,17.715257190163168
12,144,12.742659199088685,17.710314435710366
12,145,12.736973523411075,17.70046296060092
12,146,12.727707345340988,17.69779357850176
12,147,12.72253101398554,17.69960739192503
12,148,12.71667026337409,17.706035134905534
12,149,12.708143075672561,17.69173165906279
12,150,12.70245591545252,17.69087773085674
12,151,12.692544901073134,17.68993052232293
12,152,12.687766774693076,17.67853898120581
12,153,12.681664020316568,17.673311911634894
12,154,12.67658308439948,17.681935745440878
12,155,12.669145001391986,17.670258475830405
12,156,12.664461853477919,17.66812473576596
12,157,12.657560932134444,17.655270868191142
12,158,12.649256524110486,17.653763824071067
12,159,12.644848300515601,17.655692591051494
12,160,12.640288000438424,17.66158717010661
12,161,12.635583381145201,17.668365077176148
12,162,12.631902652194643,17.66430369013905
12,163,12.628291281344488,17.663782188882095
12,164,12.624050333238412,17.665374491075152
12,165,12.61739295186215,17.6685986109094
12,166,12.613654452494469,17.665260262477815
12,167,12.610283529535497,17.664521123158323
12,168,12.606188767053425,17.665272538705388
12,169,12.601421741380575,17.666906348971303
12,170,12.59520570299281,17.655019816109387
12,171,12.592014075529917,17.654283239197497
12,172,12.589681397550537,17.64961030990902
12,173,12.58547528450359,17.64110996635802
12,174,12.581656172537866,17.63599825220051
12,175,12.576893630976913,17.63796636116979
12,176,12.572471777305388,17.634786179277413
12,177,12.567521149035073,17.635504360666364
12,178,12.564427363137202,17.633520059540988
12,179,12.558624256920865,17.636358774557568
12,180,12.5534210611355,17.62759502747536
12,181,12.550286851237836,17.62993924657738
12,182,12.54667759505323,17.63476745390358
12,183,12.540246933952925,17.635274090605105
12,184,12.535588410267765,17.64393735339372
12,185,12.528817323007727,17.645394253339102
12,186,12.525114143550132,17.639185772463797
12,187,12.520896285106753,17.639829050452846
12,188,12.517003086463085,17.636071212064216
12,189,12.513788616498998,17.635584557004577
12,190,12.509364452040812,17.63766222931904
12,191,12.504925552468926,17.636901682206272
12,192,12.50151839152317,17.635208347120834
12,193,12.498265420858289,17.63478602822229
12,194,12.494813396431605,17.632550592540216
12,195,12.490697076118126,17.628356124733234
12,196,12.486277326723698,17.631277654091576
12,197,12.483155266123752,17.63659824063167
12,198,12.478820877796807,17.6395095286534
12,199,12.472541939344715,17.6344704145648
12,200,12.46720679973458,17.640946075644262
12,201,12.461542428779598,17.645622763326365
12,202,12.457573774901716,17.645950273379903
12,203,12.451805446387523,17.637014516772037
12,204,12.446601310582308,17.645592355278097
12,205,12.441995023805834,17.641827974814277
12,206,12.438643015016762,17.639070475160963
12,207,12.432473181812485,17.64157169899431
12,208,12.428394403129634,17.641426530750426
12,209,12.422456095621198,17.636471208009564
12,210,12.41830764540665,17.635113984605937
12,211,12.413632554380493,17.644070776993914
12,212,12.410295594965692,17.641821942923883
12,213,12.406859343696894,17.638202161919796
12,214,12.403047133829531,17.642374898782318
12,215,12.399086473552092,17.643615301346603
12,216,12.39529216520935,17.638731372942214
12,217,12.390487998761829,17.636835928192717
12,218,12.387247636683714,17.64314857192104
12,219,12.382736764041127,17.640258038030748
12,220,12.378397073028667,17.63287957078425
12,221,12.374610194012382,17.635247325796577
12,222,12.370500128363066,17.628903386973192
12,223,12.365827110454068,17.62965406163453
12,224,12.361371698178838,17.63040244927556
12,225,12.35738272449995,17.630163641380207
13,1,19.860879000957755,25.386502664701304
13,2,19.528328024372694,25.001523689105802
13,3,19.20710180520204,24.613120454454428
13,4,18.910097123320458,24.29306526617433
13,5,18.627574534364364,24.016532233957808
13,6,18.374933060452197,23.7623856320247
13,7,18.119635434052743,23.475314812297285
13,8,17.886845596650783,23.214798712560246
13,9,17.660830622503614,22.98879150010196
13,10,17.446700044490456,22.735549138194617
13,11,17.2417663260868,22.482689924459983
13,12,17.050551205793067,22.289396884955533
13,13,16.87308727172515,22.112495690786417
13,14,16.704639526865513,21.92744250565188
13,15,16.54906426837373,21.735756733053705
13,16,16.397097234550134,21.589923282169906
13,17,16.25613646786234,21.45336688552373
13,18,16.12533273772548,21.282880711835677
13,19,15.995742981282786,21.148480213161537
13,20,15.878661795830343,21.026256672964905
13,21,15.761122088491032,20.898487864728803
13,22,15.655214329299632,20.771324592089673
13,23,15.556234154393309,20.642252666320037
13,24,15.457065999376063,20.507933539686068
13,25,15.366431831667958,20.38931589863074
13,26,15.274814454272194,20.290703231615463
13,27,15.197487714574294,20.17964253817695
13,28,15.122419288294468,20.09867500774511
13,29,15.04616714210756,20.0054854888763
13,30,14.973801410052372,19.921881790588433
13,31,14.910168644694306,19.85540251032532
13,32,14.84129686119072,19.7787644966544
13,33,14.781626678005654,19.714664081813414
13,34,14.724159219081601,19.652710796697935
13,35,14.659158440493666,19.56916921778688
13,36,14.607613023911629,19.50695595350234
13,37,14.557255584821004,19.439070510882548
13,38,14.50947548225,19.385575145862944
13,39,14.455877505375417,19.313990257378663
13,40,14.403234040039052,19.24470749010562
13,41,14.360759446975567,19.192272009099575
13,42,14.31684083724647,19.130706807489528
13,43,14.275934219417469,19.096550328499955
13,44,14.24048909467487,19.0593548454066
13,45,14.204855769103212,19.00947721554398
13,46,14.171781763490468,18.975609232423135
13,47,14.139209504004096,18.939017491681387
13,48,14.109953627542897,18.896423282306596
13,49,14.073160714750038,18.84403634040585
13,50,14.040120407390228,18.81434523051367
13,51,14.006703674295558,18.764865238654462
13,52,13.979504800341418,18.735536409948182
13,53,13.951411519600102,18.716541016893157
13,54,13.92298974600121,18.694064173503605
13,55,13.901696092384997,18.67360894457779
13,56,13.87725498615124,18.6473791562343
13,57,13.849462619106289,18.624315625571324
13,58,13.825121379608559,18.6158750706344
13,59,13.802183367416282,18.60170651905334
13,60,13.780627351552477,18.585923241963616
13,61,13.761561600365091,18.55422853126126
13,62,13.741067056251921,18.535418432983985
13,63,13.72202425046185,18.51316098193485
13,64,13.703697443254951,18.500280740751585
13,65,13.685626018326904,18.481964948230477
13,66,13.66347624451881,18.45920082356283
13,67,13.646253096126378,18.44627789515148
13,68,13.62871980275732,18.440469543534746
13,69,13.610963872072704,18.427517909139823
13,70,13.591524676850456,18.40736653445081
13,71,13.574004417579864,18.392102556919696
13,72,13.556150075297346,18.36158353524325
13,73,13.539919011807827,18.346931599152654
13,74,13.526201024846262,18.342464659663584
13,75,13.511109203662313,18.328025891909288
13,76,13.496169483668922,18.31429711761716
13,77,13.480658494112136,18.30595066823975
13,78,13.464541077990177,18.296139781090513
13,79,13.45276267059698,18.283150132663206
13,80,13.440581115554549,18.276527514630413
13,81,13.427736307783944,18.26032358503895
13,82,13.414511816996033,18.25680259920456
13,83,13.402229425950102,18.243910883423556
13,84,13.389713883257757,18.235583937337047
13,85,13.378037543089835,18.22804993821915
13,86,13.367274322811449,18.220719904641175
13,87,13.356143187506936,18.21972707454782
13,88,13.34459812945395,18.198723009606475
13,89,13.333004761724155,18.192295053181113
13,90,13.322778509877745,18.18697862387505
13,91,13.307880104592469,18.163569497193805
13,92,13.298511417491403,18.159761701067502
13,93,13.287520126301516,18.15790807155411
13,94,13.276476426894295,18.142901546989297
13,95,13.266231717853437,18.135625228745397
13,96,13.25476580281749,18.130313653363523
13,97,13.24469003140957,18.126905674754568
13,98,13.2354787223059,18.11725464282465
13,99,13.22700915480998,18.11321775755722
13,100,13.218933879288459,18.107748704986264
13,101,13.206672038015439,18.085893798350423
13,102,13.199158721866468,18.079765573187085
13,103,13.190093407826133,18.074910249386793
13,104,13.181437057677885,18.07069737790966
13,105,13.173157043624755,18.064331608811855
13,106,13.16276164960712,18.059283837101592
13,107,13.15420491722738,18.052434427678957
13,108,13.146680090949056,18.03708151512417
13,109,13.138850282211695,18.035662247046684
13,110,13.131020155589772,18.03095938561317
13,111,13.121537836043004,18.030597996201298
13,112,13.114131211412962,18.029552687298015
13,113,13.106734133185885,18.024037862978762
13,114,13.099061466013461,18.020131539028114
13,115,13.092297803302067,18.014722108857622
13,116,13.085106508618681,18.011027877573294
13,117,13.078929489891891,18.00916465244471
13,118,13.070952632083916,18.00229501457219
13,119,13.064721909204337,17.999404566023006
13,120,13.05769355330655,17.996249580052496
13,121,13.051268659892482,17.993087019203745
13,122,13.043350532686528,17.9874419719282
13,123,13.03628637517434,17.994619736767365
13,124,13.030112053902574,17.99879220455593
13,125,13.02190728205743,17.99619066015649
13,126,13.015169416705506,17.99015253977552
13,127,13.010853481830415,17.983716314849637
13,128,13.001806806626591,17.96937535465574
13,129,12.995009818127942,17.97704257352197
13,130,12.98495580330454,17.970031538304134
13,131,12.97905390520221,17.968543871272786
13,132,12.972398909318944,17.95877325864482
13,133,12.96364923261854,17.94326640458676
13,134,12.95491719133718,17.925008435353927
13,135,12.946779334503644,17.90980311357907
13,136,12.93894901555933,17.913096207873064
13,137,12.932625480049738,17.91135792653441
13,138,12.92619984929756,17.90773096830092
13,139,12.920613483376762,17.908877482000243
13,140,12.916045533639103,17.90782870887584
13,141,12.909493900428963,17.903114387238933
13,142,12.902309426816654,17.900941862379437
13,143,12.896236778562937,17.905839845521946
13,144,12.887488244987725,17.89927976907516
13,145,12.881020045350857,17.895066512334846
13,146,12.873935447330926,17.881527690957892
13,147,12.8690766106994,17.87999177873546
13,148,12.863318229220916,17.886682978219778
13,149,12.857429640108933,17.882345802835022
13,150,12.8524040905995,17.879105429116084
13,151,12.847325289500523,17.875323157090783
13,152,12.842171250836092,17.878332308488417
13,153,12.83682718951261,17.874312183913332
13,154,12.83182225958245,17.882876474680703
13,155,12.826909590101076,17.88451518227474
13,156,12.822100582421582,17.88441032823371
13,157,12.818000117966868,17.877264187985705
13,158,12.810970489630522,17.872173048287436
13,159,12.806210169295323,17.874100887211245
13,160,12.802082513462373,17.870623895637987
13,161,12.797406776888433,17.87571158044225
13,162,12.792363537677028,17.873903146926683
13,163,12.787380643081642,17.876255632194447
13,164,12.78271408630359,17.877701365259536
13,165,12.778647210069828,17.86886507228739
13,166,12.773886330943784,17.868534854195282
13,167,12.770213656737628,17.867496927033237
13,168,12.765628377871034,17.867772540745694
13,169,12.761018353807804,17.86903512222659
13,170,12.753757617180108,17.863613016695524
13,171,12.748134784070876,17.860550773156056
13,172,12.7448897700761,17.85582583558893
13,173,12.7377360303143,17.838047602787075
13,174,12.733034038207558,17.83665053682633
13,175,12.728825438874834,17.836446612767475
13,176,12.723774088533368,17.831801847851604
13,177,12.71900580938217,17.831737432184227
13,178,12.715484372422106,17.834101049488837
13,179,12.710460403468655,17.83516976640756
13,180,12.704574261724872,17.817828366535675
13,181,12.700791868440886,17.823291059149952
13,182,12.692700492365287,17.828399632766867
13,183,12.687269968558011,17.822242575144625
13,184,12.68396497915756,17.82282352220615
13,185,12.676871601033081,17.823396608208114
13,186,12.67222087570151,17.825746432111778
13,187,12.667598604665422,17.823971163971535
13,188,12.664621619786326,17.82366244379238
13,189,12.660540613274762,17.822588617144735
13,190,12.65566724413506,17.82401675544714
13,191,12.650991659376599,17.825259136075015
13,192,12.646329002478659,17.8331188282242
13,193,12.63874286968499,17.83413557489175
13,194,12.63566868145198,17.833500144128223
13,195,12.631519723450083,17.83339970485416
13,196,12.62748403515661,17.835950742692823
13,197,12.623045044361488,17.828443543127797
13,198,12.61966024343142,17.825775772410406
13,199,12.615491158119971,17.825893091741072
13,200,12.612478296243983,17.829301936008214
13,201,12.608318746485526,17.831399903657193
13,202,12.60456054574171,17.839235931872487
13,203,12.600246730827996,17.832499214485434
13,204,12.596932673399335,17.832113987256438
13,205,12.59209939719704,17.828038798357753
13,206,12.589471973132575,17.82958552322324
13,207,12.584663120463668,17.82284050950853
13,208,12.580072499840462,17.820414794681678
13,209,12.57526945775396,17.819338007012245
13,210,12.572274432101501,17.823471256104472
13,211,12.568839047775668,17.82544489075563
13,212,12.565561995863767,17.824247230866426
13,213,12.562791449412929,17.8266582096082
13,214,12.558524226519056,17.82532378982752
13,215,12.555446485520903,17.82861773067423
13,216,12.55226428755211,17.824857680215956
13,217,12.549177291159204,17.828152476139923
13,218,12.546176775310036,17.832299352890836
13,219,12.541776813527628,17.830441509243016
13,220,12.537328161465496,17.825171691171732
13,221,12.533732077106713,17.827324622581738
13,222,12.527714930334751,17.828681647523187
13,223,12.523016390804242,17.82764171735399
13,224,12.51927431186865,17.824781826735595
13,225,12.515571745725081,17.82536016494574
14,1,19.867928489537075,25.374964851100856
14,2,19.540423789758087,24.981537262197858
14,3,19.229902604933024,24.65030429288727
14,4,18.939863991180445,24.303792447574118
14,5,18.663506352543074,24.02852562451768
14,6,18.416309605948797,23.802006888273823
14,7,18.17223038826377,23.519274604477733
14,8,17.94283003331579,23.280702461182443
14,9,17.72461169154584,23.020134108127273
14,10,17.513905729017285,22.768335764090327
14,11,17.316992077794573,22.531357673504917
14,12,17.13302576635757,22.331339204712076
14,13,16.959089164377232,22.160108482066953
14,14,16.796757148291245,21.9691132816841
14,15,16.644026812021394,21.805599684204875
14,16,16.494675350201053,21.652327763331158
14,17,16.35560220077176,21.510600188305897
14,18,16.224947488381964,21.362985008171
14,19,16.10170362324237,21.235908064287077
14,20,15.98548320847593,21.10755734526873
14,21,15.87271933164916,20.982609245946524
14,22,15.77127056845365,20.859674857781243
14,23,15.67316264450398,20.74078412439723
14,24,15.578439962352942,20.621017084741357
14,25,15.482376298620078,20.518511855860652
14,26,15.39908393493406,20.4275017926975
14,27,15.314416332531762,20.324845478219483
14,28,15.241629268004711,20.25028825248129
14,29,15.164947616438074,20.166375615136243
14,30,15.09372664018601,20.077904732131234
14,31,15.033912827863801,20.001961006372394
14,32,14.968020554088135,19.93882620917782
14,33,14.909515032322336,19.874357533915717
14,34,14.854251811827915,19.81473464955502
14,35,14.792957059659406,19.736524078911156
14,36,14.74375448521508,19.686433831926088
14,37,14.69148799185984,19.62659956597543
14,38,14.645748458347965,19.570555178810935
14,39,14.604335144060451,19.528065461296872
14,40,14.552779717350118,19.460515763748084
14,41,14.514268136693575,19.418830193880595
14,42,14.46897536369787,19.357166339105007
14,43,14.434203460877285,19.322324368893153
14,44,14.392350403228079,19.26332983872804
14,45,14.359480417178062,19.228928549355334
14,46,14.32603514288427,19.2077447157951
14,47,14.29245586836294,19.183638929767547
14,48,14.259142084594314,19.147431186506186
14,49,14.225809060717722,19.114973086130334
14,50,14.199197118580287,19.083148286056694
14,51,14.169506890945366,19.05371212845055
14,52,14.142995336847779,19.018972019214477
14,53,14.10896214231745,18.98726309307067
14,54,14.081814842978037,18.957190821399816
14,55,14.057635998891715,18.931956728103245
14,56,14.035615006231511,18.906995612189064
14,57,14.004854517127912,18.886086896710182
14,58,13.98059260637151,18.848807646208716
14,59,13.95849105537635,18.833017765545254
14,60,13.938689011064719,18.812312924048122
14,61,13.918563947102609,18.7903228279719
14,62,13.899155128581855,18.77025634959783
14,63,13.8800585835512,18.754323957075663
14,64,13.859054879655174,18.737562398467894
14,65,13.842214897055282,18.717751831612887
14,66,13.820975107093755,18.706159448219235
14,67,13.803820980261907,18.693622120817594
14,68,13.788018794249318,18.683475613073263
14,69,13.770195099226791,18.672462424781795
14,70,13.753721941200824,18.655796611328395
14,71,13.737855738683063,18.642984894130763
14,72,13.719970642010777,18.632970471060567
14,73,13.706589355981537,18.629480717342116
14,74,13.690283342674306,18.619620126416223
14,75,13.675639334523497,18.606906825707284
14,76,13.65939457413482,18.598356068875386
14,77,13.643197627126701,18.572069321009373
14,78,13.628605299928296,18.55929822631992
14,79,13.615159238889728,18.548364829856393
14,80,13.6014960578794,18.535627241058815
14,81,13.58701098145877,18.532856847890013
14,82,13.573531532989302,18.51562590187303
14,83,13.561987563690488,18.50907063662281
14,84,13.55022310145529,18.49737100325181
14,85,13.536544952044235,18.479850877215792
14,86,13.524459717997914,18.467943243345967
14,87,13.511712859884776,18.45845689831554
14,88,13.499567172962427,18.451114450750698
14,89,13.487447982735654,18.441947377057076
14,90,13.477988712273076,18.43681020840591
14,91,13.466263142561107,18.431002516042245
14,92,13.45482590001406,18.423038125415424
14,93,13.443500741618315,18.40285235086019
14,94,13.432266559541635,18.39409960115021
14,95,13.422307720122246,18.388023109641985
14,96,13.413285195956725,18.379074043690522
14,97,13.404991316000732,18.370588617255297
14,98,13.395511105253545,18.366625457085572
14,99,13.385581672517093,18.358369495140682
14,100,13.375275510724139,18.34064331922823
14,101,13.365001841870438,18.336828386508465
14,102,13.356536675438043,18.330874114663526
14,103,13.347168197270701,18.324980052411778
14,104,13.338463132110446,18.32121358651073
14,105,13.329701834262666,18.314005308638198
14,106,13.318507875592667,18.299174259602964
14,107,13.310185506063165,18.295781540394987
14,108,13.302651611657057,18.28914652270039
14,109,13.294372697629607,18.283457727589823
14,110,13.284598164617462,18.276443973180296
14,111,13.277641914059645,18.26892358215821
14,112,13.270229274875861,18.26799108785046
14,113,13.262713985985298,18.260423526886854
14,114,13.254933915790396,18.256354457519343
14,115,13.247900014739855,18.25294628466165
14,116,13.24004528519945,18.25956414014658
14,117,13.233458719804501,18.2545397344167
14,118,13.225682899781928,18.248030377496377
14,119,13.216402727518618,18.24142397113779
14,120,13.207733239268418,18.225064160297677
14,121,13.198359329483369,18.21843172358883
14,122,13.190413098837332,18.216478803939033
14,123,13.183914732177517,18.215584931401843
14,124,13.176997447280076,18.22510603261723
14,125,13.169736138232567,18.21849846414084
14,126,13.163157231870843,18.217325170081395
14,127,13.155672027234424,18.21340500301219
14,128,13.148644556879074,18.211933878496655
14,129,13.142245660990934,18.211392051115972
14,130,13.136634922376178,18.22221006422084
14,131,13.130708728282325,18.22260899172738
14,132,13.12375405038268,18.215187678795612
14,133,13.116050439550634,18.215286868246203
14,134,13.110240099186704,18.20986827074321
14,135,13.105283319089256,18.202738452983596
14,136,13.098562973053896,18.207845559301635
14,137,13.09333328229926,18.218299162931935
14,138,13.087600515208752,18.2150386848688
14,139,13.082544360065686,18.209863591087828
14,140,13.077712660065961,18.210116122486184
14,141,13.07148532610954,18.203431900286073
14,142,13.065779462773724,18.200980498948113
14,143,13.058859578587397,18.20871587913784
14,144,13.052945707170288,18.214867923818094
14,145,13.047082340777266,18.21130870376887
14,146,13.04155603380475,18.205794013022036
14,147,13.03491851793929,18.20549883926559
14,148,13.030277743832263,18.202192052025598
14,149,13.022367975752188,18.19653331632103
14,150,13.01746590732682,18.192700576155723
14,151,13.011767280313865,18.196231616055147
14,152,13.004546946510489,18.181329287908714
14,153,12.99896707572079,18.18087212802607
14,154,12.993937829305544,18.19016420445667
14,155,12.988435508241032,18.18678162992055
14,156,12.983634294995973,18.186580513564994
14,157,12.978437714908443,18.18904202645905
14,158,12.973484235850817,18.189849901031778
14,159,12.967937434931327,18.19828965682712
14,160,12.963697247839647,18.196961853073716
14,161,12.958138582542697,18.205848399327706
14,162,12.952662398599774,18.200156451822185
14,163,12.948214097140795,18.20095450111021
14,164,12.944282633871676,18.20268001297973
14,165,12.940114403466438,18.199597545709764
14,166,12.935986756960759,18.20166741644625
14,167,12.931783965087938,18.196614306037354
14,168,12.926708173578184,18.204825754808006
14,169,12.922563213505248,18.206814650845807
14,170,12.918963262135021,18.21085003098022
14,171,12.914418322262339,18.21464633293387
14,172,12.907395750612624,18.20506371501216
14,173,12.90037661417923,18.19359794301583
14,174,12.892467070754755,18.186630472407717
14,175,12.884076970844525,18.181475360104827
14,176,12.879512087855987,18.180666358096914
14,177,12.87165104527656,18.17412554378523
14,178,12.866756734151208,18.1715212101279
14,179,12.861441076257568,18.167043740346145
14,180,12.854470355908537,18.144268493147976
14,181,12.850293281719244,18.146495631588014
14,182,12.846267448856086,18.148423412549754
14,183,12.841780094263756,18.146051425489574
14,184,12.838937735977607,18.142186446924594
14,185,12.83127936429355,18.1423746119329
14,186,12.826430528813578,18.1442087487054
14,187,12.821717498815689,18.142314437428055
14,188,12.813031273797387,18.140439633643417
14,189,12.807513305242779,18.14031312085149
14,190,12.802715479565618,18.139474066397433
14,191,12.798509614540217,18.14102249913181
14,192,12.794193629163493,18.14773186449366
14,193,12.786619097508627,18.149015614077683
14,194,12.782560686160457,18.14084907680624
14,195,12.779348436538916,18.13796287407963
14,196,12.77486249734774,18.141698024909857
14,197,12.771136204448052,18.14645313979733
14,198,12.767606957611918,18.142982076681157
14,199,12.764223690601442,18.14207782202751
14,200,12.760513122561505,18.143855910330995
14,201,12.757519593368059,18.139624261723778
14,202,12.753972653429036,18.148246996752547
14,203,12.749193059684389,18.143355568676117
14,204,12.744370716618084,18.142613337074877
14,205,12.742335723426677,18.14361598020868
14,206,12.738972518995146,18.145198600383374
14,207,12.732863642760913,18.14528491568423
14,208,12.728710758991163,18.14336426583594
14,209,12.725363604046517,18.147304108827182
14,210,12.721235998032574,18.145485684752533
14,211,12.717747559762625,18.144099101752513
14,212,12.715061726784413,18.14288315962656
14,213,12.711217853740914,18.13965936663194
14,214,12.707219754041745,18.13883236555126
14,215,12.70449527064456,18.138683576335705
14,216,12.701301056901121,18.135544477221394
14,217,12.69747299451286,18.135802929381008
14,218,12.694440798639985,18.136674768768806
14,219,12.690692141205586,18.13871235709908
14,220,12.687651555387262,18.141920722179368
14,221,12.681581293121935,18.136238024356253
14,222,12.677813594661945,18.140444896969473
14,223,12.672878640839684,18.140144902326817
14,224,12.66888330184408,18.136046965648152
14,225,12.663976536164231,18.14505630039059
14,226,12.658820238967724,18.143511738287227
14,227,12.655188026021678,18.144958361182066
14,228,12.652213182931648,18.144717594925982
14,229,12.649289738302567,18.142539145878
14,230,12.645838168744854,18.1359109398568
14,231,12.642171213019015,18.132873338059202
14,232,12.63802795457366,18.13026217041602
14,233,12.633253838353756,18.124501829184215
14,234,12.629496395094256,18.12534882285403
14,235,12.626416575983209,18.122115366119623
14,236,12.62342659775982,18.122087545830375
14,237,12.620759166318033,18.121757114731206
14,238,12.616858528846649,18.11649176859679
14,239,12.611706584073167,18.11912699286038
14,240,12.605222317327682,18.1254231340404
14,241,12.601681878665394,18.12193377036645
14,242,12.597350501217024,18.12391905359755
14,243,12.594007063467913,18.12176667817242
14,244,12.58895495132361,18.11743588288227
14,245,12.585053381147668,18.109651263821743
14,246,12.582646169048141,18.113095031826138
14,247,12.581025259100171,18.1123967354058
14,248,12.577553989343347,18.118959650517027
14,249,12.573665262230131,18.113055081869472
14,250,12.569928697248749,18.115509590113806
14,251,12.564654210955469,18.110343860966122
14,252,12.56141829347383,18.10771740484043
14,253,12.557380057728363,18.1045461692379
14,254,12.553960740207785,18.107613044285078
14,255,12.549524060298664,18.10052342012381
14,256,12.546652938501865,18.097583873436598
14,257,12.544072364585956,18.09244370531282
14,258,12.540205383067116,18.096364176275667
14,259,12.536030002453014,18.093210686164987
14,260,12.532378643882733,18.09244620161787
14,261,12.526710993333367,18.09885272207844
14,262,12.523350613154003,18.099679508520886
14,263,12.520589288411346,18.10311049936744
14,264,12.516552306210075,18.103131415920647
14,265,12.513065302719317,18.107826086078283
14,266,12.50987112864985,18.10801455436891
14,267,12.50683640578285,18.105043298658163
14,268,12.503335870065687,18.10646977577019
14,269,12.498900775124605,18.10922893322762
14,270,12.495367159886937,18.112302809377972
14,271,12.492200181338992,18.115199535314826
14,272,12.48801944542649,18.114260559137087
14,273,12.484622602074472,18.115025184145924
14,274,12.48125271977057,18.111284403802227
14,275,12.477459732847672,18.11724224015114
14,276,12.473993223744438,18.11453892382747
14,277,12.47044321590497,18.115418848109808
14,278,12.467577627716478,18.116218928181492
14,279,12.464527457227176,18.116240233972533
14,280,12.461665597095735,18.115730133726682
14,281,12.458614002491753,18.11142094814663
14,282,12.4560833867437,18.110618463315244
14,283,12.451448478579822,18.111049152887972
14,284,12.448505976683268,18.113834421507427
14,285,12.445744366301515,18.11384786958736
14,286,12.44235008638217,18.11307631644197
14,287,12.438443240326906,18.113957299976533
14,288,12.434635073667963,18.116061965541927
14,289,12.43115985732614,18.112124775231493
14,290,12.427109214483675,18.11186173076523
14,291,12.423695259945426,18.11131227685016
14,292,12.420326341329234,18.105942602720102
14,293,12.418134412010057,18.105677744625247
14,294,12.415340076678609,18.107345302715096
14,295,12.41279312715406,18.108099752655516
14,296,12.409169054121397,18.106534301153935
14,297,12.407106041536595,18.106690612430125
14,298,12.404307400038467,18.099475048092113
14,299,12.40171163367968,18.101040312328237
14,300,12.397812102891118,18.09938363974445
14,301,12.393822710845456,18.0995324321106
14,302,12.390844294340022,18.104845258569213
15,1,19.862091033282997,25.385131228368948
15,2,19.53066121547208,25.00718747636234
15,3,19.215088747479967,24.663994097202597
15,4,18.92035079832364,24.325483704044657
15,5,18.645597233717243,24.035369318981942
15,6,18.39714931517165,23.79638048886384
15,7,18.151169132716724,23.511914669963996
15,8,17.920074990816044,23.243855313484804
15,9,17.70719100290301,22.982929827515346
15,10,17.496654047206622,22.76516515110795
15,11,17.30116847362013,22.56848512597222
15,12,17.120076552023228,22.373907815860925
15,13,16.948151967036353,22.189012388928973
15,14,16.788220093783696,21.99973289820135
15,15,16.639111894864072,21.838940073498136
15,16,16.49605822540547,21.69310508321877
15,17,16.362661514627543,21.555764818311953
15,18,16.236760496749458,21.408391248468746
15,19,16.117297219417683,21.2826051125877
15,20,15.99845092056851,21.136537275174195
15,21,15.891161331942493,21.02625995784676
15,22,15.790567078684834,20.902558762293655
15,23,15.698276126646856,20.795475276119493
15,24,15.60313509167594,20.691091864738933
15,25,15.513844838006127,20.59607507767874
15,26,15.422762264686666,20.498881576803544
15,27,15.338525306021848,20.41594265043529
15,28,15.26573601623103,20.340456809440322
15,29,15.197842578619255,20.265665390350655
15,30,15.116713135798632,20.20319558141632
15,31,15.052364119928763,20.13043582214552
15,32,14.990378961795065,20.049851300780077
15,33,14.93543021918994,19.9892593977856
15,34,14.88125159465647,19.923841261464613
15,35,14.81948998216282,19.859087533766665
15,36,14.770693563552783,19.801332845112068
15,37,14.721060773086522,19.745968401739486
15,38,14.677495316422739,19.702919285945708
15,39,14.628467287389734,19.641678646785067
15,40,14.582380035093651,19.599673129228805
15,41,14.5447055533273,19.55467849899113
15,42,14.496026428060379,19.51904300103174
15,43,14.45756038313684,19.48572846671327
15,44,14.422306482020076,19.432053386631654
15,45,14.388925336526865,19.37651009905036
15,46,14.357924880856805,19.353906165447533
15,47,14.325162421449097,19.323076474433975
15,48,14.28777378843503,19.291033585149414
15,49,14.254267605805884,19.258512430952347
15,50,14.223077421235216,19.232946406683812
15,51,14.196897947026267,19.20393243987326
15,52,14.17040767441965,19.178298185815425
15,53,14.138633777341411,19.157808404029815
15,54,14.111579358050271,19.134005379382547
15,55,14.089206966937939,19.110035474521936
15,56,14.067392036371757,19.087243658835877
15,57,14.04114232954195,19.057313127922452
15,58,14.020918877262908,19.03239788850561
15,59,14.00001201070268,19.01792018326654
15,60,13.977272295716576,18.99261922036573
15,61,13.955941894589667,18.975585407722534
15,62,13.936268754817846,18.950630490884674
15,63,13.912455464903546,18.935740561890416
15,64,13.893852307736006,18.909723909556217
15,65,13.878484778120887,18.895398622576106
15,66,13.859449726671787,18.88345151937876
15,67,13.84256259849147,18.871883655875603
15,68,13.824895565715446,18.849330808436317
15,69,13.81022638095473,18.83115020604401
15,70,13.79381747727394,18.821980624093715
15,71,13.778246941017471,18.815009321623332
15,72,13.76176282257961,18.79811008737033
15,73,13.744818759442154,18.78297258378683
15,74,13.730927142284147,18.770581836019915
15,75,13.716982495129548,18.762334582050297
15,76,13.699737522584805,18.75038565301072
15,77,13.688453788995607,18.73476262944285
15,78,13.6766287163312,18.71983805625232
15,79,13.66470852579741,18.717350809428236
15,80,13.652313790175192,18.705880132593585
15,81,13.63926018359949,18.697041897053353
15,82,13.627463130781592,18.676286293256613
15,83,13.614863985552184,18.666729158798923
15,84,13.60383766645817,18.65827644298911
15,85,13.5897838579378,18.6414358690034
15,86,13.577400151985001,18.62797112188931
15,87,13.56127197192653,18.613068633564883
15,88,13.550222297941264,18.606266702764255
15,89,13.538556073438137,18.602222771649465
15,90,13.527902706178104,18.59953555496728
15,91,13.517774941345403,18.591367679590274
15,92,13.508775070420105,18.58484279577847
15,93,13.498846784946887,18.577175514771383
15,94,13.486790460215216,18.560006772845483
15,95,13.478268747339303,18.554746753569066
15,96,13.468057596459811,18.548155542285702
15,97,13.45935760539388,18.542356052854178
15,98,13.449691878190796,18.550060415269883
15,99,13.436675907697277,18.538288809899733
15,100,13.427640290421943,18.533375821342396
15,101,13.418582576942544,18.520982268165714
15,102,13.410742443056666,18.518732702389727
15,103,13.401093370988853,18.511729324416557
15,104,13.393249267047496,18.506640465367674
15,105,13.385311033369552,18.49893604993826
15,106,13.375381925208767,18.484716052632827
15,107,13.367863075076936,18.48100097667327
15,108,13.360580751735952,18.475263515886017
15,109,13.348510257829247,18.448533124865484
15,110,13.338549053454397,18.44429879954034
15,111,13.329579051944597,18.434334568111982
15,112,13.322162110242838,18.432627121641893
15,113,13.314835250354726,18.425982728740873
15,114,13.306619021790224,18.424027122500767
15,115,13.297845790333124,18.418234760070646
15,116,13.290812121596272,18.42521766418217
15,117,13.284106848109255,18.423145264100032
15,118,13.276524304911483,18.415537401726912
15,119,13.266340925473525,18.40834790317759
15,120,13.258736664873862,18.39318873758591
15,121,13.250457622340944,18.391567407271758
15,122,13.244249022022231,18.38382501205478
15,123,13.238153544725776,18.38302100124371
15,124,13.228123764712999,18.370836485407864
15,125,13.220276563357121,18.37170560811866
15,126,13.215171368415286,18.37464909409794
15,127,13.210355311488081,18.369694289283668
15,128,13.200982563716005,18.353032902991576
15,129,13.191978779983566,18.343001982287653
15,130,13.187014094648525,18.34582917281985
15,131,13.180411443345342,18.353298197204865
15,132,13.173338208027817,18.33746332290524
15,133,13.166831523763413,18.34447227630069
15,134,13.160809446033157,18.338862397956678
15,135,13.153438198278556,18.32988465483843
15,136,13.147801961168476,18.32655172144079
15,137,13.141391010919032,18.331611049909952
15,138,13.135220169121656,18.327247586846784
15,139,13.129562282440776,18.3229407853294
15,140,13.123261075783013,18.3194613317249
15,141,13.116448464388318,18.31240289347184
15,142,13.111173818540408,18.316397537167777
15,143,13.105125431717001,18.31587910646523
15,144,13.098341333500207,18.310349532337717
15,145,13.093674564679707,18.30728400663981
15,146,13.088467656760677,18.30669432963197
15,147,13.0833787589183,18.306066758942187
15,148,13.07888893516959,18.3045272402981
15,149,13.072445887349238,18.307720882018483
15,150,13.067581250979828,18.303730478878183
15,151,13.060438452136001,18.30004283820024
15,152,13.05479188313135,18.305968915756498
15,153,13.050534920069618,18.304203089901588
15,154,13.045139152040253,18.31320754977021
15,155,13.039990609581334,18.32012943674257
15,156,13.034762564773322,18.320037634598783
15,157,13.029766078639346,18.32468686377393
15,158,13.025719467116328,18.32057894762907
15,159,13.019136855815352,18.3146127858982
15,160,13.014069424602196,18.30835662992381
15,161,13.008876997997833,18.317069919051857
15,162,13.00415373544956,18.312275761323644
15,163,12.999226961738717,18.30695481396434
15,164,12.99431041832108,18.309748920162807
15,165,12.989529562180117,18.31012133127572
15,166,12.984592034023235,18.301750483905856
15,167,12.979594299256673,18.307757700004363
15,168,12.974704647708073,18.30883678652145
15,169,12.97037933895633,18.302830688805756
15,170,12.96687194771483,18.30174508128861
15,171,12.962676075694105,18.29515628497509
15,172,12.956445506587192,18.286654646003036
15,173,12.952241356405466,18.293827795574355
15,174,12.94727608656748,18.29125437172544
15,175,12.942813253788836,18.29253229960358
15,176,12.93885208058543,18.289481480311963
15,177,12.934806885683514,18.299127158701616
15,178,12.930481220737873,18.296786035867253
15,179,12.924880652325028,18.29227529070349
15,180,12.918991423968805,18.29374026981521
15,181,12.915299075335138,18.29598515788763
15,182,12.910619294332893,18.296499671642653
15,183,12.902967622264152,18.291187567325352
15,184,12.899121114806082,18.287775193659876
15,185,12.89420985586327,18.286620876711922
15,186,12.890245966086255,18.287458644740937
15,187,12.886038065376143,18.290229445653452
15,188,12.880906123810423,18.28528809286891
15,189,12.876054913794208,18.28183598205293
15,190,12.870480394589219,18.281467295583003
15,191,12.86576738805477,18.278547379898516
15,192,12.8606951183184,18.27322061856496
15,193,12.8570153883766,18.275765047921322
15,194,12.85327549840676,18.279535735249016
15,195,12.849414749327071,18.281118468037658
15,196,12.846464337118762,18.282510042389255
15,197,12.841655610007825,18.273793071344706
15,198,12.837076303983073,18.266387259256312
15,199,12.831432035174066,18.271262784023303
15,200,12.828313452122863,18.273502469577018
15,201,12.825119200319238,18.269267778773376
15,202,12.821053174042488,18.268865765999422
15,203,12.815745807079045,18.27810721750889
15,204,12.81286313919265,18.27456845901354
15,205,12.809223483636028,18.275681626682587
15,206,12.806138704334028,18.27657060409684
15,207,12.7983661975715,18.273727344773015
15,208,12.793949896995489,18.26887532843412
15,209,12.78887957400044,18.266490736476996
15,210,12.78491145095842,18.262079498949806
15,211,12.778736564870824,18.257362671233725
15,212,12.775675120783204,18.258505379448053
15,213,12.773083235174834,18.26203456601335
15,214,12.76825117528887,18.26978214452635
15,215,12.765417269746067,18.26853923716682
15,216,12.761961926045489,18.263074160101393
15,217,12.757541686947816,18.263453770458046
15,218,12.753468505019352,18.266381547340654
15,219,12.750543408365711,18.262260736386228
15,220,12.7471419729848,18.256996135210965
15,221,12.740460892804721,18.251604171489106
15,222,12.736062036963402,18.24443860446115
15,223,12.733762506741481,18.246862513610886
15,224,12.72984637170854,18.24306016855986
15,225,12.725122961430328,18.25176304147384
15,226,12.720485606096432,18.253486945833725
15,227,12.717826311996946,18.253942192441443
15,228,12.714058273036386,18.25473978902265
15,229,12.71074084392565,18.255768274972752
15,230,12.705912747304799,18.25136256691981
15,231,12.702114233093813,18.248067814612188
15,232,12.698129438874679,18.2434422140406
15,233,12.69354007107907,18.238283333675795
15,234,12.688619465140087,18.24151957107129
15,235,12.680880405703553,18.24400119128192
15,236,12.67843876882806,18.247508554830972
15,237,12.674766976011957,18.243601774839686
15,238,12.67070138621704,18.237883767653816
15,239,12.666746200331001,18.235133671383796
15,240,12.66303836116531,18.23577151229167
15,241,12.657030701384413,18.239623787776388
15,242,12.653129035297756,18.24181147971291
15,243,12.649381776637366,18.242179993864443
15,244,12.644579438027788,18.23838123781091
15,245,12.64013750794288,18.2359967740339
15,246,12.633952159749155,18.234450889725686
15,247,12.630891814509843,18.233471143203445
15,248,12.627702222950541,18.235348736650913
15,249,12.62366789717399,18.24341035616945
15,250,12.619881491094493,18.245048836897535
15,251,12.614305454527372,18.24139659917409
15,252,12.611092286336106,18.23989585360432
15,253,12.606363170491873,18.232617468826078
15,254,12.60413693378601,18.236033927191592
15,255,12.599241029179124,18.22858665646461
15,256,12.59720626433654,18.230464511711517
15,257,12.594189119658035,18.228956379081144
15,258,12.591600200311,18.234418709920867
15,259,12.588673127763016,18.231928495254035
15,260,12.585392720188304,18.23145075410836
15,261,12.579338460169813,18.23803146125218
15,262,12.575947739955012,18.23753782680355
15,263,12.573625709895614,18.240985718967597
15,264,12.569431325960407,18.24234617659554
15,265,12.565878840712546,18.242315877347913
15,266,12.562486317596047,18.240487608924383
15,267,12.558725275813536,18.23898038302635
15,268,12.555009663088557,18.240769577787685
15,269,12.550440224333512,18.23940172451191
15,270,12.54533278504907,18.2342127469566
15,271,12.543081231792057,18.235581003054374
15,272,12.538067363321723,18.233148542378068
15,273,12.534252399084023,18.239312766675624
15,274,12.531552949425908,18.234411487132164
15,275,12.529515239381924,18.23610871727537
15,276,12.526520992782356,18.237719685933982
15,277,12.523213114628552,18.23770635562443
15,278,12.517310726250095,18.24247310068022
15,279,12.514927902717174,18.241655406836795
15,280,12.512374332953643,18.24516445993092
15,281,12.509095286201426,18.241898347691993
15,282,12.505388279893067,18.23772676470164
15,283,12.499964875968562,18.238494538015125
15,284,12.497059058566123,18.241907474164343
15,285,12.493233211658026,18.234982597444876
15,286,12.49025211855167,18.235516595659142
15,287,12.486525223094974,18.235365594018212
15,288,12.483695885910153,18.23418844329319
15,289,12.481174405565248,18.234971044131992
15,290,12.476782393207335,18.237353698995275
15,291,12.473081208103975,18.237040912162122
15,292,12.469541259490017,18.23165868082334
15,293,12.466917083471158,18.233457036091124
15,294,12.46414249418887,18.231643712771568
15,295,12.461400122941829,18.225424289768014
15,296,12.458611911084734,18.223374650299103
15,297,12.455968067264537,18.223571955134815
15,298,12.453767041234173,18.222962976015804
15,299,12.450775254447688,18.225371893579304
15,300,12.447204761522682,18.22340970246933
15,301,12.444244943860243,18.224014552462673
15,302,12.442115195160792,18.222241492048042
15,303,12.439391381783448,18.221302715802423
15,304,12.435446087043456,18.22218106474381
15,305,12.431775813146995,18.226325727587433
15,306,12.428104482788898,18.222721422045513
15,307,12.424822598144956,18.225509484746187
15,308,12.421498041532637,18.226973354394584
15,309,12.418811089812044,18.227414471362163
15,310,12.417013947336713,18.22608749245744
15,311,12.415346297939642,18.228925829020362
15,312,12.412606892739669,18.23146787691945
15,313,12.408660531047706,18.22313001252354
15,314,12.405052602520268,18.226608231826123
15,315,12.403267964695875,18.227582515638645
15,316,12.398480613265482,18.226093548405323
15,317,12.395559813998668,18.228711477691608
15,318,12.392851506252642,18.227786308854434
15,319,12.390270997169143,18.229960745286686
15,320,12.386564752389779,18.22871602812852
15,321,12.383762194018146,18.22783032330231
15,322,12.380250769128992,18.2294560370357
15,323,12.378057231538387,18.228992291271027
15,324,12.374599328465608,18.229268728685163
15,325,12.371291852005575,18.228634588957952
15,326,12.367202340093531,18.229152632105073
15,327,12.36533430818223,18.228404731990576
15,328,12.361984524562956,18.226600881733834
15,329,12.359324278923953,18.22745815495245
15,330,12.354332760359995,18.2313750066282
15,331,12.348841957902591,18.228550523737994
15,332,12.346534464123815,18.228805588553172
15,333,12.343361794685935,18.22923791657088
15,334,12.340517754558244,18.229528514567374
15,335,12.334276438524823,18.22839519086812
15,336,12.332493200972515,18.230903385919884
15,337,12.32970259224011,18.23151953312143
15,338,12.326537566497086,18.230893595200733
15,339,12.322993032852217,18.234406318881096
15,340,12.317486049229519,18.239897342513196
15,341,12.313289604305258,18.240827277610606
15,342,12.311500235420592,18.242507896626197
15,343,12.307555007050755,18.23983027563675
15,344,12.305176264072342,18.238463234597848
15,345,12.301325617101515,18.237939897125393
15,346,12.29988260902139,18.238351240962544
15,347,12.297487454278656,18.23798300023855
15,348,12.29398973655143,18.241876208061395
16,1,19.85579624844528,25.37126132124849
16,2,19.51990777809014,24.98499461072154
16,3,19.200364578340288,24.610564687838746
16,4,18.901905110800996,24.26500422464281
16,5,18.622982673937738,23.961851424844653
16,6,18.36677977406015,23.708853434296564
16,7,18.11719804378199,23.41204311347675
16,8,17.882624274459932,23.13451822141433
16,9,17.665809735809418,22.885048902826657
16,10,17.45442814631217,22.660000091438647
16,11,17.25687454301058,22.421046152769176
16,12,17.074729893857914,22.239826774932492
16,13,16.90013758532297,22.048217613284155
16,14,16.73524995794177,21.87576637572601
16,15,16.581826397662734,21.707598096755174
16,16,16.439679039880314,21.547555423800553
16,17,16.304576673285048,21.419822147531477
16,18,16.17757724967708,21.285638850269578
16,19,16.05834329950474,21.170376001192412
16,20,15.93996194464502,21.022447245500473
16,21,15.834471897187848,20.913627207925163
16,22,15.73069373298215,20.823340774190296
16,23,15.638345369309096,20.7197842079453
16,24,15.547023098468262,20.614381526860633
16,25,15.460058228272683,20.52050682300069
16,26,15.381456278623205,20.413169734781835
16,27,15.298349954957642,20.326362843600524
16,28,15.222595158261107,20.232904159582993
16,29,15.157022788793158,20.15261144393174
16,30,15.08741581478033,20.077652794432545
16,31,15.01523405537017,20.001084236960725
16,32,14.954572318116094,19.92703649199037
16,33,14.898345744345825,19.877978448707243
16,34,14.845770142852176,19.828256708703297
16,35,14.798091875877542,19.768677774789854
16,36,14.74949367749437,19.707046166101122
16,37,14.704959383483079,19.656976117416814
16,38,14.653968484927214,19.60210877400366
16,39,14.612392040861211,19.554899463284233
16,40,14.568023569471803,19.512784439484264
16,41,14.525911889697728,19.45849949164691
16,42,14.490277958377943,19.424912460343158
16,43,14.456750262391164,19.396250334189588
16,44,14.414196046536754,19.35402643873465
16,45,14.382044117070423,19.327459785465205
16,46,14.353028377703266,19.303273870853552
16,47,14.321078299765142,19.2707583102916
16,48,14.287408469293611,19.237258891955197
16,49,14.256046960808852,19.209662879543817
16,50,14.230753111016014,19.18664483273136
16,51,14.202289592640495,19.152590021480748
16,52,14.1759863056533,19.121999103578585
16,53,14.142659492518135,19.098233939260187
16,54,14.120960710292481,19.082027439459665
16,55,14.099938924074754,19.059557785746318
16,56,14.078170220325163,19.041500389700833
16,57,14.056162740092503,19.022477855487047
16,58,14.027692777732456,19.002735573319764
16,59,14.00580906851166,18.982994272448664
16,60,13.987142887613839,18.96314570624887
16,61,13.965721751329491,18.935953597291572
16,62,13.946793528696402,18.912607781647882
16,63,13.928055482855413,18.909883660519906
16,64,13.911655206583701,18.890691448947067
16,65,13.894170880441479,18.875840611549243
16,66,13.870752364767872,18.859846110276152
16,67,13.851057132925737,18.84570772909305
16,68,13.833479151887746,18.8316317566308
16,69,13.81577471370408,18.810527985009546
16,70,13.80034583522136,18.801198505622434
16,71,13.785272936934144,18.792848594375506
16,72,13.770235898054628,18.773500730515387
16,73,13.757151704345057,18.76712577950304
16,74,13.74580091451242,18.757538651693725
16,75,13.730262150004982,18.746594109515883
16,76,13.717865352556064,18.731483973785686
16,77,13.707081961800844,18.722230781030607
16,78,13.69516721465488,18.712573708779214
16,79,13.684818306568259,18.70651025601022
16,80,13.674004455395007,18.708255769864575
16,81,13.660783391788332,18.700132334638685
16,82,13.650014645867614,18.689255295430556
16,83,13.638067809209097,18.673668387364756
16,84,13.629315937711521,18.662697534443065
16,85,13.617405371343889,18.651581277029628
16,86,13.605031286909474,18.64062265086205
16,87,13.589730138134637,18.627924164841332
16,88,13.578081087224769,18.621402789848858
16,89,13.568222845374388,18.61690090506951
16,90,13.557350242574612,18.615690186321533
16,91,13.547353120441125,18.614247172460345
16,92,13.537299752545117,18.61463429220339
16,93,13.52798987716533,18.59932603689859
16,94,13.517778508020115,18.59180396881003
16,95,13.508242546173976,18.586401222302563
16,96,13.496339343564816,18.57765825198233
16,97,13.487118138571848,18.569582153774366
16,98,13.476289989827576,18.560864069091007
16,99,13.467416095856233,18.554729815067052
16,100,13.457475608936846,18.553443781459844
16,101,13.448286505784516,18.551267479505004
16,102,13.439713612876115,18.547306662307314
16,103,13.431209082705557,18.53923238239896
16,104,13.418286836985704,18.524639483450983
16,105,13.410468039220175,18.51983529707221
16,106,13.40290284036033,18.523396547666476
16,107,13.39535491905177,18.522004163006454
16,108,13.38770160015914,18.51467196594414
16,109,13.3775776327747,18.494977564405936
16,110,13.368300296809728,18.489452629150364
16,111,13.359619137216818,18.488457388870916
16,112,13.351992880997937,18.481252527599434
16,113,13.344689356907539,18.47475792699027
16,114,13.333366541844876,18.46191309432098
16,115,13.326324549580173,18.461186376897288
16,116,13.319012979602546,18.46817209006151
16,117,13.310082836079154,18.449575888998325
16,118,13.303912133500706,18.444370842193152
16,119,13.29340482969268,18.43469013625608
16,120,13.284711574597768,18.426202367669536
16,121,13.277938733125518,18.431747422540436
16,122,13.271768363028622,18.426024825103656
16,123,13.265761913409548,18.41908506826231
16,124,13.255896559763391,18.41073097809986
16,125,13.248663208008042,18.41486796760634
16,126,13.243190407040192,18.41307126929091
16,127,13.2377953278815,18.413343840224538
16,128,13.229086332342959,18.396305770185588
16,129,13.222925699372079,18.393481251466646
16,130,13.21652980769228,18.389960416196857
16,131,13.211204296956991,18.387606971920604
16,132,13.204474452488684,18.371855712474904
16,133,13.19767284912022,18.378890751215657
16,134,13.192080447897853,18.367191937387332
16,135,13.184559900162993,18.363011991373124
16,136,13.180649013595302,18.358098174363928
16,137,13.17486572527684,18.355675025812502
16,138,13.16977753974283,18.353770972880913
16,139,13.164730230595124,18.347756142666174
16,140,13.157020368373832,18.34533205204718
16,141,13.14863847600054,18.32266665967338
16,142,13.143771177154774,18.323560545667192
16,143,13.137285916940701,18.33322015182995
16,144,13.131696391254408,18.32739360369876
16,145,13.124879291886906,18.324340755697797
16,146,13.12066048665201,18.322714941212
16,147,13.114614445853451,18.32288611860077
16,148,13.11010122855511,18.325060215866795
16,149,13.103968125299557,18.31802036098024
16,150,13.099712336598554,18.313995064034057
16,151,13.094748135268539,18.311710433636588
16,152,13.087839897534607,18.317635594265248
16,153,13.079731607439891,18.291622671097663
16,154,13.074213342023484,18.300700017840118
16,155,13.068224150644,18.294832807432822
16,156,13.062943238189245,18.288900537084395
16,157,13.056071394403501,18.284933711939793
16,158,13.050542900355785,18.290448579773905
16,159,13.043998866931,18.288577941673896
16,160,13.039393961773648,18.291856701282338
16,161,13.034421078634468,18.293536402100397
16,162,13.030965131662839,18.29309665880079
16,163,13.02646955924863,18.285587343665565
16,164,13.022147760554168,18.28915757586863
16,165,13.017962486098943,18.295391409482324
16,166,13.013397404342458,18.294255633851524
16,167,13.007799484435983,18.292575398685802
16,168,13.00319637659595,18.291279488318782
16,169,12.99641608893247,18.28847864899169
16,170,12.990800056842666,18.295107047923732
16,171,12.985992921201769,18.298755446985165
16,172,12.980559916736526,18.29076266320756
16,173,12.974983150505722,18.28540443054731
16,174,12.971229166716597,18.285792756966377
16,175,12.966644213938984,18.2867105112761
16,176,12.962645716337052,18.280182280010838
16,177,12.958360390201088,18.282961463099284
16,178,12.955008706695178,18.2841323841412
16,179,12.948807723267604,18.27648345314063
16,180,12.945179692658128,18.275929273167527
16,181,12.941810025339173,18.277608002274643
16,182,12.937063849505533,18.279522837221126
16,183,12.930355753431632,18.274197007392434
16,184,12.927015366313618,18.2762143758402
16,185,12.921967999142124,18.27523828975775
16,186,12.918084039023022,18.27289191080077
16,187,12.913404327246964,18.267210131851773
16,188,12.908789796694846,18.26510869323803
16,189,12.904437277507833,18.266097150486186
16,190,12.900402156743436,18.265459806825508
16,191,12.895964323620426,18.255893216476178
16,192,12.891716812642944,18.2522297466686
16,193,12.883103615463327,18.252051509414162
16,194,12.879461062173032,18.254727249216362
16,195,12.876251091610413,18.25683937074631
16,196,12.873277863098691,18.260714525147293
16,197,12.868571290622778,18.267022928188272
16,198,12.864902412379575,18.264211230870263
16,199,12.859337322343956,18.269085555988944
16,200,12.855268578954849,18.266890099098188
16,201,12.852387105757607,18.266097592280385
16,202,12.84832287272346,18.266947770498053
16,203,12.843187998803863,18.270820366372654
16,204,12.838636211999395,18.267034992095095
16,205,12.834944605699809,18.26993707831241
16,206,12.828902134205043,18.269171642241766
16,207,12.821349401585952,18.2666235030929
16,208,12.81602312738175,18.261580923258112
16,209,12.809987745382916,18.25807518330171
16,210,12.805216168921289,18.25169870747425
16,211,12.801395043008151,18.246850512501428
16,212,12.796472895717235,18.250461438415094
16,213,12.793282031616371,18.247441084314616
16,214,12.788488609545292,18.250566315989957
16,215,12.785749687227575,18.249622683511863
16,216,12.781284572377803,18.245620961687216
16,217,12.778463623982367,18.248835302618257
16,218,12.773679133865569,18.251271037602525
16,219,12.77081893807943,18.247230900955806
16,220,12.767994269016933,18.24844571404679
16,221,12.762086656878466,18.248514740484357
16,222,12.756998403754258,18.246541159264538
16,223,12.754210034637692,18.25168809760438
16,224,12.750106271351012,18.247263661689104
16,225,12.746729975639393,18.246953187677995
16,226,12.738918549522095,18.24847444992818
16,227,12.736283037109885,18.24875694122795
16,228,12.732103925502186,18.24334357386578
16,229,12.727287809832536,18.247621295960858
16,230,12.722812717173126,18.246039571666948
16,231,12.71918043747708,18.24788801932102
16,232,12.715011702598229,18.244525001149498
16,233,12.710687289729025,18.24029507527838
16,234,12.704546389099264,18.24152420987479
16,235,12.700253212975163,18.249493444678333
16,236,12.69648477568677,18.24210629649995
16,237,12.692848122422816,18.245200598566818
16,238,12.688734425069978,18.239401736823773
16,239,12.685032829504971,18.239811638499365
16,240,12.681531706272594,18.241872993000843
16,241,12.677807371981368,18.239172570050137
16,242,12.673099976186442,18.232831567207942
16,243,12.668606667029525,18.237506164854416
16,244,12.664092936577498,18.23946400973847
16,245,12.659071732522081,18.238409588922657
16,246,12.656261393109462,18.243804351005952
16,247,12.652905830900417,18.24056229293944
16,248,12.649464717257425,18.23919972874524
16,249,12.645575983777773,18.241850485323056
16,250,12.642966416302352,18.245019179014193
16,251,12.637580507515024,18.242205992973837
16,252,12.635013083847294,18.245517176137806
16,253,12.631469094007114,18.24380900347712
16,254,12.629099501644529,18.245488313518166
16,255,12.62533250529061,18.243441475016795
16,256,12.62160573523512,18.24874378280797
16,257,12.618452994833104,18.247345903885126
16,258,12.615338444021303,18.25336596650301
16,259,12.611911483706113,18.253144663580002
16,260,12.608080698263027,18.251335740779346
16,261,12.602505020559425,18.255123877536466
16,262,12.598325940507781,18.256750296197666
16,263,12.595836905879924,18.260333831184685
16,264,12.591958697809472,18.2630738173092
16,265,12.588366443794285,18.26365218364344
16,266,12.583319039024172,18.257538699519266
16,267,12.57965858800967,18.25846849942834
16,268,12.576043370954213,18.260159366336666
16,269,12.573950361109858,18.263405934643565
16,270,12.57148737176014,18.265566949083425
16,271,12.568987331206396,18.26763894746949
16,272,12.564722443515693,18.265180322829472
16,273,12.562035119940958,18.266597000193215
16,274,12.558258084250099,18.266417336819288
16,275,12.554558168450729,18.26231900428485
16,276,12.551526048616733,18.263401909873135
16,277,12.548199008066096,18.260531494623265
16,278,12.541690080724152,18.264455837474802
16,279,12.538944286947348,18.2623544790629
16,280,12.536732373627812,18.26015701314515
16,281,12.534263100432636,18.25798833781866
16,282,12.5307018820405,18.253713765821836
16,283,12.525788833073673,18.256860267428312
16,284,12.522171553581062,18.253253189025468
16,285,12.518760249204556,18.24852339957367
16,286,12.514143333761856,18.247813028976196
16,287,12.510732854532282,18.244538054661245
17,1,19.851463528700112,25.368143523321965
17,2,19.509470255135305,24.96091370798105
17,3,19.1861593051392,24.5776855736601
17,4,18.883116782468843,24.21449391539578
17,5,18.598559248472778,23.93348008960499
17,6,18.332802754852395,23.670089443416664
17,7,18.079280949150178,23.36651522728691
17,8,17.842206267513337,23.08473257481444
17,9,17.623233805689406,22.82642895353925
17,10,17.41003694827337,22.5675622092293
17,11,17.20908517156932,22.320720333309463
17,12,17.0227863850382,22.131607074223325
17,13,16.848036872413367,21.9167592768597
17,14,16.680796543358326,21.723554223963575
17,15,16.528014716385737,21.54793562043218
17,16,16.38283164187852,21.393681830926155
17,17,16.24588169961034,21.25001145551608
17,18,16.114660150900644,21.0938158820656
17,19,15.998994789795269,20.96488596663898
17,20,15.88095078636846,20.855992575973847
17,21,15.773092509002227,20.73559446145353
17,22,15.66876457196607,20.635119171311526
17,23,15.573555711519637,20.528385300491816
17,24,15.482071407843538,20.42445663150591
17,25,15.39486676271184,20.342142118526144
17,26,15.314346086057013,20.2530504766119
17,27,15.239555559483092,20.169826267792082
17,28,15.168841700450816,20.07798406106662
17,29,15.100957952151564,20.007840243808616
17,30,15.03718265444213,19.93776503565281
17,31,14.974874389041881,19.87370692071115
17,32,14.917143857565618,19.79930041810983
17,33,14.86378373896187,19.746095781475184
17,34,14.809937723295455,19.689741102659998
17,35,14.748293216118086,19.62840816761809
17,36,14.701283013124545,19.560674181380488
17,37,14.654098414377598,19.509886651940953
17,38,14.601672386545367,19.453422051291533
17,39,14.5616183966913,19.40305000539152
17,40,14.517199786361797,19.3572658335092
17,41,14.48212539053312,19.31734034839924
17,42,14.444298804430094,19.296921944328787
17,43,14.411440792948577,19.25749905806207
17,44,14.369210248722677,19.201394857073797
17,45,14.336821536638732,19.172731310856733
17,46,14.308319477586842,19.14210298373246
17,47,14.281120738557478,19.11321548428559
17,48,14.248488815215067,19.0666391096636
17,49,14.218075607507236,19.029926803561235
17,50,14.193510351097098,18.998994357367284
17,51,14.168101669852328,18.971040172470826
17,52,14.145882070277391,18.950460095984784
17,53,14.122602084975354,18.93106539338452
17,54,14.098599747699092,18.912380660703196
17,55,14.073772430622263,18.883187156657097
17,56,14.048713056388825,18.855189726324895
17,57,14.02580538003938,18.83684830842556
17,58,13.999943991894122,18.814083800100157
17,59,13.97944341020927,18.799771027924734
17,60,13.96224102297016,18.77561323794661
17,61,13.942183086586054,18.751685428780313
17,62,13.92342691849777,18.737916181015247
17,63,13.90775822325987,18.72121917723036
17,64,13.890689887590025,18.7099292565545
17,65,13.874173451487561,18.690391160030334
17,66,13.850592572154786,18.67549408943073
17,67,13.834021607867813,18.664501156793115
17,68,13.81877183216193,18.654815799289405
17,69,13.804659651095498,18.650523110240407
17,70,13.792685380074317,18.63900332890928
17,71,13.777280819828947,18.62892513934177
17,72,13.760736075690252,18.609774357632816
17,73,13.74761212403087,18.6009114351302
17,74,13.73740993104696,18.595367467465554
17,75,13.724462946051505,18.582982171788302
17,76,13.709295452796685,18.570234077378142
17,77,13.694979237333675,18.556470953932727
17,78,13.684078749568672,18.554520724579415
17,79,13.673655931596592,18.551223998622625
17,80,13.660648307031952,18.538512932259895
17,81,13.648293206420535,18.529974430356543
17,82,13.63569268619909,18.518027134403937
17,83,13.625923956053194,18.51159881255378
17,84,13.613797471998831,18.506729300744777
17,85,13.604066907893788,18.504816656674514
17,86,13.593185791663993,18.494012461123425
17,87,13.584006422304844,18.49122004255549
17,88,13.57366251508087,18.48240430594126
17,89,13.563847103534393,18.47879410360497
17,90,13.552336844616695,18.477518977332004
17,91,13.542552992210728,18.47001387254003
17,92,13.533764589860223,18.47157894864676
17,93,13.521738784263517,18.410654388110284
17,94,13.511099991205368,18.404786903098582
17,95,13.501691311569516,18.402468606546694
17,96,13.490386081461825,18.373368760321213
17,97,13.481965557356101,18.373244476682462
17,98,13.472042134588111,18.36961312207696
17,99,13.464093203375189,18.36329331664475
17,100,13.455968628318331,18.36215096988775
17,101,13.446566497524595,18.36351890554812
17,102,13.435805047285518,18.34372107770151
17,103,13.426249052332741,18.340304055430668
17,104,13.418028170207506,18.335051580349976
17,105,13.411132350186037,18.334831044251267
17,106,13.403196425470773,18.33855971865568
17,107,13.39785863498279,18.335052926471327
17,108,13.390849154749917,18.328195940239684
17,109,13.381734039534713,18.30120844355865
17,110,13.372882192505461,18.295736752715793
17,111,13.364981788216395,18.29016731788683
17,112,13.357475011759371,18.282886843881556
17,113,13.349829835532455,18.278427946702774
17,114,13.3436269821914,18.27934144277531
17,115,13.335970995102997,18.286226251161633
17,116,13.328849167164085,18.292633317630077
17,117,13.317637663833365,18.267726955063708
17,118,13.309988665772405,18.2679524301037
17,119,13.302406573191217,18.261508791686786
17,120,13.295470257276847,18.263888926370285
17,121,13.289078888805044,18.270899991499306
17,122,13.278527118824224,18.238342396403198
17,123,13.27209939989448,18.236273166579572
17,124,13.26580026171912,18.237378780621793
17,125,13.259662010257097,18.238125707509745
17,126,13.253976432388322,18.23590248402793
17,127,13.249725156556936,18.23358499938059
17,128,13.242128826396927,18.221018970645655
17,129,13.234579670148236,18.218891647520934
17,130,13.228408034508872,18.217643097448487
17,131,13.220345162602863,18.20917644874425
17,132,13.21417895534028,18.2040206911117
17,133,13.207773333289063,18.2020994621914
17,134,13.202958291484874,18.198724295448738
17,135,13.1986990591787,18.19669094560343
17,136,13.192370917785274,18.19995245617082
17,137,13.184566827944128,18.202715110899177
17,138,13.179741012090293,18.201031175603557
17,139,13.174224310282451,18.193058953938618
17,140,13.168871131155552,18.19140127385464
17,141,13.163018283340655,18.180708227631083
17,142,13.156416663599515,18.18089831510268
17,143,13.151580326685323,18.181398198098055
17,144,13.14629428308909,18.18195290068795
17,145,13.14074315474144,18.17776750755983
17,146,13.133789763354395,18.162792824257384
17,147,13.128056864548315,18.163594897034137
17,148,13.123860288393848,18.1613627613509
17,149,13.11950843903417,18.158716602349248
17,150,13.116101377297724,18.157432981765748
17,151,13.11105743065074,18.15452931344322
17,152,13.106027062146676,18.158055477081486
17,153,13.099264201130328,18.15061280955543
17,154,13.094410597423233,18.154952997372657
17,155,13.091234497436291,18.150950068212794
17,156,13.085947770947845,18.154022220929523
17,157,13.080967230534066,18.156991411198337
17,158,13.07621615666975,18.15553517878972
17,159,13.069951147079507,18.15250938967863
17,160,13.067010491278541,18.154914353466488
17,161,13.060533056852982,18.147276301221837
17,162,13.05536252529096,18.14319097120755
17,163,13.050325920484775,18.140282155941183
17,164,13.047228551287558,18.145117204978348
17,165,13.044072691679816,18.148132902348504
17,166,13.040404592145025,18.148109599835653
17,167,13.033887812968489,18.144200557517358
17,168,13.029616110318537,18.144399896560987
17,169,13.024260618081861,18.137921154052364
17,170,13.021069150928103,18.14247523047655
17,171,13.016968316048217,18.13906747616301
17,172,13.011810730698237,18.131012427851587
17,173,13.006590063485696,18.126339618591675
17,174,13.001758783743723,18.124878434815244
17,175,12.997728028822877,18.128302001925327
17,176,12.994302634955954,18.126272302818005
17,177,12.989482155296079,18.119912578271173
17,178,12.985131480557008,18.125436977853816
17,179,12.97966289917388,18.12188398565009
17,180,12.975182958637486,18.120148167453465
17,181,12.971738799169852,18.120997191379896
17,182,12.966983245625801,18.120836629853834
17,183,12.962864864148106,18.12341365129811
17,184,12.955281657376593,18.117533873124106
17,185,12.949215967243205,18.10106424391866
17,186,12.945602946481147,18.098554969125527
17,187,12.939754967860488,18.09648065992997
17,188,12.935931119610242,18.097865623879002
17,189,12.932095708044402,18.096034088358714
17,190,12.928170820328797,18.098384205965363
17,191,12.92434301053099,18.098835118840505
17,192,12.921185587441578,18.102326952838858
17,193,12.918547223732377,18.102341792298414
17,194,12.914756746207935,18.100952945607315
17,195,12.911936319755753,18.105507525697664
17,196,12.908500449724759,18.107269133619344
17,197,12.903558134410131,18.11122178021422
17,198,12.898699111602344,18.109622600406883
17,199,12.892827535673614,18.11116750079454
17,200,12.888343107115931,18.11186497107741
17,201,12.882634210316237,18.11623121926901
17,202,12.878196109160857,18.12209286474504
17,203,12.873171451212743,18.127023913772025
17,204,12.868254247329137,18.12390202237876
17,205,12.864598713082835,18.129709798199176
17,206,12.85874508613268,18.12713240431292
17,207,12.85298565395485,18.12219431298595
17,208,12.847109848150051,18.118707585082227
17,209,12.84253016266836,18.117756030378057
17,210,12.836397763923513,18.112991400637508
17,211,12.832407365283197,18.111878183808034
17,212,12.82721248097427,18.11427403522352
17,213,12.823327032812118,18.112756890064105
17,214,12.818758534259363,18.11807766667705
17,215,12.81612591759586,18.120208823939052
17,216,12.812406006354411,18.120582110907378
17,217,12.809623139008641,18.12022250168535
17,218,12.803991047023455,18.122588426779043
17,219,12.801203954221222,18.119103176217767
17,220,12.798801441873815,18.12062467306072
17,221,12.793380625794796,18.10993352171121
17,222,12.789672456412267,18.108636478864817
17,223,12.784287236950957,18.106563613457713
17,224,12.779772196994418,18.105666474860502
17,225,12.77629018454394,18.10525591632453
17,226,12.76790187137956,18.113381352621392
17,227,12.764703939281713,18.112477205519152
17,228,12.759429042484182,18.114614546257382
17,229,12.755558867339364,18.11249128505498
17,230,12.75230985668759,18.114894418681697
17,231,12.74801498260007,18.11413650650452
17,232,12.745022330293146,18.11414535266846
17,233,12.742019833703186,18.11281571150801
17,234,12.73770528628042,18.118402202281295
18,1,19.846626860095537,25.429636577153893
18,2,19.5044831846705,25.080533245697445
18,3,19.180961681896136,24.692956920410083
18,4,18.87729806390062,24.32313279736409
18,5,18.5911336223213,23.985396379452865
18,6,18.32095887289412,23.719284992965335
18,7,18.063457593242457,23.40807598666181
18,8,17.822384791820166,23.116295981687518
18,9,17.59922969512572,22.888266120146177
18,10,17.3845237112353,22.62366064588813
18,11,17.1813779455228,22.37057057397263
18,12,16.989173056091932,22.169244333894127
18,13,16.80868197169442,21.942296939297936
18,14,16.639460538836065,21.758693180864473
18,15,16.484620980828343,21.567184643406957
18,16,16.33349732884363,21.406375338446285
18,17,16.19340697795031,21.26771233120424
18,18,16.062013844537,21.107514710169276
18,19,15.94820767281965,20.98332769463158
18,20,15.830065663871476,20.868398236274093
18,21,15.722177586335926,20.747179212706204
18,22,15.615978120067764,20.630039579197554
18,23,15.5212699827622,20.52496075947777
18,24,15.42895095124337,20.408936469895472
18,25,15.344246419861895,20.31002538038604
18,26,15.26303174878955,20.218276365983215
18,27,15.187036850592968,20.117735462994528
18,28,15.116256277092262,20.029610577861124
18,29,15.048538392612377,19.954526592158157
18,30,14.9840580251025,19.88973824805528
18,31,14.92225936459467,19.821905460309335
18,32,14.867165057547338,19.757132383606614
18,33,14.81320149046721,19.70501892203639
18,34,14.762493306532818,19.645293867154418
18,35,14.706386971121377,19.586159931322857
18,36,14.661094179945621,19.53760365963093
18,37,14.611730421692796,19.470395320055516
18,38,14.565501134994642,19.421560872595553
18,39,14.527488329042301,19.37097697062212
18,40,14.483820591734915,19.325186172023695
18,41,14.44885616271377,19.285785684129863
18,42,14.414101890560769,19.2487791487685
18,43,14.38077796464028,19.207195654006878
18,44,14.341437974849851,19.15998964947191
18,45,14.309126586076966,19.12317741964212
18,46,14.279201954106732,19.09521732098397
18,47,14.251704445172255,19.07221353958666
18,48,14.220628913917464,19.025450357996412
18,49,14.191282625348848,18.98889813465737
18,50,14.167337426967833,18.964196150317207
18,51,14.142708871779165,18.926879109304476
18,52,14.114781417325982,18.90073202175018
18,53,14.084842940696914,18.86659588603523
18,54,14.063519132934317,18.84386886106734
18,55,14.04411395433913,18.828338738006046
18,56,14.020578133580868,18.806021676258425
18,57,13.993292331493377,18.777139194966733
18,58,13.97441156426229,18.758864792821655
18,59,13.952324821911379,18.73392476175203
18,60,13.934821564403753,18.714004704412087
18,61,13.915991244289462,18.697167921493136
18,62,13.897481749513808,18.68305714409072
18,63,13.879367870441833,18.66520311343781
18,64,13.863047264510767,18.65149926526296
18,65,13.847587318931344,18.63723898863522
18,66,13.827851514338171,18.614724429114165
18,67,13.812842537564958,18.603955732519257
18,68,13.800212074287778,18.595672098772166
18,69,13.78573675381571,18.5786871713437
18,70,13.771252996386236,18.565375972849235
18,71,13.758676909328445,18.55674259690328
18,72,13.743991602062989,18.538010722256043
18,73,13.730970078175629,18.527975411213426
18,74,13.720614938015572,18.520129404121978
18,75,13.7062120161087,18.519860275723165
18,76,13.693546983436262,18.51359423356652
18,77,13.678571173877916,18.476880734139726
18,78,13.666932068718825,18.467799728185458
18,79,13.656194970752656,18.46374914789923
18,80,13.6422622648963,18.453739049450242
18,81,13.629033260288555,18.447149185236075
18,82,13.61590383413398,18.438272540238632
18,83,13.60315618487025,18.40022004949291
18,84,13.592018756545142,18.394969026206972
18,85,13.57868576815664,18.38661250465436
18,86,13.566655242733775,18.377113907335342
18,87,13.55582880147004,18.376352767968644
18,88,13.543914544985443,18.36840670603388
18,89,13.534104670893903,18.37339156910856
18,90,13.523044417556084,18.36535322993521
18,91,13.512994361673412,18.3570766499966
18,92,13.50393433217294,18.350840230140538
18,93,13.49283223292414,18.292872792249966
18,94,13.482975148765068,18.286078454760393
18,95,13.47342976130179,18.280925748329366
18,96,13.462947176220062,18.276870745893454
18,97,13.453083728296619,18.272669587055685
18,98,13.445496650789797,18.27219102852762
18,99,13.437288760576694,18.268135826094316
18,100,13.428124267363467,18.256668749478727
18,101,13.420607684341462,18.248180066432703
18,102,13.410734587182464,18.24366693587092
18,103,13.402969845532544,18.243455007791297
18,104,13.394288403255077,18.240463051886145
18,105,13.38462813938561,18.213744596946235
18,106,13.376588948686885,18.21222938438264
18,107,13.368321381044561,18.206568224762552
18,108,13.361522101817595,18.20332457999714
18,109,13.354355463926163,18.19127657746985
18,110,13.347246788728036,18.186094642888055
18,111,13.339578613958079,18.183414199104025
18,112,13.33109254286777,18.175381286118682
18,113,13.323744576839914,18.171350677408714
18,114,13.317585969650654,18.165641606148682
18,115,13.310148350733908,18.163821369486687
18,116,13.302284958534415,18.17024455162629
18,117,13.293537263520376,18.169451758473528
18,118,13.285444805883946,18.16780528599865
18,119,13.279179543768477,18.160607864105106
18,120,13.272546015996342,18.159610686976997
18,121,13.266444089519334,18.169387492418924
18,122,13.25992253636056,18.170914452071173
18,123,13.253481464949125,18.16658185918154
18,124,13.244447033853355,18.16894080873536
18,125,13.237871592236873,18.163963562860506
18,126,13.230074942428798,18.1632356589752
18,127,13.223663081328846,18.157888285543827
18,128,13.216107799815441,18.14689761858062
18,129,13.210695051523372,18.14013605519942
18,130,13.20455024729909,18.14028133783926
18,131,13.197648663958166,18.135701172494123
18,132,13.191526992343542,18.128703886073144
18,133,13.184712888959098,18.139469295349137
18,134,13.176955491468023,18.132206742566613
18,135,13.171773237338805,18.13118292300095
18,136,13.167119908836073,18.12939290533728
18,137,13.159285717731674,18.130202579019333
18,138,13.153883616265192,18.133131545366012
18,139,13.147363650756681,18.128980511533257
18,140,13.14131942173742,18.123325402785234
18,141,13.13458557128664,18.11878834411013
18,142,13.129219798384748,18.117827216849992
18,143,13.123448149960202,18.12861758255187
18,144,13.116697950606214,18.12816461853964
18,145,13.111556781000088,18.12870144458908
18,146,13.106389213883,18.129676263787715
18,147,13.100610367312147,18.126912987098557
18,148,13.096965569992989,18.1240471230859
18,149,13.093347089892955,18.12157295616081
18,150,13.090220804130485,18.118670754351278
18,151,13.085260269613647,18.11783863893083
18,152,13.079433157670838,18.111978681390926
18,153,13.074789269470003,18.109557176410203
18,154,13.069066674065718,18.104022138956896
18,155,13.063811965268377,18.106826214675884
18,156,13.057744273308824,18.1026975530617
18,157,13.052820272361318,18.101605808740175
18,158,13.047810796379798,18.10457647193058
18,159,13.041894372618668,18.098587125388768
18,160,13.037701975218742,18.0984474990784
18,161,13.03297177425721,18.10736944043552
18,162,13.029173196332033,18.10556225056038
18,163,13.025941674022652,18.095515266962472
18,164,13.021384461893883,18.09728292676402
18,165,13.016054634253646,18.10681789570106
18,166,13.011281343784894,18.108333407728686
18,167,13.005920163040036,18.108742254785614
18,168,13.000681946574177,18.106221043197465
18,169,12.99573171920287,18.105395557791596
18,170,12.991736044115198,18.105725330751383
18,171,12.98560402775143,18.10245649997013
18,172,12.981494890483853,18.104931514446704
18,173,12.976832909117508,18.103149501510682
18,174,12.97305134369109,18.102549730623828
18,175,12.966690323049384,18.10422978702341
18,176,12.961374244384297,18.100164507938782
18,177,12.95620069779783,18.09658025399957
18,178,12.95216322996614,18.094279919810965
18,179,12.947197455184394,18.094758285017548
18,180,12.94308826318782,18.08616788778389
18,181,12.937655368656456,18.087216121879116
18,182,12.932771552984038,18.086393671379792
18,183,12.926100372908342,18.088764105718887
18,184,12.921937310787188,18.088224982986414
18,185,12.917107729785776,18.088183908585748
18,186,12.911861118945307,18.091068129708194
18,187,12.908594880202656,18.092000340286457
18,188,12.903244949646494,18.090889917328422
18,189,12.899958161870241,18.094373227541734
18,190,12.895849926031188,18.090716585408824
18,191,12.892150075054067,18.08869458458034
18,192,12.888577745319475,18.09309110985052
18,193,12.883651009213121,18.08860404504141
18,194,12.874287444979975,18.092260814900662
18,195,12.871016571803944,18.091031157113438
18,196,12.868124436373924,18.089780146835416
18,197,12.8645594971258,18.08735906260489
18,198,12.861605170846268,18.085330804554886
18,199,12.856657559195769,18.087030375805806
18,200,12.853080484107023,18.084904842971028
18,201,12.847866836635767,18.089648362540657
18,202,12.84411108792424,18.093042077443325
18,203,12.839298641209192,18.09672295956631
18,204,12.834421232692318,18.097615644992086
18,205,12.83120876847972,18.08863525427228
18,206,12.827642092924673,18.086479195092657
18,207,12.821830372014581,18.085453721808587
18,208,12.817043096606712,18.09152996337671
18,209,12.81395712332363,18.093899773294016
18,210,12.809920425889457,18.09100949511095
18,211,12.806001644635401,18.09167041063666
18,212,12.803287143969555,18.094362918783034
18,213,12.799326784837996,18.09186808861482
18,214,12.795758703974137,18.089229831114825
18,215,12.79247035251236,18.09278096794492
18,216,12.788279309305585,18.093116974691394
18,217,12.785589720580857,18.096145066564734
18,218,12.782113794652664,18.095987717922526
18,219,12.779483412275217,18.093085408698247
18,220,12.77670258948615,18.096084015473842
18,221,12.77094054467122,18.084754664715074
18,222,12.76846782532154,18.085064233544983
18,223,12.762650609560998,18.08476505562967
18,224,12.759693427664656,18.08619666687607
18,225,12.756549753001739,18.089119947282807
18,226,12.752640867052023,18.093257407924465
18,227,12.749644525555523,18.09188805016375
18,228,12.744760387806904,18.089998788655333
18,229,12.742438702103986,18.087297184350216
18,230,12.738783688517676,18.08611909946704
18,231,12.735099747001557,18.089794047337563
18,232,12.73116303592487,18.087588901977487
18,233,12.727876310533452,18.087635990712926
18,234,12.722833833981932,18.08512302025137
18,235,12.719194641102538,18.085083503303544
18,236,12.713848714154397,18.085828614723713
18,237,12.711035486099721,18.086956674165748
18,238,12.702251654073867,18.09124470905201
18,239,12.698956767593707,18.093582303681206
18,240,12.69551686207761,18.090451973414638
18,241,12.693102277160706,18.092580496875854
18,242,12.690773301173596,18.090472773965942
18,243,12.684560704733387,18.098137738685203
18,244,12.679496844538637,18.094319626591172
18,245,12.675917435008744,18.09556274083131
18,246,12.670844116945073,18.09743184202978
18,247,12.66701342367664,18.09333452357416
18,248,12.664234261961276,18.092309377584694
18,249,12.661041241996358,18.093538608394674
18,250,12.65871574940295,18.091227101550214
18,251,12.65679995045125,18.091567749670567
18,252,12.654543991139743,18.088764040584653
18,253,12.6502357056388,18.085240032756335
18,254,12.645763357437922,18.086500087513425
18,255,12.641592978799723,18.084354568564326
18,256,12.638837755963852,18.082898294963893
18,257,12.635302072763928,18.08138722161056
18,258,12.63230165986544,18.076691707337016
18,259,12.626887855850713,18.079477488911376
18,260,12.621487883776142,18.081348477171407
18,261,12.615028584820841,18.085375264682703
18,262,12.61056333189428,18.08730716778732
18,263,12.606269497571288,18.09003422355713
18,264,12.602454193374474,18.094746242825618
18,265,12.599003688235788,18.09827890693295
18,266,12.5934681483444,18.09196395999619
18,267,12.590594074282299,18.09252985816901
18,268,12.587218086768976,18.092078046831197
18,269,12.58505734008722,18.095772288591977
18,270,12.57930360118294,18.09988155553117
18,271,12.576551800645376,18.10200739797953
18,272,12.572601513296254,18.100710381519818
18,273,12.568840056535862,18.104000913573536
18,274,12.56591114256103,18.102581084373178
18,275,12.563556532973163,18.100159878983664
18,276,12.559239629421512,18.10040809513501
18,277,12.55480623318947,18.102063709967975
18,278,12.55143471112889,18.104074610552875
18,279,12.549510104253534,18.10152886469448
18,280,12.5455858834598,18.102896820620977
18,281,12.542724108363528,18.10527195615407
18,282,12.537792677203154,18.10564294540536
18,283,12.532003177381405,18.11001183000801
18,284,12.527928039698084,18.10518294204071
18,285,12.523354556427362,18.102545152628192
18,286,12.520443411972707,18.10231567453221
18,287,12.516814252406768,18.101875718358265
18,288,12.511228444515728,18.102659844557284
18,289,12.507656678969056,18.103211818615602
18,290,12.503662293370585,18.1072321802039
18,291,12.49944040536701,18.11326400929999
18,292,12.49498893257484,18.11500242728343
18,293,12.489623407389242,18.113603543833342
18,294,12.486363688099571,18.111566461787007
18,295,12.484336462389086,18.11274386369478
18,296,12.479905349870513,18.111953269497675
18,297,12.477444106487459,18.112518996927538
18,298,12.4739610608603,18.111831619821896
18,299,12.468861326227058,18.11488918830265
18,300,12.464797243698866,18.1166517873836
18,301,12.460496328314834,18.117206563324366
18,302,12.457810598391433,18.11811677423453
18,303,12.454315089322495,18.118876755722393
19,1,19.85402708579421,25.44357280389664
19,2,19.51779996447774,25.04856425128062
19,3,19.198764224186515,24.66326194160692
19,4,18.90068462966573,24.351916092569194
19,5,18.616147629698805,24.068102132027235
19,6,18.35009253215675,23.759915255232762
19,7,18.095328982009338,23.500789436230146
19,8,17.85958716056928,23.26466931351414
19,9,17.639274402355962,23.00875989483819
19,10,17.426678701914003,22.753115233043694
19,11,17.22485715912481,22.498948447846924
19,12,17.03790082729464,22.305002846973384
19,13,16.858789485941468,22.12203751058648
19,14,16.69230822820795,21.90965091635691
19,15,16.53700109198512,21.71413400488481
19,16,16.389175158176233,21.53592089259363
19,17,16.252498192358747,21.391080148817334
19,18,16.121827704043586,21.23022851504334
19,19,16.003667850534704,21.111649014812254
19,20,15.88430396277336,20.99165301921936
19,21,15.77671900655604,20.878037153854443
19,22,15.669973445834813,20.756626000456638
19,23,15.575018779930584,20.644957339857854
19,24,15.483051782974028,20.551866267456735
19,25,15.394666797497294,20.463302416772407
19,26,15.3137081555712,20.364458515809606
19,27,15.236689916199692,20.273088436703404
19,28,15.163389221299763,20.199024032756522
19,29,15.093681402287432,20.102813467259743
19,30,15.029906731102718,20.004873352015856
19,31,14.965325983840245,19.934941700994724
19,32,14.907729063163815,19.85993374658496
19,33,14.853601061786964,19.797494742927
19,34,14.796842992740283,19.730758585792806
19,35,14.742147510502983,19.671007216263167
19,36,14.696316182212652,19.626145865305254
19,37,14.64847881379847,19.573339219337342
19,38,14.605170585751003,19.528754068540408
19,39,14.56771990401503,19.479588685752944
19,40,14.525896830068234,19.4322968492976
19,41,14.490959938223247,19.391937891530464
19,42,14.454834789574699,19.355305235689062
19,43,14.421928500579302,19.316844145490425
19,44,14.384600803443604,19.26079784390647
19,45,14.352854912758549,19.228562522645728
19,46,14.323357828240319,19.19754353830533
19,47,14.297072096172505,19.161256056856207
19,48,14.264249494312923,19.103779175542105
19,49,14.23575342860853,19.07273887678348
19,50,14.211441258123939,19.045601854576613
19,51,14.189430719708403,19.012138377209542
19,52,14.165129531778392,18.97314218875818
19,53,14.139747789667783,18.94104942515004
19,54,14.11755867584047,18.91642143272407
19,55,14.09600581719891,18.897091136790117
19,56,14.076638488291286,18.870386750476214
19,57,14.058580476035948,18.851459027492165
19,58,14.03814814718522,18.825858111958908
19,59,14.017502326000486,18.794698248789807
19,60,14.000466316599406,18.780726383679813
19,61,13.984091169918086,18.767984065729827
19,62,13.96476940760825,18.755101570649426
19,63,13.949962543241154,18.73762595957497
19,64,13.933730587848466,18.721965549460865
19,65,13.917443281970478,18.702197515327786
19,66,13.896803776035524,18.679723342346826
19,67,13.882037326021713,18.669151836388345
19,68,13.868653773161174,18.646301128980788
19,69,13.853262296680867,18.62911600606357
19,70,13.842317252901314,18.61834257662418
19,71,13.829005584185943,18.60890782148938
19,72,13.814537254427025,18.597199872363888
19,73,13.80054190838029,18.587749324546373
19,74,13.786413808074384,18.578594509816092
19,75,13.773257711562142,18.574614007657736
19,76,13.759804242731281,18.569191232901517
19,77,13.745711417920859,18.533207803832727
19,78,13.733636645995494,18.522904961147425
19,79,13.719646243668434,18.489530188922053
19,80,13.706578172007355,18.470573365275555
19,81,13.695231521148148,18.45446729407681
19,82,13.685271289143548,18.456393410100816
19,83,13.67469692511014,18.451176719387007
19,84,13.664935438956729,18.448397180207248
19,85,13.6553724114999,18.446436895812084
19,86,13.64254451336263,18.4352596378202
19,87,13.633381434422242,18.43263630639532
19,88,13.619737299636025,18.42402322410176
19,89,13.608780160533852,18.416328897259604
19,90,13.598033747968598,18.415606158723584
19,91,13.586554827623392,18.38048651098671
19,92,13.576130659820361,18.3804095923093
19,93,13.565370498165741,18.37074752122801
19,94,13.555483354210454,18.364158783050716
19,95,13.543545090002308,18.356955081434737
19,96,13.534874487787533,18.32497792181312
19,97,13.525737103882205,18.31799080733872
19,98,13.51703771221093,18.31086955581881
19,99,13.50807847687135,18.30431211141249
19,100,13.499709791511329,18.289205762351006
19,101,13.490541873472363,18.285768810935007
19,102,13.481329368274555,18.262518020507173
19,103,13.472384474192657,18.261247164948553
19,104,13.465602981198979,18.25620599258066
19,105,13.457770581295952,18.253824432514698
19,106,13.450503420635128,18.25038896931021
19,107,13.442187673607528,18.247370022761377
19,108,13.436135747567205,18.243448659711174
19,109,13.429180761481284,18.236417566592586
19,110,13.421672142286681,18.243157523260603
19,111,13.414034063466381,18.22949943418477
19,112,13.405564813763714,18.233742285439316
19,113,13.398173229419816,18.228880496851815
19,114,13.391030285067245,18.228834724588317
19,115,13.383553037339565,18.226634068950474
19,116,13.375953708583268,18.218456689159893
19,117,13.369824350460043,18.207581830169744
19,118,13.363818858191753,18.19189073326141
19,119,13.354540186720739,18.1912941428004
19,120,13.34760990207195,18.194615630745872
19,121,13.341148044539404,18.19334388766375
19,122,13.333823137009304,18.19672620168603
19,123,13.326790793603479,18.190554194263328
19,124,13.319931318035172,18.190403677596287
19,125,13.314106305556422,18.185974202558977
19,126,13.30544820009617,18.185838606569632
19,127,13.300904548324414,18.183636742481763
19,128,13.292659071947492,18.161254168560685
19,129,13.282912083836532,18.159640903735678
19,130,13.275262546939214,18.170905294597784
19,131,13.268807348160719,18.170678616571394
19,132,13.262771764556248,18.170921018841813
19,133,13.257388469350634,18.165799184603234
19,134,13.249876129339437,18.161626016088476
19,135,13.245598305577412,18.160596566934906
19,136,13.23996005544141,18.151716051912025
19,137,13.231666226642183,18.14953574410013
19,138,13.224521104539939,18.145892765810423
19,139,13.217286648764588,18.143396670452983
19,140,13.208751659463617,18.144762313691924
19,141,13.204593084665122,18.14375897990925
19,142,13.196883246377041,18.143181583173757
19,143,13.190034285024451,18.15325112943654
19,144,13.18261206030706,18.156600489925935
19,145,13.178729050359891,18.156383772407654
19,146,13.17406898850933,18.151641715033378
19,147,13.168896233292992,18.148787084002795
19,148,13.162511951589646,18.158258347236494
19,149,13.156379491775379,18.15280242351166
19,150,13.152240890384514,18.151585715905338
19,151,13.147057679582101,18.15220419626193
19,152,13.140108967533898,18.152147612038508
19,153,13.135865971203,18.14931598803739
19,154,13.130094737209218,18.15854941214363
19,155,13.12516589639359,18.158327439274466
19,156,13.120940587835825,18.155400938910446
19,157,13.116072393143586,18.150145884315926
19,158,13.110236706157881,18.161130196948378
19,159,13.10379404705565,18.16152395735432
19,160,13.099059361145427,18.15554129728637
19,161,13.09385251715366,18.164354952387896
19,162,13.088599974692004,18.15783177804408
19,163,13.08565428555611,18.158277999118145
19,164,13.080725370036225,18.157710270366653
19,165,13.075599233293223,18.16872729082293
19,166,13.07116044716999,18.169476522434618
19,167,13.067589337326881,18.16664740221539
19,168,13.062215683299733,18.164551846014643
19,169,13.057301715443836,18.1632615234329
19,170,13.053275010236526,18.160431244662515
19,171,13.048552042490199,18.158672582369412
19,172,13.045057082571509,18.159842399518254
19,173,13.03983972227625,18.155114345846957
19,174,13.03499079333018,18.14665776745543
19,175,13.028440930411824,18.148255835451206
19,176,13.023990741135412,18.146849973837725
19,177,13.017826207507861,18.129170989188104
19,178,13.00684658219611,18.129418668248075
19,179,13.000466721879766,18.124965325108164
19,180,12.995813088328502,18.1166080346731
19,181,12.99049180700471,18.119407706320764
19,182,12.984735200329514,18.118046661345694
19,183,12.979066104698564,18.119469419483867
19,184,12.970968715615088,18.11162211824206
19,185,12.966142677127426,18.111887667167444
19,186,12.960805968764515,18.112836696747745
19,187,12.957260698903733,18.123544319563194
19,188,12.953888073115241,18.1245713243559
19,189,12.95042441351301,18.12270499754639
19,190,12.945471412031546,18.11754055557026
19,191,12.940907205394744,18.11932649213291
19,192,12.935397950003985,18.117295767883157
19,193,12.93208716765847,18.12060405359214
19,194,12.922140430957208,18.126166179050493
19,195,12.919272131586835,18.13038441791584
19,196,12.915700156015552,18.13062091062146
19,197,12.91026770488377,18.126014511196907
19,198,12.90543158309676,18.126724488091956
19,199,12.901646999109834,18.127073081965865
19,200,12.897862321871736,18.12344114801608
19,201,12.890859592796508,18.130314187850903
19,202,12.885208101096039,18.131213378081057
19,203,12.881080218701946,18.134112924064514
19,204,12.877709698209832,18.13935645829919
19,205,12.87304242371728,18.138340405267332
19,206,12.8693345612217,18.136157582784392
19,207,12.863755049189825,18.135190708956298
19,208,12.858904172691531,18.14224640310985
19,209,12.853611702766397,18.13823806806239
19,210,12.846146231808872,18.133786440802236
19,211,12.841748403562868,18.136301636091478
19,212,12.837125538588005,18.14177049741585
19,213,12.831993884189728,18.12687076043169
19,214,12.82833072233925,18.12673722785171
19,215,12.824773581585443,18.127925186179077
19,216,12.820376528598366,18.128256341865548
19,217,12.81800327829185,18.127749531089897
19,218,12.81133750692922,18.129840554163163
19,219,12.808112414047129,18.13154336372343
19,220,12.804938484264365,18.13488928723862
19,221,12.800129888830087,18.132301048447797
19,222,12.7969451236554,18.13140959480249
19,223,12.793217991095128,18.13202048547448
19,224,12.789388311764236,18.129026086165545
19,225,12.786128354503868,18.12984377895299
19,226,12.78153399680801,18.13015781758595
19,227,12.778508463739518,18.130305321762062
19,228,12.77572464734414,18.12814042083372
19,229,12.77245278746242,18.128526923677263
20,1,19.848878559466357,25.378010696344163
20,2,19.50819606517413,25.034528923638078
20,3,19.18334914955507,24.646046342474325
20,4,18.88019120976389,24.292784334428713
20,5,18.594362465631338,24.00075470100652
20,6,18.32851716265315,23.692544347981
20,7,18.072576044353916,23.38755335315406
20,8,17.83196561493359,23.129990038517278
20,9,17.607257423553033,22.858783045609044
20,10,17.39463962442853,22.60163417689513
20,11,17.197519576274093,22.407080884936292
20,12,17.012641460344973,22.22373394405019
20,13,16.835711736586497,22.01088849307289
20,14,16.666749990478568,21.83339189493001
20,15,16.509896619716145,21.66207496553463
20,16,16.36139294113803,21.5130036619006
20,17,16.223308160880006,21.375883160579544
20,18,16.092911182983034,21.241394291568064
20,19,15.968344627429333,21.122147679612073
20,20,15.85276932879139,21.00783971036762
20,21,15.743119579130465,20.888158605471418
20,22,15.638090143495175,20.75885207293484
20,23,15.539270349383248,20.651246086152412
20,24,15.448945460761033,20.537126916811495
20,25,15.363411662938727,20.441884626116902
20,26,15.282108161306162,20.351361966762322
20,27,15.207146417124541,20.26365226612154
20,28,15.134111072495726,20.191546612414346
20,29,15.065424828193564,20.117662019212638
20,30,15.001532653525347,20.02763652491427
20,31,14.937464705319584,19.955144702586036
20,32,14.881552305585116,19.88300592911302
20,33,14.827210100580858,19.824504354822167
20,34,14.771989375259722,19.758619842297826
20,35,14.72255590930276,19.71295525376379
20,36,14.672894199439844,19.657728826235708
20,37,14.629382409386098,19.6189161636727
20,38,14.587301857951758,19.561502541853034
20,39,14.54830749973053,19.518412809957145
20,40,14.507263024191975,19.462863657559407
20,41,14.467744507231352,19.411558139207184
20,42,14.431497591946572,19.382256748997225
20,43,14.399663817789772,19.342950900612482
20,44,14.364277733570322,19.28649991077992
20,45,14.334050542857899,19.25489432690047
20,46,14.305731865171788,19.22200186302179
20,47,14.27878514165393,19.185050621582004
20,48,14.248286780257498,19.1481648135432
20,49,14.223754915284351,19.10700260425978
20,50,14.200390298717782,19.079393668212774
20,51,14.179232954983938,19.05328004237413
20,52,14.156219518171117,19.019480912820445
20,53,14.133084351140978,18.987021763308864
20,54,14.111732902248805,18.960887504888472
20,55,14.090272958458348,18.940921397172044
20,56,14.069977350267473,18.923019030458246
20,57,14.04568261490376,18.89609243973608
20,58,14.025518143760072,18.868997801548772
20,59,14.005569505625264,18.848094764803808
20,60,13.983869275997517,18.823725676396403
20,61,13.967122232678705,18.810936378218994
20,62,13.949515063477032,18.797826619099673
20,63,13.9362416835039,18.78289186299349
20,64,13.921196121651686,18.77547061342822
20,65,13.907630986621404,18.76248984985074
20,66,13.891793673932302,18.74673543598836
20,67,13.87790783254796,18.730210876065634
20,68,13.86377556263138,18.71068843577986
20,69,13.849910580621883,18.695486152616834
20,70,13.837285046142702,18.682617869317696
20,71,13.824641032782266,18.668846570637392
20,72,13.811480407363206,18.653779537350886
20,73,13.798859881134215,18.645114647426627
20,74,13.785571195185176,18.63391816737101
20,75,13.773374971476814,18.63047072429821
20,76,13.762089093339723,18.615716258839818
20,77,13.74821359578156,18.565442245393168
20,78,13.737685977605027,18.554669055217367
20,79,13.724630810897018,18.52520502777796
20,80,13.714924014607698,18.518076812441436
20,81,13.701580024357774,18.47946622259788
20,82,13.692824390149912,18.470877800692396
20,83,13.681149605166489,18.42143258746538
20,84,13.668992324570953,18.414756900998086
20,85,13.659017168344661,18.399888845578992
20,86,13.649044395578708,18.39078867750752
20,87,13.639623972240338,18.391493515900976
20,88,13.630988674817141,18.387382790738183
20,89,13.621328206353772,18.380602812685684
20,90,13.612865976307065,18.376572933323345
20,91,13.601314938676772,18.381616877489957
20,92,13.591250825761055,18.376563196422172
20,93,13.583852582297252,18.36725852628612
20,94,13.575922706534325,18.359207837623448
20,95,13.565596029679234,18.340912992046167
20,96,13.557033671820292,18.332421038552607
20,97,13.548316840271658,18.330023590005478
20,98,13.541552683301656,18.326291713702833
20,99,13.533524534896987,18.338087181815826
20,100,13.525062439122618,18.335516563105173
20,101,13.518136760423955,18.33140310383139
20,102,13.507996381651756,18.312913296799383
20,103,13.496397267352744,18.30593513650403
20,104,13.489328736879658,18.302112261180675
20,105,13.479200384365246,18.277602652255624
20,106,13.470668444119152,18.258432283884755
20,107,13.462424778234439,18.25263679943558
20,108,13.455361055060518,18.25367692437818
20,109,13.448771969534507,18.24794684343835
20,110,13.437879820289318,18.24348247428304
20,111,13.429916340414888,18.229443656252943
20,112,13.42145600451418,18.23071514825304
20,113,13.414452425731493,18.220198665954953
20,114,13.405443624292664,18.216354937707038
20,115,13.398266302954479,18.216238879266744
20,116,13.392536098666232,18.21139071144566
20,117,13.384956250392893,18.20381587341611
20,118,13.378251490598213,18.204655624875144
20,119,13.37314528215543,18.200406321115466
20,120,13.365458415908794,18.195081751192706
20,121,13.357963273651206,18.195997867138644
20,122,13.349478888730092,18.19270658114812
20,123,13.344168516448049,18.18956938500538
20,124,13.338824592532205,18.183593268340402
20,125,13.332931465084197,18.186106156931153
20,126,13.323664748866877,18.185443959261217
20,127,13.318212036880942,18.182937239632327
20,128,13.310773717516772,18.17551312030929
20,129,13.301444535990726,18.173690709421887
20,130,13.29490971677371,18.172985695454532
20,131,13.28833795578413,18.17012176728508
20,132,13.28341408741599,18.170266730027947
20,133,13.277233027095024,18.164298670529522
20,134,13.270096800635505,18.161968117927525
20,135,13.264275551705834,18.162948488900795
20,136,13.258135906709585,18.156161059219112
20,137,13.249658745452958,18.152453923758593
20,138,13.243673729583113,18.159816052179785
20,139,13.237759216519333,18.1547548586782
20,140,13.22879558957414,18.154935521405108
20,141,13.222597686589099,18.150886942579156
20,142,13.216484123804602,18.15312587384407
20,143,13.209400789480698,18.161727729549142
20,144,13.201571055709453,18.158177711618293
20,145,13.197263625654626,18.156593258210155
20,146,13.191867813194982,18.155807955935508
20,147,13.186209040240223,18.153714114285307
20,148,13.182758024192125,18.153290150607585
20,149,13.177443770162823,18.152344345148364
20,150,13.172493040075787,18.15075125250049
20,151,13.167443509565617,18.15834316785069
20,152,13.16088232710068,18.153058178180952
20,153,13.156001273581044,18.14889628807965
20,154,13.151500285346522,18.147473706241502
20,155,13.147249934431283,18.141898256554956
20,156,13.14132208086068,18.14045440912639
20,157,13.135287196090502,18.149853408112385
20,158,13.128975303104317,18.152585586057512
20,159,13.125217226181126,18.15429790880821
20,160,13.116071395612487,18.159422232811227
20,161,13.11038284877003,18.171448157048022
20,162,13.105426508006195,18.165794977751215
20,163,13.101840923543138,18.158688318904442
20,164,13.097025055313276,18.15923762893991
20,165,13.093049177614535,18.159168945687128
20,166,13.088814712333214,18.16205395077683
20,167,13.082978291755355,18.15891438460368
20,168,13.077840692908529,18.15641751329541
20,169,13.072489069464499,18.153935291271974
20,170,13.068941867573098,18.151650495002084
20,171,13.06282067772487,18.14371640117236
20,172,13.057357605738378,18.14864874452932
20,173,13.053550619532299,18.151314358774393
20,174,13.048917766806161,18.14658134959856
20,175,13.04233603749794,18.149018399953967
20,176,13.037116580946153,18.146353973974062
20,177,13.032797441712829,18.145741014474357
20,178,13.029447718539219,18.14603796525534
20,179,13.026058761331441,18.14625604354089
20,180,13.020083092822022,18.14206432247794
20,181,13.013183864234996,18.147860806363088
20,182,13.00847779567965,18.145540148710438
20,183,13.002981957913418,18.14370049798643
20,184,12.998763077229869,18.140580144668508
20,185,12.993075716104428,18.145381727955268
20,186,12.98834718938672,18.139416579604557
20,187,12.986212817127392,18.13865753855786
20,188,12.983073070410232,18.128987274405077
20,189,12.977258170596627,18.12982849516799
20,190,12.97290716770987,18.122853597502214
20,191,12.968222854454039,18.1113684622666
20,192,12.963941232408626,18.106912428662294
20,193,12.961108083255809,18.107125012764705
20,194,12.956971878701225,18.105611590321935
20,195,12.953608386838365,18.1115257098843
20,196,12.950676807243998,18.11048096405686
20,197,12.945750364229928,18.11044092775298
20,198,12.940059114109207,18.108958188440624
20,199,12.936081942997676,18.110262457747684
20,200,12.93127578413936,18.104424112696012
20,201,12.926173117471118,18.105202432148786
20,202,12.920329677200522,18.104833777504737
20,203,12.914595187581144,18.108699712000877
20,204,12.91088797501877,18.114361405400647
20,205,12.907241966576922,18.11674176612547
20,206,12.90331587701149,18.117909696069418
20,207,12.897867841721949,18.116469929997127
20,208,12.894287628271135,18.122503042441018
20,209,12.88957003956176,18.119740403229187
20,210,12.886598642803715,18.11796013582336
20,211,12.882522472926226,18.117446456091724
20,212,12.877473772388175,18.117498241925592
20,213,12.874649291503871,18.116479968781015
20,214,12.870158183903328,18.11634925137715
20,215,12.866680451367744,18.117755608732423
20,216,12.862011727890739,18.118630094198384
20,217,12.85885169252497,18.12507623230659
20,218,12.853197626600787,18.129097713572904
20,219,12.850469476798015,18.128593552821094
20,220,12.845618365387097,18.13065635135091
20,221,12.841101944077778,18.13148784069473
20,222,12.838149314247612,18.130449095391842
20,223,12.834953391549877,18.129554280814794
20,224,12.83134822449832,18.12412056002845
20,225,12.827552360234996,18.134846153615577
20,226,12.825180688797445,18.135785032211007
20,227,12.820804954923881,18.13320596859403
20,228,12.815068882268092,18.13291433509991
20,229,12.810793721529215,18.137182510712428
20,230,12.807756640191998,18.136986226062763
20,231,12.804569395662371,18.136760942619723
20,232,12.801256803982426,18.13632364509052
20,233,12.796561220682479,18.135240226704386
20,234,12.791341924093377,18.132957416920558
20,235,12.787647638470741,18.134399935515674
20,236,12.781939876757871,18.13479535342792
20,237,12.779284983546916,18.133716815904037
20,238,12.773056700568954,18.137997494088893
20,239,12.770019722565213,18.137335820469143
20,240,12.766170140777366,18.133179935105375
20,241,12.760344656506106,18.13753858953458
20,242,12.755084935070203,18.140025554120587
20,243,12.7515765078569,18.143644488476802
20,244,12.74608145819418,18.140287260691345
20,245,12.74286473720389,18.142718211624473
21,1,19.843360063501564,25.441711429977502
21,2,19.498486131466112,25.08979292368216
21,3,19.17006934930427,24.74622076143454
21,4,18.863581311858233,24.4234508136399
21,5,18.574165171692712,24.129358176012342
21,6,18.3038437684364,23.803311504296673
21,7,18.045287644967487,23.491357426422603
21,8,17.801749346894848,23.22668263018656
21,9,17.57371984779385,22.95270351685965
21,10,17.358744317626996,22.68830816371794
21,11,17.158210340266663,22.489107912768592
21,12,16.969957703889197,22.28857262930272
21,13,16.790225298458182,22.068437639324973
21,14,16.618926924734037,21.885223499664576
21,15,16.460765984558716,21.70544096380961
21,16,16.31081338713993,21.550502793454836
21,17,16.169816451999896,21.412740126317416
21,18,16.038345592922035,21.244618996691838
21,19,15.912653901256986,21.129573901649263
21,20,15.795854760968503,20.992651390034847
21,21,15.684615754380408,20.883337907166045
21,22,15.58119466210074,20.78103169159829
21,23,15.48180362260228,20.67906065885862
21,24,15.389901415323488,20.560800851218865
21,25,15.303040632366697,20.472752518106176
21,26,15.219008690706662,20.394997113946175
21,27,15.14248906152281,20.295337969361672
21,28,15.067216795402436,20.215186040826396
21,29,14.996283474074632,20.138687220716236
21,30,14.933878029010996,20.067652817814405
21,31,14.871260623301108,19.98118682403785
21,32,14.81252641271633,19.910887587136898
21,33,14.760123210040636,19.840183534263836
21,34,14.70750785333434,19.784388323520844
21,35,14.657571669268847,19.72837302324113
21,36,14.613023056130643,19.67451756199284
21,37,14.571345597631728,19.63242637355413
21,38,14.529846412480858,19.576626458699277
21,39,14.493069152192518,19.531900259515535
21,40,14.451794128116877,19.491373241132386
21,41,14.412588057237588,19.443155205785125
21,42,14.379796117592525,19.406020610647097
21,43,14.347706945693577,19.36394851158052
21,44,14.315155517479067,19.326944381665392
21,45,14.285434148745976,19.295200336271677
21,46,14.257217819558665,19.261306255764104
21,47,14.230583685152924,19.22867955961399
21,48,14.201650398834197,19.16208602341171
21,49,14.177495581799857,19.133869506426088
21,50,14.153626412330453,19.10924853998194
21,51,14.132194739050998,19.082944836699554
21,52,14.109269155940567,19.054923369865836
21,53,14.086158341905682,19.020893364262044
21,54,14.067410576110115,18.99808508100473
21,55,14.048732259694576,18.972875081595554
21,56,14.030906002298178,18.946723467428725
21,57,14.013926774605746,18.92933397055239
21,58,13.993846306238261,18.90081110335541
21,59,13.977373949808044,18.84883755005085
21,60,13.957352613425874,18.824484124684975
21,61,13.942017410691836,18.79514845353064
21,62,13.923648856384535,18.775449399258907
21,63,13.908322589546477,18.761252171543436
21,64,13.895257875088143,18.74952327765704
21,65,13.880454213954163,18.73696801531488
21,66,13.86429055239892,18.722687399945233
21,67,13.850782143251227,18.70816872369286
21,68,13.836931365666521,18.704561272575095
21,69,13.82449330130114,18.69807861477377
21,70,13.808665656865584,18.68356694288189
21,71,13.792691923876715,18.680275872675843
21,72,13.780415130008254,18.657322869183822
21,73,13.766719769812012,18.650457730628332
21,74,13.75504906255153,18.642778127883737
21,75,13.743003405832422,18.641033622788658
21,76,13.730718502513819,18.626348648291156
21,77,13.720750747028324,18.611056434492642
21,78,13.709476093235713,18.596077514492833
21,79,13.698427660006173,18.586703368683615
21,80,13.68722916654291,18.581272688799945
21,81,13.67632911254684,18.566422606405343
21,82,13.66633138246377,18.555551209392778
21,83,13.654106770017632,18.5258292673415
21,84,13.643642456734407,18.515166275736906
21,85,13.634849058747088,18.503214443286065
21,86,13.624704749696557,18.503585927157832
21,87,13.61286509922357,18.495403790915283
21,88,13.603447987951357,18.4892534668412
21,89,13.593575026564771,18.481377875231427
21,90,13.584034532510055,18.474645158038406
21,91,13.573413413222244,18.44977634425878
21,92,13.56271278782715,18.444311589960964
21,93,13.551755432408706,18.42291907927905
21,94,13.54304762510707,18.41946244199176
21,95,13.531369280859922,18.421014089617
21,96,13.522345300257426,18.414038800595087
21,97,13.514004505378612,18.409791768914875
21,98,13.505253850415206,18.40611956962286
21,99,13.497572004305951,18.399464132721242
21,100,13.489357734091753,18.384341826666642
21,101,13.481779180905157,18.37987994101369
21,102,13.471406472205288,18.374384757772003
21,103,13.463831234470463,18.36751066516651
21,104,13.455658922894767,18.36606018644475
21,105,13.44823836594337,18.363332820731323
21,106,13.44008902487122,18.36184455998104
21,107,13.431342418355625,18.357753453651068
21,108,13.424425459514227,18.356879762916655
21,109,13.41586943906454,18.31711545006597
21,110,13.409854958507104,18.31348768760243
21,111,13.40402414490982,18.311697792116206
21,112,13.397699544591884,18.30747443649241
21,113,13.391877084170142,18.2969043186137
21,114,13.385475850795405,18.29140625857216
21,115,13.379761497980253,18.2893593298174
21,116,13.371448996402044,18.290478039027484
21,117,13.364960959498688,18.28359633366452
21,118,13.360417825735205,18.279199901762173
21,119,13.352196779475848,18.276538987545486
21,120,13.345563903026473,18.277639583041992
21,121,13.33852452806808,18.271911140552763
21,122,13.330687504627159,18.272787750474706
21,123,13.325764748193158,18.268539235618185
21,124,13.318746506607125,18.269170728998738
21,125,13.313916186318862,18.263146026978013
21,126,13.304635663429082,18.257839597823306
21,127,13.298131241560009,18.253149678768455
21,128,13.292243473200623,18.25232322682612
21,129,13.28550145409883,18.25153410839005
21,130,13.279552563815793,18.252658146788573
21,131,13.273718204805563,18.250749351218595
21,132,13.267126631000968,18.247943495156676
21,133,13.262196156438431,18.247146676401012
21,134,13.255400098665474,18.244446076416953
21,135,13.249857614210928,18.246239981016057
21,136,13.245664397143223,18.24381869994655
21,137,13.238736360534094,18.23952995695255
21,138,13.233333276645531,18.24046551790678
21,139,13.22776840649109,18.23624137516585
21,140,13.220047688174514,18.234650993995324
21,141,13.214909893006991,18.234646667093305
21,142,13.207766916794526,18.245778747452476
21,143,13.200289264540503,18.251980739908856
21,144,13.193440682167324,18.249329318569124
21,145,13.188263404083477,18.25904717696452
21,146,13.183538386704678,18.259227352157517
21,147,13.176901146433233,18.25693498832033
21,148,13.172730006903127,18.254205790952664
21,149,13.164780142705762,18.25385415454396
21,150,13.159727789582707,18.251743161631097
21,151,13.15310383294227,18.245116039248842
21,152,13.1489720882923,18.24257044397428
21,153,13.14486339328524,18.238895141729433
21,154,13.13734884505674,18.234131249826785
21,155,13.133700923068155,18.23147257241186
21,156,13.125579627540874,18.22908313611263
21,157,13.118007494589591,18.224889766802985
21,158,13.11209460246627,18.227974281236918
21,159,13.106422833218327,18.229393920114422
21,160,13.100535749538825,18.234677424213174
21,161,13.092713006900228,18.224226292614205
21,162,13.08885347357739,18.224371789069203
21,163,13.085507487849924,18.223592803413617
21,164,13.08110836158751,18.2196101164724
21,165,13.075518846978765,18.230934198924896
21,166,13.072143487344556,18.22989554456263
21,167,13.06660289053897,18.228487192545714
21,168,13.061751677074977,18.22517596457598
21,169,13.057896876834137,18.226322911382347
21,170,13.051859144830118,18.231251484793276
21,171,13.048265345119285,18.23050675269789
21,172,13.042860859603776,18.231551756976902
21,173,13.036948582988614,18.23620137599218
21,174,13.031679768157932,18.231776755418704
21,175,13.023247419978807,18.230057286847046
21,176,13.017659523268556,18.223502090950884
21,177,13.01348089305039,18.22372780335721
21,178,13.005717071438758,18.2256986300892
21,179,12.998705929853568,18.230611214851127
21,180,12.994695742020195,18.22530849005507
21,181,12.989642332420857,18.224525412943265
21,182,12.985150707602486,18.222470687044506
21,183,12.98045622426211,18.22418556727371
21,184,12.977042571269267,18.227165683845087
21,185,12.973467214494915,18.22677283339123
21,186,12.968560239870664,18.22088079464502
21,187,12.964532240934881,18.219881512294677
21,188,12.959615993427647,18.218609322006472
21,189,12.952606792586804,18.220728391975346
21,190,12.947765097175234,18.21588265520707
21,191,12.942690262760895,18.20291299598922
21,192,12.937064763601045,18.200747834806087
21,193,12.9322394497367,18.2023198912733
21,194,12.928336026376558,18.202779490388192
21,195,12.924053935942792,18.201300077063525
21,196,12.919585954608932,18.200430886073853
21,197,12.916091280494134,18.203368581039406
21,198,12.911949536836389,18.206787823602905
21,199,12.907323612110078,18.20098720247301
21,200,12.902299635213947,18.194356716758033
21,201,12.895411458786565,18.19329599696527
21,202,12.889849290205168,18.194611929508287
21,203,12.885391621770673,18.199013993015868
21,204,12.8820991285054,18.20278039929045
21,205,12.876794431301146,18.20341412589334
21,206,12.87263207767191,18.203461411976747
21,207,12.869335641440566,18.20611985078818
21,208,12.865454399343372,18.20957221834207
21,209,12.86059181753465,18.208592529547172
21,210,12.851619955020764,18.21572730939439
21,211,12.847069357101237,18.21739560551275
21,212,12.842771915224963,18.220669223544814
21,213,12.840113971279445,18.21631636511996
21,214,12.83617510403336,18.21596311086467
21,215,12.831750231437304,18.213717115469738
21,216,12.826284316488447,18.215199897350946
21,217,12.823255471401534,18.21223143364766
21,218,12.813701811561508,18.218608869764378
21,219,12.810284203404791,18.2158998124475
21,220,12.80550268464805,18.21845882522359
21,221,12.799503900335871,18.21457641227974
21,222,12.796168547732552,18.21636908577904
21,223,12.793407337971333,18.217852240597
21,224,12.788840852606272,18.211885257364045
21,225,12.785028365959203,18.21751503084262
21,226,12.777836341720922,18.220007602008906
21,227,12.77317687148345,18.220323925108953
21,228,12.768390144970404,18.220541560747996
21,229,12.76541184838533,18.221632810259734
21,230,12.761854505263278,18.217190102003112
21,231,12.758122450061197,18.220782635671053
21,232,12.754677222952287,18.221201616413033
21,233,12.75024048838085,18.223465356032623
21,234,12.743383350633293,18.224961310281657
21,235,12.736862944454387,18.232378031520735
21,236,12.731724354301669,18.234757467931626
21,237,12.727730605191233,18.230530201801393
21,238,12.721720460297034,18.22300483993415
21,239,12.718245685735138,18.220490367358202
21,240,12.713697315431478,18.227284528960528
21,241,12.710536776051011,18.231910301996418
21,242,12.707098701217094,18.23782328292022
21,243,12.702008617073082,18.23637533293168
21,244,12.698704161719272,18.220665250158927
21,245,12.693768647569353,18.221142987445887
21,246,12.690629687880564,18.22063987763072
22,1,19.84425176650668,25.44033960402391
22,2,19.49912258568484,25.09558045912992
22,3,19.17119903071551,24.70697254554526
22,4,18.865897066470584,24.3979985835775
22,5,18.577724396732403,24.105900003277974
22,6,18.307936636114945,23.832396440391275
22,7,18.050048107987248,23.520353351762605
22,8,17.807895832807343,23.264145601562355
22,9,17.58187762990485,22.993162722837774
22,10,17.367560055708857,22.766111586774112
22,11,17.16886447503139,22.566097509418935
22,12,16.980112937048425,22.327533908730985
22,13,16.799794850660057,22.108053858713422
22,14,16.631009070481714,21.89329616657319
22,15,16.475083242616822,21.69579947533277
22,16,16.325936547164257,21.555019290967806
22,17,16.184646138553425,21.396647575340836
22,18,16.051874325256218,21.262183627725282
22,19,15.92680496465256,21.14250163016987
22,20,15.8086606318377,21.01868181417975
22,21,15.699295667793612,20.914482449879113
22,22,15.593650186477582,20.794174093320578
22,23,15.492632505404545,20.692627302302732
22,24,15.399000634842466,20.575043328143984
22,25,15.311616122734682,20.486717492367386
22,26,15.227328143360822,20.386182855453
22,27,15.146527827067706,20.305034654358927
22,28,15.075342385878821,20.206932195537735
22,29,15.003820886196856,20.134992537654565
22,30,14.94062198681987,20.06306966586498
22,31,14.877304750112085,19.985578432142884
22,32,14.821405947235208,19.89700110946346
22,33,14.763122152097218,19.82596510892139
22,34,14.707375332341224,19.77356584560602
22,35,14.656309080711685,19.72073066594285
22,36,14.610017074148297,19.66405691062397
22,37,14.563093467145253,19.58683168694853
22,38,14.519795889054901,19.54103469924094
22,39,14.479357679617177,19.49731481153833
22,40,14.441845640681416,19.448473314600026
22,41,14.402449202158948,19.415451319420576
22,42,14.367773518402629,19.371782636904573
22,43,14.336129544782915,19.331280949187516
22,44,14.303838494089684,19.28898134792117
22,45,14.273870287228968,19.254521330037797
22,46,14.244027563595912,19.219385804426803
22,47,14.216577861264328,19.186527275409293
22,48,14.187355819297956,19.166602092138994
22,49,14.16288640821834,19.135370690013886
22,50,14.139543869832096,19.099633160689333
22,51,14.116926907764242,19.06145498616437
22,52,14.095413233211607,19.029466597394
22,53,14.071476371689213,18.98620712895118
22,54,14.051223984862009,18.959799461379564
22,55,14.032049895439373,18.942629407994957
22,56,14.010103233304141,18.91207783222922
22,57,13.99312697167557,18.887840873858643
22,58,13.973481619250016,18.85838969772459
22,59,13.955983765690657,18.83393163797045
22,60,13.939350499194708,18.809912876610397
22,61,13.92171368858238,18.787242930627613
22,62,13.905439704689853,18.766364598757534
22,63,13.890214942494849,18.746986048763155
22,64,13.876384279867239,18.73400676504425
22,65,13.862441159751075,18.719863490938938
22,66,13.84798990550424,18.70519822826835
22,67,13.834593562356357,18.689605060831656
22,68,13.821318033505852,18.67466691139675
22,69,13.809437287447276,18.65777937310293
22,70,13.794588049251876,18.64184982164597
22,71,13.782999074249638,18.624785270389594
22,72,13.769666852928077,18.615853856037496
22,73,13.756407787883456,18.60394100830914
22,74,13.744426871310372,18.591708342080867
22,75,13.731173008991805,18.579790013194106
22,76,13.718228801124866,18.5718233170837
22,77,13.708060997058821,18.557386703749856
22,78,13.697922790282705,18.553655885091455
22,79,13.68778464819725,18.54370339412493
22,80,13.678317233732615,18.536907786960583
22,81,13.666295761543685,18.523577129405293
22,82,13.65843934304241,18.516219751423883
22,83,13.64592048505346,18.48542040828127
22,84,13.63618082974877,18.475971437008063
22,85,13.627280873288345,18.465909808586762
22,86,13.616561787164038,18.46186422331888
22,87,13.60888664164758,18.458891386790757
22,88,13.59904205542336,18.452838806178576
22,89,13.589791376374848,18.45300616521566
22,90,13.578754645372149,18.45133449566035
22,91,13.56726560372943,18.439135192935773
22,92,13.556827487776005,18.43347761778069
22,93,13.548399634395441,18.42833331591304
22,94,13.53866153943531,18.411473664555977
22,95,13.532030575719512,18.39523550475598
22,96,13.523817059502612,18.391719337983613
22,97,13.516786406513312,18.38149673362648
22,98,13.508946453155152,18.384944079503477
22,99,13.500920220560191,18.390618512497152
22,100,13.491220056688332,18.36123614060588
22,101,13.484175340886491,18.35551405084129
22,102,13.4737692851657,18.343743960345094
22,103,13.46597129791643,18.339704134225926
22,104,13.458328417034826,18.337775848400426
22,105,13.449767818148828,18.34855409328975
22,106,13.44283025334897,18.3457340920152
22,107,13.434188488490655,18.337895332125232
22,108,13.428361887779406,18.331785002409163
22,109,13.419443321018944,18.287800890585526
22,110,13.413350654991541,18.283184294254134
22,111,13.406578673194385,18.27218092086634
22,112,13.398344341115326,18.271374272514112
22,113,13.392989850101017,18.268895816543544
22,114,13.384614998228379,18.270329668933794
22,115,13.377253125689519,18.269496112786108
22,116,13.369848821234065,18.263309128091496
22,117,13.363334663445828,18.257434132963645
22,118,13.357215893368213,18.259025713504304
22,119,13.348360061522266,18.256630844691994
22,120,13.341591836970196,18.258743231897938
22,121,13.33554838137149,18.267715693804885
22,122,13.327890637400532,18.27354383504974
22,123,13.32258968288521,18.271124874976874
22,124,13.315958662020302,18.274061768480873
22,125,13.311058019147573,18.26798199367641
22,126,13.304581203606938,18.271506626895395
22,127,13.298143672743464,18.275474721254533
22,128,13.2910290218379,18.260065162905743
22,129,13.285923596737263,18.254904425738534
22,130,13.279752784960516,18.258281804700356
22,131,13.273602715366279,18.25920803573205
22,132,13.267598195451283,18.25962825858078
22,133,13.26276508525432,18.258176503359316
22,134,13.257328925048077,18.26157217864689
22,135,13.25109770926516,18.25784865004544
22,136,13.245230229966108,18.258489188247747
22,137,13.239508444386905,18.25794287153949
22,138,13.23446213779902,18.25783983470628
22,139,13.227289527902217,18.25587316198937
22,140,13.222743287926791,18.246714263787336
22,141,13.217770914673526,18.24384398703549
22,142,13.211419932756144,18.25491228472697
22,143,13.206027816001995,18.256032945486787
22,144,13.199164723616141,18.23880846527438
22,145,13.19363993230376,18.234242927386287
22,146,13.18885467559994,18.234369047586664
22,147,13.18439562753295,18.236365355469466
22,148,13.180076334526047,18.233859364178944
22,149,13.171448298809976,18.23270369360333
22,150,13.166886198252866,18.229637873244858
22,151,13.15810658687334,18.23094527992773
22,152,13.150619760301936,18.229646419544327
22,153,13.140564925168508,18.231696885676378
22,154,13.133524737165624,18.226427415375532
22,155,13.129843871198426,18.223160951503377
22,156,13.123043715795784,18.230295639242126
22,157,13.11995203634716,18.229954624151265
22,158,13.114636421709822,18.23858472256077
22,159,13.109961593330835,18.23949443891117
22,160,13.105665132240164,18.238057135467482
22,161,13.100487401757482,18.23414369744957
22,162,13.096205226563528,18.24183673024307
22,163,13.09169377716855,18.22608538169995
22,164,13.088007576803887,18.22647915731287
22,165,13.084427827053073,18.227708531629613
22,166,13.080551805966634,18.228300801193356
22,167,13.076611738684827,18.218466449313745
22,168,13.070883504132352,18.214985561720162
22,169,13.067374606520032,18.208548406657176
22,170,13.063535636385065,18.209442145825264
22,171,13.059392428601074,18.208784534030528
22,172,13.05483538969108,18.206872665173897
22,173,13.046816214885357,18.215696787764408
22,174,13.043176215348991,18.218155398648168
22,175,13.039149062265835,18.218847142432487
22,176,13.035294100863553,18.216801291203645
22,177,13.031321187624654,18.21582570714008
22,178,13.026974445873927,18.215033105743224
22,179,13.021825551025405,18.21214494732258
22,180,13.016903320135574,18.199465280394634
22,181,13.012155354896096,18.19793440791089
22,182,13.007663193312355,18.194855726007866
22,183,13.000860279006547,18.194955858608914
22,184,12.995819921176542,18.198580241797394
22,185,12.991931280101392,18.19978737526828
22,186,12.98733020330599,18.196327267038058
22,187,12.98359372202829,18.19793551629507
22,188,12.978976763806633,18.196348043788838
22,189,12.971880665168086,18.19742357517146
22,190,12.963113186997253,18.199127791215563
22,191,12.959205296387372,18.19568924930759
22,192,12.95384056376691,18.19379738006736
22,193,12.94953029878794,18.195317331174046
22,194,12.940669114015664,18.200915398828016
22,195,12.937668279824777,18.200660610515097
22,196,12.93223814795756,18.200737546745682
22,197,12.928333033887,18.201962201211643
22,198,12.923199517087678,18.19075718665215
22,199,12.91797513103393,18.18523088321727
22,200,12.913068735563273,18.177980900921337
22,201,12.90753130059896,18.176053079665927
22,202,12.903945717754691,18.17668169805866
22,203,12.899083753459903,18.17906642794163
22,204,12.893229511600047,18.184923749220726
22,205,12.886469292267945,18.19263012101667
22,206,12.882001162142634,18.196483287417788
22,207,12.874400413001768,18.19785530945513
22,208,12.87090284633785,18.199105083356752
22,209,12.865723190570334,18.197009894286325
22,210,12.861665067602566,18.197279755368868
22,211,12.857794290607808,18.198817112945548
22,212,12.853097940008833,18.204948627665743
22,213,12.849910320200207,18.202927178066165
22,214,12.846019211329423,18.202128920799808
22,215,12.840971792940733,18.199843882677254
22,216,12.837052306072538,18.20533305111503
22,217,12.83241087854972,18.20347662988045
22,218,12.827258241140923,18.206110127114087
22,219,12.824465116851158,18.204746230874562
22,220,12.821449430307483,18.202956615774152
22,221,12.816247172534077,18.205480089638385
22,222,12.810021220746128,18.210865191549193
22,223,12.805746043277228,18.211144595672863
22,224,12.800189124561507,18.211591295650344
22,225,12.797354777080619,18.209889917023503
22,226,12.793804578077092,18.211258071946087
22,227,12.78855386370209,18.20997805153759
22,228,12.786252080719562,18.208896058444576
22,229,12.780823044731264,18.20828751326933
22,230,12.776527941138953,18.202268910862873
22,231,12.773539217470523,18.19918366766659
22,232,12.770506504444528,18.198479958518483
22,233,12.7661809698053,18.200250820171142
22,234,12.763364042291773,18.200366819768192
22,235,12.756635552450964,18.20046929326759
22,236,12.750932482375461,18.207608083790088
22,237,12.748344332365631,18.205472291689944
22,238,12.741809205977459,18.209549516498676
22,239,12.737092505024592,18.213067494478146
22,240,12.732220103772496,18.20498024131577
22,241,12.728548285550781,18.20456681525212
22,242,12.72251193809641,18.203987922567293
22,243,12.718726069145745,18.20645687993957
22,244,12.716870775868719,18.20616426625749
22,245,12.709856621231614,18.208273620170587
22,246,12.70674740292053,18.20966250761813
23,1,19.843110507976093,25.446158475056095
23,2,19.49956624417593,25.097046349019266
23,3,19.172180355917,24.759229832614224
23,4,18.867357275974342,24.44786038190614
23,5,18.578710113845204,24.155385865325623
23,6,18.308968820886996,23.821337631063095
23,7,18.04994452448231,23.501356905018255
23,8,17.806267770954662,23.20058107453469
23,9,17.58088408695706,22.926197904419592
23,10,17.367465528271495,22.661252156305377
23,11,17.162776073607905,22.44059181818167
23,12,16.974257514154804,22.247273069422885
23,13,16.79171027418408,22.0504154191865
23,14,16.618728165331937,21.86283695877849
23,15,16.459727079366523,21.657635277746202
23,16,16.309960960097676,21.475545170182528
23,17,16.169596825613652,21.304028347683946
23,18,16.034294953473754,21.138872350057483
23,19,15.904573275676604,20.99815834909636
23,20,15.786630677398202,20.867221605172002
23,21,15.673877371671157,20.738252533497835
23,22,15.56602256649802,20.635502400788972
23,23,15.464725601415028,20.535975455075008
23,24,15.370366811278158,20.41861041852721
23,25,15.28138203437001,20.303395435225287
23,26,15.195333123784215,20.22074500150363
23,27,15.113525772956063,20.14677156891718
23,28,15.04025758602914,20.050264058001666
23,29,14.965850694134021,19.98327336225873
23,30,14.899250723371457,19.918889057890482
23,31,14.83538898214531,19.844410294613994
23,32,14.777213433499195,19.77478333988976
23,33,14.72158736569018,19.719450282013053
23,34,14.665625832758101,19.66617153784764
23,35,14.615105675884143,19.606693604312234
23,36,14.565507266677333,19.561001504628393
23,37,14.520226743858169,19.51761675875837
23,38,14.476523833777284,19.455472959440556
23,39,14.43631131302964,19.410773265689134
23,40,14.39818732765568,19.359244938551925
23,41,14.361345547253883,19.324911141580074
23,42,14.326370391930153,19.278823989799605
23,43,14.292172382861501,19.236996345190576
23,44,14.258871086291922,19.199873708451737
23,45,14.230344725627887,19.172979692724226
23,46,14.202442080513991,19.13883712243709
23,47,14.175906110697765,19.107473852433962
23,48,14.14763393186493,19.07213530132036
23,49,14.122908196497134,19.041936065730138
23,50,14.097857349510756,19.01306101011014
23,51,14.07658513558906,18.992873025666754
23,52,14.054107487999769,18.963526639877347
23,53,14.030439216330553,18.918172131263358
23,54,14.008464715949382,18.893356065429153
23,55,13.990112575710542,18.86555259511315
23,56,13.971565898621744,18.847421701194996
23,57,13.95437186991389,18.829228594286768
23,58,13.9367557808766,18.807110098672304
23,59,13.91694079080234,18.788554374005404
23,60,13.89915990689445,18.76313622837886
23,61,13.881571662868799,18.739574330595115
23,62,13.864220944589846,18.718992576904203
23,63,13.849711926266458,18.70967774764348
23,64,13.835616848695157,18.69959455119499
23,65,13.820891735165986,18.674335532416087
23,66,13.804966862461727,18.655401616930725
23,67,13.792206658497898,18.639320306860597
23,68,13.777971650613829,18.630395142861325
23,69,13.764470261532326,18.62253782389282
23,70,13.752924980223103,18.610829303834798
23,71,13.739204251861393,18.60442066011491
23,72,13.726076782497529,18.594308495472724
23,73,13.713421179683685,18.582883156759383
23,74,13.700438445204906,18.55054113344671
23,75,13.687682722913703,18.549513036296364
23,76,13.677862996362899,18.540569664033704
23,77,13.667432686411034,18.52644355151136
23,78,13.656526912949321,18.508624043665336
23,79,13.645597270461487,18.497321175493465
23,80,13.634921708052996,18.48991178003638
23,81,13.62573420635217,18.477466528798352
23,82,13.616764017677575,18.470200373641575
23,83,13.608066063936992,18.464177145024998
23,84,13.598028065043332,18.460631779785345
23,85,13.586874759291133,18.452381089232947
23,86,13.576937495097166,18.44737960457829
23,87,13.568339115879072,18.442310255585337
23,88,13.55937062811971,18.438748063054405
23,89,13.549127148763827,18.437021111369333
23,90,13.539861840467228,18.42513733855197
23,91,13.529963673505229,18.421129128108337
23,92,13.519766930060804,18.398879244822588
23,93,13.511363416165333,18.392975901572523
23,94,13.503086137149378,18.379537303028528
23,95,13.493571762765042,18.377625465392505
23,96,13.484921071805458,18.37765984497489
23,97,13.47738680165431,18.376490814054772
23,98,13.470323207231559,18.37213230417991
23,99,13.459784128041338,18.365775411907084
23,100,13.452296452004527,18.357705738281084
23,101,13.446129938776107,18.358853986548844
23,102,13.43575564973594,18.341119927791425
23,103,13.42776269399561,18.33448390828108
23,104,13.420587792618958,18.331497740098605
23,105,13.412291982687046,18.33602533461207
23,106,13.40423437871155,18.338049834212075
23,107,13.395410306520372,18.32969288956514
23,108,13.386981234337918,18.32141764781028
23,109,13.37819733409724,18.297584093404616
23,110,13.372752997050283,18.29348645926377
23,111,13.366710521748372,18.29189485363968
23,112,13.36026701516783,18.28457575492803
23,113,13.354716818654769,18.271933637422112
23,114,13.346936162214718,18.275174584366905
23,115,13.34181407845876,18.273963173702835
23,116,13.335605233884761,18.271100714942303
23,117,13.32851823897178,18.26160981323337
23,118,13.322913403785613,18.255798054212484
23,119,13.317026029812943,18.253668464208978
23,120,13.309978425019905,18.254814757526983
23,121,13.303268712324723,18.255460653531124
23,122,13.295455961260322,18.260053907301096
23,123,13.287949224499533,18.25444682685237
23,124,13.28166089879819,18.254689862922596
23,125,13.274842930040405,18.24462551038351
23,126,13.268124197921052,18.240239873133373
23,127,13.261730976224595,18.243044269763857
23,128,13.254770029327757,18.225644105072874
23,129,13.249008221376714,18.230507643235867
23,130,13.24282538685525,18.23319128635305
23,131,13.236610956580657,18.234023651973438
23,132,13.230325639910443,18.23076657379744
23,133,13.225034506053857,18.227817485820307
23,134,13.219289501814654,18.22265467860881
23,135,13.207568484445618,18.215334418168865
23,136,13.202717959663554,18.21927178250821
23,137,13.197733005706068,18.216634073591223
23,138,13.193464706088019,18.21526960730421
23,139,13.189187273785537,18.209118613946007
23,140,13.184692772002585,18.205423097560693
23,141,13.179680041666064,18.204870776212214
23,142,13.173052642633978,18.20822812708827
23,143,13.166127190389544,18.21524264810861
23,144,13.160004225827961,18.212000830533178
23,145,13.15442521615463,18.21131892504021
23,146,13.14896662409019,18.210130276865574
23,147,13.143228402348727,18.207117583100143
23,148,13.137837186537324,18.200390824244092
23,149,13.129217368824046,18.200625497037645
23,150,13.12414522564564,18.19610717197868
23,151,13.121055944736922,18.198980039856828
23,152,13.11589820650503,18.206869727155354
23,153,13.105673918052943,18.20819309218194
23,154,13.099013832408088,18.203064939478455
23,155,13.08948448383461,18.186320452521866
23,156,13.08256580269928,18.19189204491675
23,157,13.075678495491998,18.19272992574817
23,158,13.068145851397334,18.203712706735928
23,159,13.062796808123727,18.203368763357684
23,160,13.058795299541028,18.203304101510167
23,161,13.052069443022491,18.203985566406693
23,162,13.048026070637718,18.20176665122178
23,163,13.043390329569164,18.18661061863891
23,164,13.038708740435245,18.18487056271392
23,165,13.03542021211569,18.183769240443922
23,166,13.031418412427833,18.18315001016178
23,167,13.028493288706589,18.185159016814076
23,168,13.022466910700084,18.18755369181844
23,169,13.014348929186266,18.177594013753538
23,170,13.009568103735198,18.175587161809954
23,171,13.004352657503176,18.165030813023357
23,172,12.999629660723807,18.17072878020764
23,173,12.994965800149748,18.181622460616687
23,174,12.99096114861368,18.179334345859306
23,175,12.984153815739045,18.187355359121337
23,176,12.979593088772994,18.193156663110145
23,177,12.975848376867676,18.19211677217981
23,178,12.970806402547158,18.189601553744755
23,179,12.965098417133667,18.178437292375534
23,180,12.95939499747118,18.179995817056355
23,181,12.954814648203604,18.181069498346627
23,182,12.948906957490518,18.175374690334138
23,183,12.943535958265747,18.174695354628657
23,184,12.937749796760382,18.173140930428
23,185,12.933016452777528,18.17255430870953
23,186,12.926756964094775,18.170841661113972
23,187,12.923815882471283,18.168450436670984
23,188,12.921061611068895,18.16587996755688
23,189,12.914583365985315,18.165843444845695
23,190,12.906137511181146,18.17873534893288
23,191,12.900193897972565,18.18056358556357
23,192,12.89514149219688,18.17741284603204
23,193,12.891009690976743,18.18250669645376
23,194,12.88707933448672,18.18551620229729
23,195,12.883431334364891,18.18464359875573
23,196,12.87791436395116,18.181981882785163
23,197,12.873756129420698,18.181643961679697
23,198,12.869676218308332,18.18277940716033
23,199,12.864524896557375,18.174616771345313
23,200,12.859698704855413,18.166591944549143
23,201,12.855996712920104,18.16586961259243
23,202,12.851103617390423,18.16986400057087
23,203,12.846881645977954,18.16961880165373
23,204,12.841848201340607,18.17322936485946
23,205,12.836176310500882,18.175300705364208
23,206,12.832666991491479,18.17518266181588
23,207,12.829983399177069,18.16598759790554
23,208,12.824731995528689,18.168185745631302
23,209,12.818747608179242,18.17031308402148
23,210,12.814115885897051,18.168128580367195
23,211,12.810392426225246,18.170575891752797
23,212,12.806427110491299,18.169120082986357
23,213,12.801934943930343,18.17255803742749
23,214,12.798141522483014,18.171556699401034
23,215,12.793570352378413,18.17006421666313
23,216,12.789540673880785,18.170370223909053
24,1,19.84265327182713,25.445873767647086
24,2,19.49933999422159,25.094560226105028
24,3,19.172495244693334,24.69726349506485
24,4,18.86783746960527,24.376006842018867
24,5,18.579536010871315,24.082334904614246
24,6,18.311147656545188,23.752717088938432
24,7,18.053801020560243,23.436135714961548
24,8,17.809884829902668,23.13656177741493
24,9,17.58479010633122,22.864216224965308
24,10,17.364857937426418,22.617259968494636
24,11,17.164605472183798,22.44316222989239
24,12,16.972301198814264,22.241842206632235
24,13,16.790809222279456,22.01991937891479
24,14,16.624626148856844,21.842852740694322
24,15,16.46599174970438,21.64339982587598
24,16,16.313227406543177,21.466289332506573
24,17,16.171586030032692,21.31364390898378
24,18,16.0378153027544,21.147096847795492
24,19,15.908469800463111,21.000539819273552
24,20,15.788314272834677,20.87223442936082
24,21,15.67823964950485,20.760290510269368
24,22,15.571062310100011,20.644708209333636
24,23,15.468354971592118,20.515267168586007
24,24,15.372422067878952,20.373068787286112
24,25,15.283125818903345,20.249350030189564
24,26,15.19931569616735,20.152482314741203
24,27,15.122316309055796,20.044717722610972
24,28,15.044363663297453,19.963596697273854
24,29,14.97218502872038,19.88589592688083
24,30,14.90721738599144,19.82065264537414
24,31,14.843935198675306,19.76156680752577
24,32,14.782020825516815,19.702062333649383
24,33,14.727314310210087,19.632881823081682
24,34,14.672245361954376,19.582340333684805
24,35,14.620772848220703,19.528057591827068
24,36,14.574038237726699,19.475074236003177
24,37,14.529416180429664,19.4393713686966
24,38,14.488593890375203,19.39244607287253
24,39,14.448208583896191,19.327539834347178
24,40,14.408442355612982,19.274761661519726
24,41,14.371308771945165,19.240018949802852
24,42,14.337382055824682,19.197914150342203
24,43,14.304707283683141,19.17072262841174
24,44,14.272630329640165,19.125876073577228
24,45,14.24372803642742,19.090881872637045
24,46,14.213546416006782,19.057711252673347
24,47,14.186904482911245,19.01576301023351
24,48,14.1605939684937,18.979948692624053
24,49,14.137119321289275,18.956498403724602
24,50,14.115475194595886,18.932349375888172
24,51,14.093570259624887,18.89132873629869
24,52,14.07179841907157,18.862272319189895
24,53,14.050214736314606,18.830842942763837
24,54,14.02888623452761,18.80641737641025
24,55,14.00881367028276,18.782038074508197
24,56,13.988726191183362,18.764400396167957
24,57,13.970069901137327,18.739235860689625
24,58,13.95329673210375,18.71519535337267
24,59,13.93603543492318,18.69825451912002
24,60,13.919116796679587,18.68214612016043
24,61,13.901760837463126,18.65715754452504
24,62,13.884976948766074,18.63728312450449
24,63,13.87066016144254,18.629276314339258
24,64,13.857344877646202,18.61245444048204
24,65,13.843789201299249,18.59628684848012
24,66,13.829221477082578,18.57681223006236
24,67,13.815691001929087,18.56065378898566
24,68,13.802721241496858,18.545515540508266
24,69,13.78968591343362,18.521591439081035
24,70,13.778850986623045,18.508889765684785
24,71,13.767095620350867,18.49145031738829
24,72,13.7543932764924,18.48106827411586
24,73,13.742467820214424,18.469454912939735
24,74,13.730350778933603,18.459760405845508
24,75,13.718889757042044,18.459782851091983
24,76,13.708642580890182,18.44483517759206
24,77,13.694778609180899,18.4229611015468
24,78,13.68201580969277,18.412619476442103
24,79,13.670286892002801,18.40591543298384
24,80,13.656840395868771,18.401007702842733
24,81,13.647906845162709,18.39500512977203
24,82,13.637237459157863,18.394519876301636
24,83,13.626424041245857,18.38849143330893
24,84,13.615529931608867,18.385456719563
24,85,13.604821712093443,18.378182604055297
24,86,13.594745045457604,18.366953820237477
24,87,13.585720231645615,18.365986855531087
24,88,13.576712934350606,18.367687100603803
24,89,13.569046899955845,18.362923475603203
24,90,13.559198445964627,18.364468955491702
24,91,13.548046732063547,18.3392056914516
24,92,13.538816866897474,18.314734139530128
24,93,13.531412256925337,18.308275390155885
24,94,13.522902169557861,18.28554310506305
24,95,13.51346118239501,18.281077191091946
24,96,13.504186924944976,18.27925808229346
24,97,13.494729975236421,18.268435666431554
24,98,13.486074382271061,18.270921967056726
24,99,13.479267861993764,18.261450218454566
24,100,13.472873155438064,18.25017208260061
24,101,13.464894903560237,18.247153176570755
24,102,13.455389835878718,18.22459719962663
24,103,13.447971760726668,18.221044081022676
24,104,13.44191653392636,18.215922323717972
24,105,13.434674962756198,18.216544105370517
24,106,13.427471621351321,18.217069309799506
24,107,13.42201550263232,18.216928579347453
24,108,13.41453884901565,18.217183797837865
24,109,13.405597785106599,18.195057392711597
24,110,13.399188771369937,18.18654356446404
24,111,13.394006893317012,18.182695512255272
24,112,13.389344574727312,18.17967216910752
24,113,13.381805908583933,18.173894415641758
24,114,13.373603822408827,18.179812970465424
24,115,13.36515582370825,18.17942686747568
24,116,13.357200170852712,18.159683908142096
24,117,13.351235854163006,18.160371554706725
24,118,13.346766917683617,18.156118553504974
24,119,13.340104718708698,18.15695807797185
24,120,13.331565136756607,18.150282643714185
24,121,13.325225397045642,18.151116886362306
24,122,13.31670162669277,18.15361078269428
24,123,13.310420000326802,18.15754870873743
24,124,13.303969946710565,18.160861682743853
24,125,13.29644378763357,18.153941600328857
24,126,13.290926581224385,18.15030179162192
24,127,13.283667494332738,18.151398618268992
24,128,13.276870050341095,18.148290725784808
24,129,13.269117125864554,18.15185996049532
24,130,13.26456269617062,18.150135008982772
24,131,13.257665253504987,18.150822714698815
24,132,13.250893532647979,18.15220534660251
24,133,13.244701092821463,18.15140496894889
24,134,13.237957707919682,18.141591323753275
24,135,13.226192291616591,18.14913411075344
24,136,13.218993559216685,18.14957802429979
24,137,13.2111587382283,18.14901638360723
24,138,13.205258059623866,18.145438960205627
24,139,13.199386040560363,18.13843949554653
24,140,13.194866755390404,18.13793881150198
24,141,13.188391938834677,18.14345463806625
24,142,13.180087328264241,18.129244395567156
24,143,13.173798377544125,18.128489084940107
24,144,13.169797389750382,18.127479597215313
24,145,13.16348419676211,18.13468463102104
24,146,13.157621113382435,18.13376089639554
24,147,13.15089336888936,18.132303984157673
24,148,13.145449539190492,18.13237615655998
24,149,13.137615135853222,18.12825958277897
24,150,13.133289252114828,18.127255116153922
24,151,13.127896034054602,18.12602000458436
24,152,13.12348983756514,18.124401043491474
24,153,13.117043932956472,18.12930924942911
24,154,13.110674901570755,18.123999214008855
24,155,13.106147994393622,18.119858785614603
24,156,13.100907266851602,18.123235439203448
24,157,13.093937668897762,18.123253810082517
24,158,13.088344081353478,18.120153490723016
24,159,13.082920031903923,18.119787723065745
24,160,13.078294065770256,18.118838960039827
24,161,13.071743824007195,18.10982225104304
24,162,13.066845914912511,18.107017755917507
24,163,13.063270104987739,18.10842534805822
24,164,13.058336346162138,18.107190856749686
24,165,13.053348778646368,18.10727427759756
24,166,13.047803242953293,18.102171009532015
24,167,13.043489478770585,18.102304757002262
24,168,13.03992968392692,18.101671195934433
24,169,13.031040286299875,18.10518423565229
24,170,13.024449029046401,18.108840691860063
24,171,13.019108306805197,18.101980683156743
24,172,13.014198018329525,18.098867918420467
24,173,13.006863079984829,18.10222214097889
24,174,13.00125185383026,18.107581737302503
24,175,12.995082574549091,18.107968921276598
24,176,12.991211350847369,18.10628295089318
24,177,12.985126511377471,18.10730788983011
24,178,12.979606079317183,18.11117927076249
24,179,12.974291653916486,18.10682036757546
24,180,12.967168254982294,18.108745751422084
24,181,12.962409898542376,18.110115395947926
24,182,12.957077318061952,18.10483961261524
24,183,12.950618643937512,18.108249083204353
24,184,12.94593042906826,18.106736836161637
24,185,12.941415882020442,18.10619712738453
24,186,12.936789507003361,18.102600022517958
24,187,12.932206274294497,18.099606230158916
24,188,12.927453615843158,18.100889925530794
24,189,12.922513850419733,18.097716828381458
24,190,12.91278686609996,18.109172089148494
24,191,12.907378000211091,18.10974085429574
24,192,12.902295768791094,18.10478140304622
24,193,12.898535906854699,18.10762754806255
24,194,12.8893240684993,18.11821190608196
24,195,12.884743723132189,18.12093297632461
24,196,12.880126190431158,18.118565816031417
24,197,12.875793954669577,18.11774667959219
24,198,12.87274200001742,18.119116619430095
24,199,12.867483416452217,18.11187418768469
24,200,12.862263129659004,18.10321677371659
24,201,12.859144959584725,18.103393425575344
24,202,12.852655994726737,18.108273355376657
24,203,12.845335124373465,18.11520306513189
24,204,12.840648158141201,18.11834433443599
24,205,12.835835615941432,18.116882008386675
24,206,12.832084697929252,18.11575291882054
24,207,12.828025812617778,18.11981556451102
24,208,12.823863323499491,18.120443174101013
24,209,12.818299232303007,18.12470590582652
24,210,12.811700884707351,18.122981555014082
24,211,12.807639046522473,18.120274604913103
24,212,12.803797896535904,18.119863314006707
24,213,12.798968267927798,18.11835014432805
24,214,12.795208268844187,18.115341235379987
24,215,12.790081208848699,18.111940946606385
24,216,12.785139789597824,18.117108705744748
24,217,12.781341479774543,18.11607510025876
24,218,12.776455787582996,18.107195440596684
24,219,12.772713412838407,18.109811928176974
24,220,12.768659587486054,18.11078181094898
24,221,12.763551982931611,18.095191642394337
24,222,12.760098938635206,18.095562497970676
24,223,12.75556543462841,18.100710426261564
24,224,12.75242127144062,18.102681609516356
24,225,12.748491939572414,18.10964833876288
24,226,12.74465466625899,18.108745790940354
24,227,12.738867448204662,18.107315030427678
24,228,12.735257307974962,18.105628439379206
24,229,12.731554044106284,18.10706991163813
24,230,12.727374766440159,18.10176894781203
24,231,12.723748926594867,18.10301944153289
24,232,12.720719817303015,18.106511406035413
24,233,12.715390514680065,18.110794808627546
24,234,12.711206748780347,18.10818064315689
24,235,12.707480469755115,18.109653359957505
24,236,12.70431778638454,18.107259388664488
24,237,12.700010845610795,18.11021471942194
24,238,12.693749839367262,18.11577905941111
24,239,12.690466962624768,18.11589554472352
24,240,12.687205862991199,18.11594467517551
24,241,12.681879832488011,18.11735017237208
24,242,12.676997326508786,18.120776810751877
24,243,12.672718141363923,18.121162339080772
24,244,12.664873202557217,18.10901717549004
24,245,12.659571660103113,18.114196061560012
24,246,12.656382726386427,18.114490734099295
24,247,12.652577822588876,18.112593562682314
24,248,12.648182042828104,18.114413367546874
24,249,12.644565627045585,18.112864867137954
24,250,12.638487766271577,18.118124862833834
24,251,12.63639362363317,18.12178137171595
24,252,12.633656360841751,18.121665522225694
24,253,12.627281693055066,18.12386976626759
24,254,12.624420121500869,18.125982216824653
24,255,12.620780098722125,18.126027187750168
24,256,12.616061632943092,18.127505527442
24,257,12.612609337332522,18.12795246059303
24,258,12.61043403859115,18.12610123133969
24,259,12.604748135785982,18.126402899216238
24,260,12.598778547863086,18.135421424940805
24,261,12.592513835080691,18.13629263729191
24,262,12.589083790047258,18.137083332899596
24,263,12.585148801672009,18.138471532538848
24,264,12.582039366099195,18.139203158319013
24,265,12.578541801431701,18.136556891117497
24,266,12.572794545335967,18.14401673277305
